"0","ifn_vol<-vol_plot(""IFNb"",""Model: ~ condition+batch+sex+age"")+"
"0","  annotate(""label"", x =c(-5.8,7.8), y = 73, label = c(""1599"",""1669""), "
"0","           col=c(""orange"",""steelblue""))"
"0",""
"0","ifn_comp_logfc<-compare_logfc(ifnb_comp,  ""DEG DES logFC Comparison"")+"
"0","  annotate(""label"", x =c(4.2), y = 0.75, label = c(""101""), col=c(""red""))+"
"0","  annotate(""label"", x =c(4.2), y = 0.62, label = c(""23""), col=c(""steelblue""))"
"0",""
"0","ifn_plots<-ggarrange(ifn_vol,ifn_comp_logfc,ncol=2,"
"0","                         legend=""right"", labels=c(""A"",""B""),"
"0","                         font.label=list(color=""black"",size= text_size))"
"0",""
"0","ifn_mut_loc<-mut_loc_plot(""IFNb"")"
"0","ifn_mut_loc<-ggarrange(ifn_mut_loc, ncol=1,"
"0","                         legend=""right"", labels=c(""C""),"
"0","                         font.label=list(color=""black"",size= text_size))"
"0",""
"0","cb<-gene_tpm_editing(ifnb_comp,""APOBEC3B"", ""APOBEC3B: chr22:38989533:T:C"")"
"0","k<-gene_tpm_editing(ifnb_comp,""LIMK2"", ""LIMK2: chr22:31277021:T:C"")"
"0","c<-gene_tpm_editing(ifnb_comp,""CXCR2"",""CXCR2: chr2:218135891:C:T"")"
"0","genes_plots<-ggarrange(cb,k,c, ncol=3,"
"0","                         legend=""top"", labels=c(""D"",""E"",""F""),common.legend=TRUE,"
"0","                         font.label=list(color=""black"",size= text_size))+"
"0","  theme(plot.margin=margin(0.1,0.1,0.1,1,""cm""),legend.text=element_text(size=text_size))"
"0",""
"0","ifn_plots<-ggarrange(ifn_plots, ifn_mut_loc, genes_plots,nrow=3)"
"0",""
"0","ifn_plots<-annotate_figure(ifn_plots,top=text_grob(""IFNb Stimulated Monocytes Gene Expression"","
"0","                              color = ""black"", face = ""bold"", size =title_size))"
"0",""
"0","ggsave(plot=ifn_plots,filename=""/Users/hyominseo/Desktop/RAJ_RNA_Editing/Discovery/Figure/IFNb_Stimulated_Monocytes_Gene_Expression.jpg"",width = 12, height = 12,dpi = 600)"
