ESid	GENEID	GENENAME	logFC_DEG	DE_Direction_DEG	logFC_DES	DE_Index	Gene Region	Mutation
chr1:11669202:A:G	ENSG00000116663.11	FBXO6	2.909647876720282	UP	0.0704190697836027	A:G_DE	intronic	unknown
chr1:119834225:A:G	ENSG00000215864.6	NBPF7	4.815904096766532	UP	0.3143107397202	A:G_DE	intergenic	unknown
chr1:121367423:T:C	ENSG00000230806.1	SRGAP2-AS1	1.736714960881533	UP	0.249595623280925	A:G_DE	ncRNA	unknown
chr1:145093100:T:C	ENSG00000196369.11	SRGAP2B	2.8156891446395136	UP	0.470472197951364	A:G_DE	UTR5	unknown
chr1:145921978:T:C	ENSG00000211451.12	GNRHR2	-1.451855012555276	DOWN	-0.153143826442256	A:G_DE	ncRNA	unknown
chr1:149054632:A:G	ENSG00000269713.7	NBPF9	1.0419664083992168	UP	0.141743696809919	A:G_DE	UTR3	unknown
chr1:153535366:T:C	ENSG00000197956.10	S100A6	-1.4084698048618791	DOWN	0.0352740278125055	A:G_DE	intronic	unknown
chr1:156156575:G:A	ENSG00000196189.13	SEMA4A	1.7739293313306597	UP	0.129482784637642	C:T_DE	splicing	unknown
chr1:16215726:A:G	ENSG00000142632.17	ARHGEF19	1.0641473451890056	UP	0.227393102882453	A:G_DE	intergenic	unknown
chr1:1772528:A:G	ENSG00000008130.15	NADK	1.9582169005058605	UP	0.125001711601946	A:G_DE	intronic	unknown
chr1:180436596:T:C	ENSG00000230124.8	ACBD6	-1.086007251867866	DOWN	-0.400688438983875	A:G_DE	intronic	unknown
chr1:203179750:C:T	ENSG00000133048.13	CHI3L1	-3.7674057206124454	DOWN	-0.107023425034899	C:T_DE	intronic	unknown
chr1:20649499:A:G	ENSG00000117242.7	PINK1-AS	-1.0622392753880112	DOWN	-0.299815903395439	A:G_DE	ncRNA	unknown
chr1:212590041:T:C	ENSG00000162772.17	ATF3	3.7808752170994047	UP	-0.244263849406053	A:G_DE	intronic	unknown
chr1:236144294:A:G	ENSG00000077585.14	GPR137B	1.3613016382425864	UP	0.10334543014255	A:G_DE	intronic	unknown
chr1:26280764:G:A	ENSG00000142669.15	SH3BGRL3	-1.4423560272011178	DOWN	0.0412196694864636	C:T_DE	splicing	unknown
chr1:26282338:C:T	ENSG00000158062.20	UBXN11	-2.4938032265995123	DOWN	-0.546986878006604	C:T_DE	exonic	synonymous SNV
chr1:27874244:A:G	ENSG00000130775.16	THEMIS2	1.4105831068314476	UP	0.219891353432478	A:G_DE	intronic	unknown
chr1:28498819:A:G	ENSG00000204138.13	PHACTR4	2.20998548038868	UP	0.114238480834924	A:G_DE	UTR3	unknown
chr1:52823190:A:G	ENSG00000162378.13	ZYG11B	-1.6222751815869556	DOWN	-0.137004994023432	A:G_DE	UTR3	unknown
chr1:78659496:C:T	ENSG00000137965.11	IFI44	4.192964987668845	UP	0.0803281168950226	C:T_DE	intronic	unknown
chr1:88982037:C:T	ENSG00000213516.10	RBMXL1	1.0379221714681366	UP	-0.112534134742432	C:T_DE	UTR3	unknown
chr1:89010942:G:A	ENSG00000117226.12	GBP3	4.029361132029025	UP	0.121265392426066	C:T_DE	exonic	nonsynonymous SNV
chr1:89103571:T:C	ENSG00000162645.13	GBP2	2.37810134616378	UP	-0.194408217358718	A:G_DE	intergenic	unknown
chr1:89420247:A:G	ENSG00000225492.6	GBP1P1	7.373085896625722	UP	-0.195810792960917	A:G_DE	ncRNA	unknown
chr10:73248973:T:C	ENSG00000227540.1	DNAJC9-AS1	-1.0212831225647971	DOWN	0.0965143639892418	A:G_DE	ncRNA	unknown
chr10:89383427:G:A	ENSG00000204010.3	IFIT1B	3.2413820453256608	UP	0.710953136509248	C:T_DE	exonic	synonymous SNV
chr10:91806147:T:C	ENSG00000107854.6	TNKS2	1.1016116442718011	UP	-0.279721694189462	A:G_DE	intronic	unknown
chr10:92216484:A:G	ENSG00000107864.15	CPEB3	2.2930570942016875	UP	-0.388965626528918	A:G_DE	intronic	unknown
chr10:96709540:A:G	ENSG00000155629.15	PIK3AP1	1.2084918858752538	UP	0.242299822204366	A:G_DE	intronic	unknown
chr11:107967317:A:G	ENSG00000179331.3	RAB39A	2.573840027178671	UP	0.124164591773052	A:G_DE	intergenic	unknown
chr11:57549118:T:C	ENSG00000214872.8	SMTNL1	2.779077304447481	UP	0.280898930091076	A:G_DE	intronic	unknown
chr11:57565441:A:G	ENSG00000156587.16	UBE2L6	3.2168834100539967	UP	0.282466457910399	A:G_DE	intronic	unknown
chr11:63536832:A:G	ENSG00000133321.11	PLAAT4	2.972013562055917	UP	0.430475670107026	A:G_DE	UTR5	unknown
chr11:66520807:T:C	ENSG00000174483.20	BBS1	-1.983463431300838	DOWN	-0.106823902197383	A:G_DE	intronic	unknown
chr11:6713976:A:G	ENSG00000254838.5	GVINP1	1.743584919226581	UP	0.178468624518578	A:G_DE	ncRNA	unknown
chr11:67999163:A:G	ENSG00000110057.8	UNC93B1	1.567800748986663	UP	0.32064177243605	A:G_DE	intronic	unknown
chr11:74482514:C:T	ENSG00000175536.7	LIPT2	-1.6405795577884008	DOWN	-0.367232147185404	C:T_DE	intergenic	unknown
chr12:100627498:A:G	ENSG00000139354.11	GAS2L3	-1.2225198437147524	DOWN	-0.0976017827570065	A:G_DE	UTR3	unknown
chr12:112125550:G:A	ENSG00000135148.12	TRAFD1	2.8398702835317535	UP	0.285231164531753	C:T_DE	UTR5	unknown
chr12:113401208:G:A	ENSG00000135094.11	SDS	3.371769049965652	UP	0.409442144935168	C:T_DE	intronic	unknown
chr12:121418822:A:G	ENSG00000170633.16	RNF34	1.29222151829485	UP	0.166046372394021	A:G_DE	intronic	unknown
chr12:24816887:A:G	ENSG00000060982.15	BCAT1	-1.3549490267317836	DOWN	0.0890749117467239	A:G_DE	UTR3	unknown
chr12:56155087:G:A	ENSG00000196465.10	MYL6B	-1.5074325292333866	DOWN	0.259141576638734	C:T_DE	exonic	nonsynonymous SNV
chr12:56346817:T:C	ENSG00000170581.14	STAT2	2.155429616299949	UP	0.0968686385574118	A:G_DE	splicing	unknown
chr12:75496244:T:C	ENSG00000111615.14	KRR1	-1.5351440047647562	DOWN	-0.199525517751343	A:G_DE	UTR3	unknown
chr12:9240016:G:A	ENSG00000237248.5	LINC00987	1.3123908659126056	UP	-0.427387986446792	C:T_DE	ncRNA	unknown
chr12:96029054:G:A	ENSG00000111144.10	LTA4H	-3.809051263639515	DOWN	-0.691967151853953	C:T_DE	splicing	unknown
chr12:9688484:A:G	ENSG00000069493.15	CLEC2D	2.841711768395061	UP	0.0944895300975045	A:G_DE	intronic	unknown
chr13:100150636:A:G	ENSG00000175198.17	PCCA	-1.425741369561967	DOWN	-0.316629670210297	A:G_DE	intronic	unknown
chr14:22875246:G:A	ENSG00000197324.9	LRP10	1.257486042431552	UP	0.317320564903793	C:T_DE	splicing	unknown
chr14:34790581:A:G	ENSG00000198604.11	BAZ1A	1.5604973306994343	UP	0.0953454457131726	A:G_DE	intronic	unknown
chr14:52643014:A:G	ENSG00000197930.13	ERO1A	1.268609972225292	UP	0.37193761118137	A:G_DE	UTR3	unknown
chr14:76767151:A:G	ENSG00000071246.11	VASH1	-2.2961424255764933	DOWN	-0.152784590249084	A:G_DE	intronic	unknown
chr14:90766853:T:C	ENSG00000165914.15	TTC7B	2.3832303736970166	UP	-0.259744046573985	A:G_DE	intronic	unknown
chr14:92705336:A:G	ENSG00000100600.15	LGMN	1.0658148401229004	UP	0.147127465838054	A:G_DE	intronic	unknown
chr15:20462954:C:T	ENSG00000180229.12	HERC2P3	-1.0336835856980409	DOWN	-0.232466210934127	C:T_DE	ncRNA	unknown
chr15:41298780:A:G	ENSG00000247556.6	OIP5-AS1	-1.5315117784216474	DOWN	0.104053368647067	A:G_DE	ncRNA	unknown
chr15:45473776:T:C	ENSG00000104154.7	SLC30A4	1.3591396766549968	UP	0.16035998075936	A:G_DE	intergenic	unknown
chr15:45512872:A:G	ENSG00000179362.14	HMGN2P46	1.3322212983321908	UP	0.0756322883222442	A:G_DE	ncRNA	unknown
chr15:45663202:A:G	ENSG00000137767.14	SQOR	1.9668667681643528	UP	0.195940950762996	A:G_DE	intronic	unknown
chr15:51724789:G:A	ENSG00000140280.14	LYSMD2	2.0623935020035433	UP	0.628006839159929	C:T_DE	splicing	unknown
chr15:73975109:T:C	ENSG00000067221.14	STOML1	1.7169214284733132	UP	0.39264954778521	A:G_DE	intergenic	unknown
chr15:80779365:G:A	ENSG00000103888.17	CEMIP	4.605993148779431	UP	0.1317401528414	C:T_DE	intergenic	unknown
chr15:89201633:T:C	ENSG00000140526.18	ABHD2	-2.4046951475115343	DOWN	0.520753046947233	A:G_DE	UTR3	unknown
chr15:99694532:A:G	ENSG00000068305.17	MEF2A	1.329597405689266	UP	0.190976343341542	A:G_DE	intronic	unknown
chr16:20856196:A:G	ENSG00000188215.10	DCUN1D3	1.2369978953850584	UP	0.163900815598384	A:G_DE	UTR3	unknown
chr16:22285539:A:G	ENSG00000103319.12	EEF2K	-2.8412661907441437	DOWN	-0.216054704305306	A:G_DE	UTR3	unknown
chr16:28499925:C:T	ENSG00000197272.2	IL27	7.221528223744399	UP	0.680742210734199	C:T_DE	intronic	unknown
chr16:48605170:A:G	ENSG00000102921.8	N4BP1	1.8659621425337904	UP	0.0847164895071077	A:G_DE	intronic	unknown
chr16:57783728:A:G	ENSG00000140859.16	KIFC3	-2.9493273272486205	DOWN	-0.196339738185363	A:G_DE	intronic	unknown
chr16:67995771:A:G	ENSG00000167261.14	DPEP2	-2.54113357198792	DOWN	-0.422128616566971	A:G_DE	intronic	unknown
chr16:75445426:A:G	ENSG00000166822.13	TMEM170A	1.0736867643757455	UP	0.102303141912259	A:G_DE	UTR3	unknown
chr16:88862542:A:G	ENSG00000167515.10	TRAPPC2L	-1.1337238623837067	DOWN	-0.0711510645012125	A:G_DE	UTR3	unknown
chr16:89687638:A:G	ENSG00000185324.22	CDK10	-1.226035092621112	DOWN	-0.277711029417958	A:G_DE	intronic	unknown
chr17:15704748:T:C	ENSG00000187607.16	ZNF286A	-1.0378682912191477	DOWN	0.363100416815673	A:G_DE	intronic	unknown
chr17:2417215:A:G	ENSG00000127804.13	METTL16	-1.4259869438551749	DOWN	-0.250967310514713	A:G_DE	UTR3	unknown
chr17:27640569:T:C	ENSG00000168961.17	LGALS9	1.46744031886263	UP	0.103517446045805	A:G_DE	intronic	unknown
chr17:30934762:A:G	ENSG00000184060.11	ADAP2	1.4037434438211762	UP	0.163012105568271	A:G_DE	intronic	unknown
chr17:31534285:A:G	ENSG00000131242.18	RAB11FIP4	-1.2042582559678232	DOWN	-0.259605912642039	A:G_DE	UTR3	unknown
chr17:35878651:T:C	ENSG00000271503.6	CCL5	2.1392517460582336	UP	0.497196372404592	A:G_DE	intronic	unknown
chr17:4234651:A:G	ENSG00000185722.18	ANKFY1	1.310559575775671	UP	0.125920338626743	A:G_DE	intronic	unknown
chr17:43218068:A:G	ENSG00000184988.8	TMEM106A	2.032455615842579	UP	0.0747210255959065	A:G_DE	UTR3	unknown
chr17:44320618:A:G	ENSG00000013306.16	SLC25A39	-1.1293979038871482	DOWN	-0.490314477601992	A:G_DE	intronic	unknown
chr17:50641864:A:G	ENSG00000108846.16	ABCC3	-2.2659434358937327	DOWN	-0.137142206880027	A:G_DE	intronic	unknown
chr17:56825090:A:G	ENSG00000214226.9	C17orf67	2.401486880037068	UP	0.182415466553274	A:G_DE	UTR5	unknown
chr17:64322237:A:G	ENSG00000261371.6	PECAM1	-1.703329969596486	DOWN	-0.358922044590347	A:G_DE	UTR3	unknown
chr17:7220834:A:G	ENSG00000072778.20	ACADVL	-1.1985868835407498	DOWN	-0.0777420966387536	A:G_DE	intronic	unknown
chr17:74244363:A:G	ENSG00000141540.11	TTYH2	1.4968984213288117	UP	0.464461847804312	A:G_DE	intronic	unknown
chr17:74530932:A:G	ENSG00000178789.9	CD300LB	-2.667684757441915	DOWN	-0.103767438847519	A:G_DE	intronic	unknown
chr17:75889193:A:G	ENSG00000141569.12	TRIM65	-1.149349525177531	DOWN	0.116629845213746	A:G_DE	UTR3	unknown
chr17:80265788:A:G	ENSG00000173821.19	RNF213	2.2893649936121037	UP	0.103158081298598	A:G_DE	intronic	unknown
chr18:32068979:A:G	ENSG00000101695.9	RNF125	-2.5280976907383756	DOWN	-0.257011405347908	A:G_DE	UTR3	unknown
chr19:12080975:A:G	ENSG00000223547.10	ZNF844	1.6006813910679416	UP	0.112114084920478	A:G_DE	UTR3	unknown
chr19:17413467:A:G	ENSG00000282851.2	BISPR	1.9163830801411728	UP	0.0852381763595705	A:G_DE	ncRNA	unknown
chr19:17580685:A:G	ENSG00000130309.11	COLGALT1	-2.6571983476603473	DOWN	-0.185841096564841	A:G_DE	intronic	unknown
chr19:19682971:A:G	ENSG00000181896.12	ZNF101	1.3639679152268087	UP	0.149910070581412	A:G_DE	UTR3	unknown
chr19:2291978:T:C	ENSG00000220008.3	LINGO3	-1.7672459217950447	DOWN	-0.106359630729584	A:G_DE	intronic	unknown
chr19:41193231:C:T	ENSG00000167600.14	CYP2S1	-1.3795695242062644	DOWN	-0.0587852572775858	C:T_DE	UTR5	unknown
chr19:42097638:A:G	ENSG00000028277.21	POU2F2	-1.4901622979655238	DOWN	-0.295123618248359	A:G_DE	intronic	unknown
chr19:44663854:A:G	ENSG00000073008.15	PVR	-1.24855382062076	DOWN	-0.259079790311638	A:G_DE	UTR3	unknown
chr19:45003216:A:G	ENSG00000104856.14	RELB	1.291243191955335	UP	0.0533372582268092	A:G_DE	intronic	unknown
chr19:48083726:A:G	ENSG00000105499.14	PLA2G4C	1.5629960241524024	UP	0.206088574958069	A:G_DE	intronic	unknown
chr19:51815678:A:G	ENSG00000187474.5	FPR3	1.106403138313015	UP	0.0595521713825075	A:G_DE	intronic	unknown
chr19:54219765:C:T	ENSG00000204577.11	LILRB3	1.2470275683929073	UP	0.0568966959539465	C:T_DE	intronic	unknown
chr19:54237215:A:G	ENSG00000244482.10	LILRA6	1.4133224657162435	UP	0.193132325199134	A:G_DE	intergenic	unknown
chr19:54875368:A:G	ENSG00000186431.19	FCAR	-1.9133264301530757	DOWN	-0.208861112552334	A:G_DE	intronic	unknown
chr19:6905090:A:G	ENSG00000174837.15	ADGRE1	1.3215050980799543	UP	0.221257077415959	A:G_DE	intronic	unknown
chr19:6951115:A:G	ENSG00000268758.7	ADGRE4P	-3.764225322254984	DOWN	-0.27907064237827	A:G_DE	intergenic	unknown
chr19:8492349:A:G	ENSG00000133246.12	PRAM1	-3.0529922811619525	DOWN	-0.246368064886567	A:G_DE	intronic	unknown
chr2:169811048:A:G	ENSG00000138385.16	SSB	2.030976592931765	UP	0.186296566984062	A:G_DE	intronic	unknown
chr2:200388451:A:G	ENSG00000196141.14	SPATS2L	3.413047691435496	UP	0.455771531101051	A:G_DE	intronic	unknown
chr2:201150081:T:C	ENSG00000226312.7	CFLAR-AS1	1.321380437359789	UP	0.23766472672399	A:G_DE	ncRNA	unknown
chr2:215943585:A:G	ENSG00000118242.16	MREG	-1.0027368887966377	DOWN	0.205231313338952	A:G_DE	UTR3	unknown
chr2:218135791:T:C	ENSG00000180871.8	CXCR2	-2.2467097032911965	DOWN	0.405490437710797	A:G_DE	exonic	synonymous SNV
chr2:230477812:A:G	ENSG00000067066.17	SP100	1.8345609815243311	UP	0.101497803616543	A:G_DE	intronic	unknown
chr2:38699616:A:G	ENSG00000143891.17	GALM	2.0586620498563932	UP	0.282776975632698	A:G_DE	intronic	unknown
chr2:55693846:G:A	ENSG00000138035.15	PNPT1	2.810115834219064	UP	0.348357699815841	C:T_DE	intergenic	unknown
chr2:68394178:T:C	ENSG00000115956.10	PLEK	1.1964510792917264	UP	0.107445048577537	A:G_DE	splicing	unknown
chr2:69751365:A:G	ENSG00000196975.16	ANXA4	1.5182971723821748	UP	0.0975141200961368	A:G_DE	intronic	unknown
chr2:84915969:T:C	ENSG00000034510.6	TMSB10	1.2080347970510268	UP	-0.164623083115444	A:G_DE	intergenic	unknown
chr2:85856686:A:G	ENSG00000115525.18	ST3GAL5	2.0382689939489964	UP	0.203039457206584	A:G_DE	intronic	unknown
chr20:35031495:A:G	ENSG00000100991.12	TRPC4AP	1.1257714499119826	UP	0.113640980583683	A:G_DE	intronic	unknown
chr20:46011750:A:G	ENSG00000100985.7	MMP9	-2.9449712555936127	DOWN	-0.278224154401609	A:G_DE	intronic	unknown
chr20:49275629:A:G	ENSG00000124201.15	ZNFX1	2.650036489295452	UP	0.144171711941489	A:G_DE	intronic	unknown
chr20:49710557:A:G	ENSG00000158470.5	B4GALT5	1.9061582994563913	UP	0.15566566429874	A:G_DE	intronic	unknown
chr21:44910787:A:G	ENSG00000160255.18	ITGB2	-2.1987653304914714	DOWN	-0.693137781358165	A:G_DE	splicing	unknown
chr22:19793013:G:A	ENSG00000185838.14	GNB1L	-1.3173272828680227	DOWN	-0.258494599437467	C:T_DE	intronic	unknown
chr22:20572663:A:G	ENSG00000099917.17	MED15	1.0279999854502768	UP	0.361096752127734	A:G_DE	intronic	unknown
chr22:24573054:A:G	ENSG00000100028.12	SNRPD3	-1.2105251990408965	DOWN	-0.108006703306871	A:G_DE	UTR3	unknown
chr22:32394003:G:A	ENSG00000100220.12	RTCB	2.715923407209032	UP	0.57909193347043	C:T_DE	splicing	unknown
chr22:36160062:A:G	ENSG00000128284.19	APOL3	3.2829992275217403	UP	0.121329845754954	A:G_DE	intronic	unknown
chr22:38989533:T:C	ENSG00000179750.16	APOBEC3B	5.053170434934919	UP	0.572527772747824	A:G_DE	exonic	synonymous SNV
chr22:39018767:A:G	ENSG00000244509.4	APOBEC3C	1.4648520018040077	UP	0.128217647097857	A:G_DE	UTR3	unknown
chr22:39043093:A:G	ENSG00000128394.17	APOBEC3F	3.1686101622209337	UP	0.105858585869127	A:G_DE	intronic	unknown
chr22:39079447:A:G	ENSG00000239713.9	APOBEC3G	3.14051372856933	UP	0.212884047718358	A:G_DE	intronic	unknown
chr22:39313632:T:C	ENSG00000100316.16	RPL3	-1.0819926394479915	DOWN	-0.162240295654704	A:G_DE	splicing	unknown
chr22:41599256:A:G	ENSG00000100418.8	DESI1	2.123227713428143	UP	0.0746076394473621	A:G_DE	UTR3	unknown
chr22:50207296:A:G	ENSG00000073169.14	SELENOO	1.766138773686206	UP	0.0941432367495174	A:G_DE	intronic	unknown
chr3:119531936:A:G	ENSG00000121594.12	CD80	5.464722325903787	UP	0.305537731229386	A:G_DE	intronic	unknown
chr3:122570880:A:G	ENSG00000163840.10	DTX3L	2.530453112204265	UP	0.153673015647444	A:G_DE	intronic	unknown
chr3:122614869:A:G	ENSG00000173200.13	PARP15	4.28092508609302	UP	0.275178653665538	A:G_DE	intronic	unknown
chr3:122702905:A:G	ENSG00000173193.15	PARP14	2.566562506899119	UP	0.0973856209049505	A:G_DE	intronic	unknown
chr3:142184753:A:G	ENSG00000175066.16	GK5	-1.2325679954816025	DOWN	-0.145824252376422	A:G_DE	intronic	unknown
chr3:146519255:A:G	ENSG00000188313.13	PLSCR1	2.869426342123295	UP	0.326444692450983	A:G_DE	intronic	unknown
chr3:172510943:C:T	ENSG00000121858.11	TNFSF10	6.299017591676599	UP	0.174373848491677	C:T_DE	intronic	unknown
chr3:172603131:A:G	ENSG00000223387.6	LINC02068	4.465309732193168	UP	0.320865570897965	A:G_DE	intergenic	unknown
chr3:185969375:A:G	ENSG00000171658.8	NMRAL2P	2.2482998361738593	UP	0.129482900995163	A:G_DE	ncRNA	unknown
chr3:197725622:A:G	ENSG00000145016.16	RUBCN	2.219980024875525	UP	0.154071358465184	A:G_DE	intronic	unknown
chr3:47664082:A:G	ENSG00000173473.11	SMARCC1	-1.0589139088432804	DOWN	-0.403306166464632	A:G_DE	intronic	unknown
chr3:48749558:A:G	ENSG00000114302.16	PRKAR2A	-1.4349682721300048	DOWN	-0.393383106929465	A:G_DE	UTR3	unknown
chr3:52522941:G:A	ENSG00000010327.10	STAB1	-1.6329166154415125	DOWN	-0.350502880911422	C:T_DE	splicing	unknown
chr3:54624404:T:C	ENSG00000157445.15	CACNA2D3	-1.990369306189927	DOWN	0.855131793253711	A:G_DE	intronic	unknown
chr3:94076765:A:G	ENSG00000178694.10	NSUN3	1.3813427953552548	UP	-0.359760891486915	A:G_DE	intronic	unknown
chr4:15723455:A:G	ENSG00000109743.11	BST1	-1.8081034113260903	DOWN	-0.16193165647671	A:G_DE	intronic	unknown
chr4:184396934:A:G	ENSG00000168310.11	IRF2	2.0767168926732316	UP	0.247268150064331	A:G_DE	intronic	unknown
chr4:88459476:G:A	ENSG00000138646.9	HERC5	4.548697536319463	UP	0.483707278785704	C:T_DE	intronic	unknown
chr5:115513124:T:C	ENSG00000145780.8	FEM1C	1.571236555030734	UP	-0.351130262271391	A:G_DE	intergenic	unknown
chr5:157090237:A:G	ENSG00000135077.9	HAVCR2	1.7109853419210077	UP	0.269170755197167	A:G_DE	intronic	unknown
chr5:177514840:C:T	ENSG00000183258.12	DDX41	-1.1101004947904225	DOWN	-0.272684440213427	C:T_DE	intronic	unknown
chr5:83514659:A:G	ENSG00000038427.16	VCAN	-3.584338872540417	DOWN	-0.169042213402299	A:G_DE	intronic	unknown
chr5:95822666:C:T	ENSG00000173221.14	GLRX	1.0853849430961282	UP	0.384787516271642	C:T_DE	UTR5	unknown
chr6:125928250:A:G	ENSG00000111912.20	NCOA7	3.572197119925055	UP	0.294167790773823	A:G_DE	intronic	unknown
chr6:14121360:A:G	ENSG00000112149.10	CD83	1.88393406126546	UP	0.16272699380911201	A:G_DE	intronic	unknown
chr6:18128884:A:G	ENSG00000137364.5	TPMT	1.076504373241031	UP	0.135757277304377	A:G_DE	UTR3	unknown
chr6:25965541:A:G	ENSG00000112343.11	TRIM38	1.8950795177499535	UP	0.155350754142575	A:G_DE	intronic	unknown
chr6:29888085:A:G	ENSG00000206341.7	HLA-H	2.365282765188655	UP	0.176007297229752	A:G_DE	ncRNA	unknown
chr6:30199775:A:G	ENSG00000234127.9	TRIM26	1.846015341148884	UP	0.135553959663345	A:G_DE	intronic	unknown
chr6:30260395:A:G	ENSG00000243753.5	HLA-L	1.361840925724186	UP	0.211597598538375	A:G_DE	ncRNA	unknown
chr6:30490230:G:A	ENSG00000204592.9	HLA-E	1.7283185853663954	UP	0.072761023259212	C:T_DE	intronic	unknown
chr6:31616809:C:T	ENSG00000204472.13	AIF1	-1.335951076507956	DOWN	-0.284287172658256	C:T_DE	intronic	unknown
chr6:32858137:G:A	ENSG00000240065.8	PSMB9	2.3938968355838472	UP	0.112837161388055	C:T_DE	intronic	unknown
chr6:37032732:T:C	ENSG00000146192.15	FGD2	3.5982922559059376	UP	0.119089424274527	A:G_DE	intergenic	unknown
chr6:73593820:A:G	ENSG00000119899.13	SLC17A5	1.8841042761903928	UP	0.252595040384448	A:G_DE	UTR3	unknown
chr7:100373724:A:G	ENSG00000085514.16	PILRA	1.4969512059112131	UP	-0.0780381438957136	A:G_DE	intronic	unknown
chr7:141946976:A:G	ENSG00000258227.7	CLEC5A	-4.6744923135761525	DOWN	-0.171605815242621	A:G_DE	intergenic	unknown
chr7:150514859:A:G	ENSG00000179144.5	GIMAP7	1.535534052495619	UP	0.125230589696359	A:G_DE	intergenic	unknown
chr7:32885155:A:G	ENSG00000170852.11	KBTBD2	1.2618050737680564	UP	0.112895115725567	A:G_DE	intronic	unknown
chr7:43792822:C:T	ENSG00000106605.11	BLVRA	1.9839338377544944	UP	0.468951151828223	C:T_DE	intronic	unknown
chr7:56011710:T:C	ENSG00000146733.14	PSPH	-1.1054455887262369	DOWN	-0.104677248366793	A:G_DE	UTR3	unknown
chr7:74110087:A:G	ENSG00000106683.15	LIMK1	-1.4078315167275652	DOWN	-0.130792062538397	A:G_DE	intronic	unknown
chr7:74217222:A:G	ENSG00000086730.17	LAT2	-1.815693322538102	DOWN	0.0920631521557392	A:G_DE	intronic	unknown
chr7:75159350:A:G	ENSG00000165178.9	NCF1C	2.221439581001257	UP	0.169569238346075	A:G_DE	ncRNA	unknown
chr7:75570268:T:C	ENSG00000127946.17	HIP1	-1.6948831135900675	DOWN	-0.643845724681363	A:G_DE	intronic	unknown
chr7:75879008:A:G	ENSG00000005486.17	RHBDD2	-1.547272635702272	DOWN	-0.186756257589065	A:G_DE	UTR5	unknown
chr8:16108146:A:G	ENSG00000038945.15	MSR1	4.094601707557203	UP	0.279996901059415	A:G_DE	UTR3	unknown
chr8:21995564:T:C	ENSG00000130227.17	XPO7	-1.0860146837383111	DOWN	-0.0792924774947145	A:G_DE	exonic	synonymous SNV
chr8:38970748:A:G	ENSG00000169499.15	PLEKHA2	1.0536407919785165	UP	0.13796800111137	A:G_DE	UTR3	unknown
chr8:55891232:A:G	ENSG00000254087.8	LYN	1.7161113848604057	UP	0.162767094454948	A:G_DE	intronic	unknown
chr8:89780074:G:A	ENSG00000104312.8	RIPK2	2.905623806643319	UP	0.220981514080976	C:T_DE	splicing	unknown
chr8:96506757:A:G	ENSG00000169439.12	SDC2	-2.1505726197686093	DOWN	-0.0840042042807411	A:G_DE	intronic	unknown
chr9:110246029:A:G	ENSG00000136810.13	TXN	2.3584518620062105	UP	0.0877518127717701	A:G_DE	intronic	unknown
chr9:112880117:T:C	ENSG00000119457.8	SLC46A2	-3.0522453624053982	DOWN	-0.177265215884184	A:G_DE	intronic	unknown
chr9:125596734:T:C	ENSG00000119487.17	MAPKAP1	-1.129349960926135	DOWN	-0.493121278506444	A:G_DE	intronic	unknown
chr9:133159099:A:G	ENSG00000148288.13	GBGT1	-1.3467998302039987	DOWN	-0.162319113501994	A:G_DE	intronic	unknown
chr9:134906134:A:G	ENSG00000085265.11	FCN1	-1.0114498808635226	DOWN	-0.124060870936607	A:G_DE	UTR3	unknown
chr9:15167329:A:G	ENSG00000155158.20	TTC39B	2.8178939118600375	UP	0.114288113080455	A:G_DE	UTR3	unknown
chr9:19125559:A:G	ENSG00000147872.10	PLIN2	-1.1394939798049195	DOWN	0.10667020173733	A:G_DE	intronic	unknown
chr9:32573165:C:T	ENSG00000165264.11	NDUFB6	-1.2374577680978958	DOWN	-0.151205556460212	C:T_DE	UTR5	unknown
chr9:98117435:A:G	ENSG00000106785.15	TRIM14	1.9088757160145196	UP	0.205545219806669	A:G_DE	intronic	unknown
chr9:98217784:A:G	ENSG00000095383.20	TBC1D2	1.122002774413058	UP	0.117329248473159	A:G_DE	intronic	unknown
chrX:119750918:T:C	ENSG00000187808.5	SOWAHD	-1.9046525294051384	DOWN	-0.237514053265818	A:G_DE	intergenic	unknown
