Gene	Alleles_reported_Pathogenic_Likely_pathogenic	Mean	AAsub	aa_change	ESid	Symbol	GeneID	Total_submissions	Total_alleles	Submissions_reporting_this_gene	Gene_MIM_number	Number_uncertain	Number_with_conflicts	original_aa_class	new_aa_class	novelty	Editing_Index
ARSB	253	0.21152186661069816	S94L	sig	chr5:78984968:C:T	ARSB	411	1422	944	1407	611542	267	44	polar uncharged	hydrophilic	novel	C:T
ASXL1	119	0.2588298570116752	A560T	sig	chr20:32434573:G:A	ASXL1	171023	1400	990	1372	612990	397	45	hydrophilic	polar uncharged	novel	G:A
ATXN2	4	0.12083235084912151	S265L	sig	chr12:111516348:C:T	ATXN2	6311	153	131	141	601517	80	3	polar uncharged	hydrophilic	novel	C:T
BAX	3	0.2438746954602243	R82G	sig	chr19:48960918:A:G	BAX	581	31	30	21	600040	14	0	basic	hydrophilic	novel	A:G
CDK13	64	0.6788743297686544	Q103R	sig	chr7:39950949:A:G	CDK13	8621	1001	798	961	603309	353	23	polar uncharged	basic	known	A:G
GLUD2	1	0.8418732782369146	R300G	sig	chrX:121048582:A:G	GLUD2	2747	207	197	41	300144	30	2	basic	hydrophilic	known	A:G
IL12RB1	55	0.13638613475814987	R356G	sig	chr19:18071289:A:G	IL12RB1	3594	704	521	694	601604	225	36	basic	hydrophilic	known	A:G
KDM1A	10	0.11629977980043676	S529L	sig	chr1:23073309:C:T	KDM1A	23028	396	352	381	609132	160	5	polar uncharged	hydrophilic	novel	C:T
MAFB	24	0.18886894369048787	H143Y	sig	chr20:40688424:C:T	MAFB	9935	226	181	219	608968	98	7	basic	hydrophobic	novel	C:T
MYL5	1	0.1299288298395839	D151N	sig	chr4:681923:G:A	MYL5	4636	173	173	16	160782	39	0	acidic	polar uncharged	novel	G:A
MZT2A	2	0.13350660252744614	Q155R	sig	chr2:131484074:A:G	MZT2A	653784	86	86	13	613449	54	0	polar uncharged	basic	novel	A:G
NBPF12	52	0.16452991194639405	S1225P	sig	chr1:146991162:T:C	NBPF12	149013	231	220	3	608607	3	0	polar uncharged	hydrophilic	novel	T:C
NBPF26	1	0.6957782782868628	R1061C	sig	chr1:120833748:C:T	NBPF26	101060684	2	2	1	-	-	-	basic	polar uncharged	novel	C:T
NOTCH2NLA	4	0.2731926551494653	T171I	sig	chr1:146156641:C:T	NOTCH2NLA	388677	113	110	-	618023	17	0	polar uncharged	hydrophilic	novel	C:T
RHBDF2	2	0.10757098533991934	K79E	sig	chr17:76479857:A:G	RHBDF2	79651	477	319	462	614404	173	24	basic	acidic	novel	A:G
RHOA	12	0.1881770610095602	R176G	sig	chr3:49360949:A:G	RHOA	387	60	28	16	165390	6	0	basic	hydrophilic	known	A:G
RRN3	3	0.11745560677605828	C156Y	sig	chr16:15084681:G:A	RRN3	54700	235	232	36	605121	106	0	polar uncharged	hydrophobic	novel	G:A
SON	124	0.8822895809603477	A441T	sig	chr21:33576380:G:A	SON	6651	1667	1356	1585	182465	552	30	hydrophilic	polar uncharged	novel	G:A
TAP2	22	0.11801926374307596	S535P	sig	chr6:32830299:T:C	TAP2	6891	525	427	518	170261	204	5	polar uncharged	hydrophilic	novel	T:C
TAP2	22	0.13171931744867738	E531G	sig	chr6:32830310:A:G	TAP2	6891	525	427	518	170261	204	5	acidic	hydrophilic	novel	A:G
UBAP1	13	0.14278854098911248	R10G	sig	chr9:34179042:A:G	UBAP1	51271	150	126	69	609787	34	3	basic	hydrophilic	novel	A:G
ZNF292	76	0.13238974237234996	H2241Y	sig	chr6:87260350:C:T	ZNF292	23036	597	504	565	616213	255	5	basic	hydrophobic	novel	C:T
