ESid	Count	cohorts
chr10:100232510:A:G	2	IFNb_165;LPS_165
chr10:100232545:A:G	3	IFNb_105;IFNb_165;LPS_165
chr10:100232550:A:G	2	IFNb_105;IFNb_165
chr10:100232557:A:G	1	IFNb_165
chr10:100232668:A:G	4	IFNb_105;LPS_105;IFNb_165;LPS_165
chr10:100233026:A:G	4	IFNb_105;LPS_105;IFNb_165;LPS_165
chr10:100233036:A:G	4	IFNb_105;LPS_105;IFNb_165;LPS_165
chr10:100233053:A:G	4	IFNb_105;LPS_105;IFNb_165;LPS_165
chr10:100233121:A:G	1	IFNb_165
chr10:100233141:A:G	2	IFNb_165;LPS_165
chr10:100233142:A:G	2	IFNb_165;LPS_165
chr10:11458635:A:G	1	IFNb_105
chr10:12826058:A:G	2	LPS_105;IFNb_165
chr10:14907135:A:G	1	IFNb_165
chr10:14907136:A:G	1	IFNb_165
chr10:15106274:A:G	2	IFNb_105;IFNb_165
chr10:20284286:A:G	1	LPS_105
chr10:20284378:A:G	1	LPS_105
chr10:20286904:A:G	2	IFNb_105;LPS_105
chr10:79513665:C:T	1	LPS_105
chr11:108365908:A:G	1	LPS_105
chr11:108365909:A:G	3	LPS_105;IFNb_165;LPS_165
chr11:16756339:A:G	2	IFNb_105;LPS_105
chr11:16756409:A:G	1	IFNb_105
chr11:16756451:A:G	1	IFNb_105
chr11:16756476:A:G	1	IFNb_105
chr11:16756530:A:G	1	IFNb_105
chr11:16756531:A:G	1	IFNb_105
chr11:16756647:A:G	1	IFNb_105
chr11:16756653:A:G	1	IFNb_105
chr11:16756654:A:G	1	IFNb_105
chr11:16756863:A:G	2	IFNb_105;LPS_105
chr11:31431089:A:G	1	IFNb_165
chr11:65776911:A:G	1	IFNb_165
chr11:65777052:A:G	1	IFNb_165
chr11:65777096:A:G	1	IFNb_165
chr11:68755548:A:G	2	IFNb_105;LPS_105
chr11:68755869:A:G	2	IFNb_105;LPS_105
chr11:68755888:A:G	2	IFNb_105;LPS_105
chr11:68755965:A:G	1	IFNb_105
chr11:68756004:A:G	1	IFNb_105
chr11:72286613:A:G	1	LPS_105
chr11:72286630:A:G	1	LPS_105
chr11:72287378:A:G	1	LPS_105
chr11:72287451:A:G	1	LPS_105
chr11:72287555:A:G	1	LPS_105
chr11:72288228:A:G	1	IFNb_105
chr11:72288285:A:G	1	IFNb_105
chr11:72288291:A:G	1	LPS_105
chr11:72288321:A:G	1	LPS_105
chr11:72288325:A:G	1	LPS_105
chr11:72288361:A:G	1	LPS_105
chr11:72288369:A:G	1	LPS_105
chr11:72288408:A:G	1	LPS_105
chr11:72288442:A:G	1	LPS_105
chr11:72288483:A:G	1	LPS_105
chr11:72289029:A:G	1	LPS_105
chr11:72289094:A:G	1	LPS_105
chr11:72289708:A:G	1	IFNb_105
chr11:72289731:A:G	1	IFNb_105
chr11:72291343:A:G	1	IFNb_105
chr11:72291370:A:G	1	LPS_105
chr11:72291374:A:G	1	IFNb_105
chr11:72291400:A:G	1	IFNb_105
chr11:72291445:A:G	1	LPS_105
chr11:72291446:A:G	1	LPS_105
chr11:72291512:A:G	1	IFNb_105
chr11:72291535:A:G	1	IFNb_105
chr11:72291580:A:G	1	IFNb_105
chr11:72291581:A:G	1	IFNb_105
chr11:72291787:A:G	1	IFNb_105
chr11:72291799:A:G	1	IFNb_105
chr11:72291800:A:G	2	IFNb_105;LPS_105
chr11:72291876:A:G	1	LPS_105
chr11:72291885:A:G	2	IFNb_105;LPS_105
chr11:74455795:A:G	2	IFNb_105;LPS_165
chr11:74455824:A:G	1	IFNb_165
chr11:74455856:A:G	3	IFNb_105;LPS_105;IFNb_165
chr11:74455866:A:G	1	IFNb_165
chr11:74456220:A:G	3	IFNb_105;LPS_105;IFNb_165
chr11:74456245:A:G	3	IFNb_105;LPS_105;IFNb_165
chr11:74456249:A:G	4	IFNb_105;LPS_105;IFNb_165;LPS_165
chr11:74456275:A:G	2	IFNb_105;IFNb_165
chr11:768030:A:G	1	IFNb_105
chr11:768033:A:G	1	IFNb_105
chr11:77023819:A:G	2	IFNb_165;LPS_165
chr11:77614626:A:G	1	LPS_105
chr11:78068542:A:G	2	IFNb_165;LPS_165
chr11:78068543:A:G	2	IFNb_165;LPS_165
chr11:78069179:A:G	2	IFNb_165;LPS_165
chr11:94416656:A:G	2	IFNb_105;LPS_105
chr12:100627498:A:G	1	IFNb_165
chr12:108590451:A:G	1	IFNb_165
chr12:108591205:A:G	1	IFNb_165
chr12:108786643:A:G	1	IFNb_165
chr12:108786648:A:G	1	IFNb_165
chr12:111815280:A:G	2	IFNb_105;LPS_105
chr12:111815310:A:G	2	IFNb_105;LPS_105
chr12:111815710:A:G	1	LPS_105
chr12:111815894:A:G	2	IFNb_105;LPS_105
chr12:113390111:A:G	2	IFNb_105;IFNb_165
chr12:113391119:A:G	4	IFNb_105;LPS_105;IFNb_165;LPS_165
chr12:113391120:A:G	4	IFNb_105;LPS_105;IFNb_165;LPS_165
chr12:113391146:A:G	1	IFNb_165
chr12:120460750:A:G	2	IFNb_165;LPS_165
chr12:120460855:A:G	1	IFNb_165
chr12:120460858:A:G	1	IFNb_165
chr12:120460894:A:G	1	IFNb_165
chr12:120460911:A:G	1	LPS_105
chr12:120460925:A:G	1	IFNb_165
chr12:120460926:A:G	1	IFNb_165
chr12:120461140:A:G	1	IFNb_165
chr12:120461175:A:G	2	IFNb_165;LPS_165
chr12:120461195:A:G	1	IFNb_165
chr12:120461196:A:G	3	LPS_105;IFNb_165;LPS_165
chr12:120461272:A:G	1	IFNb_165
chr12:123662022:A:G	1	IFNb_105
chr12:123662050:A:G	1	IFNb_165
chr12:125027894:A:G	2	IFNb_105;LPS_105
chr12:125027948:A:G	2	IFNb_105;LPS_105
chr12:125027949:A:G	2	IFNb_105;LPS_105
chr12:125027961:A:G	2	IFNb_105;LPS_105
chr12:132721318:A:G	2	LPS_105;IFNb_165
chr12:132721763:A:G	1	IFNb_165
chr12:132721831:A:G	1	IFNb_165
chr12:132721837:A:G	1	LPS_105
chr12:132769978:A:G	1	IFNb_105
chr12:132770000:A:G	2	IFNb_105;LPS_105
chr12:15903338:A:G	1	IFNb_105
chr12:24816887:A:G	2	IFNb_165;LPS_165
chr12:43787848:A:G	1	IFNb_165
chr12:43787936:A:G	1	IFNb_165
chr12:43787971:A:G	1	IFNb_165
chr12:43788669:A:G	1	IFNb_105
chr12:50930336:A:G	3	LPS_105;IFNb_165;LPS_165
chr12:50930339:A:G	3	LPS_105;IFNb_165;LPS_165
chr12:50930380:A:G	3	LPS_105;IFNb_165;LPS_165
chr12:50930419:A:G	2	LPS_105;IFNb_165
chr12:50930530:A:G	1	IFNb_165
chr12:50930540:A:G	2	IFNb_165;LPS_165
chr12:50930653:A:G	2	LPS_105;IFNb_165
chr12:50930664:A:G	1	IFNb_165
chr12:50930683:A:G	1	IFNb_165
chr12:50930684:A:G	2	LPS_105;IFNb_165
chr12:50930713:A:G	2	IFNb_105;IFNb_165
chr12:50930723:A:G	2	IFNb_105;IFNb_165
chr12:50930762:A:G	1	IFNb_165
chr12:50930843:A:G	1	IFNb_165
chr12:50930844:A:G	2	IFNb_105;IFNb_165
chr12:50930856:A:G	2	LPS_105;IFNb_165
chr12:50931454:A:G	2	IFNb_105;IFNb_165
chr12:50931455:A:G	2	LPS_105;IFNb_165
chr12:50931497:A:G	3	IFNb_105;LPS_105;IFNb_165
chr12:50931504:A:G	1	IFNb_165
chr12:50931523:A:G	1	IFNb_165
chr12:50931590:A:G	1	IFNb_165
chr12:50931591:A:G	1	IFNb_165
chr12:50931657:A:G	2	LPS_105;LPS_165
chr12:59784250:A:G	1	LPS_105
chr12:64191830:A:G	1	IFNb_105
chr12:64191831:A:G	1	IFNb_105
chr12:64191989:A:G	1	IFNb_105
chr12:64449074:A:G	3	LPS_105;IFNb_165;LPS_165
chr12:64449075:A:G	4	IFNb_105;LPS_105;IFNb_165;LPS_165
chr12:64450281:A:G	2	LPS_105;IFNb_165
chr12:64450291:A:G	2	LPS_105;IFNb_165
chr12:64450354:A:G	2	LPS_105;IFNb_165
chr12:64450369:A:G	3	LPS_105;IFNb_165;LPS_165
chr12:67317583:A:G	1	LPS_105
chr12:67317703:A:G	1	IFNb_105
chr12:67318130:A:G	2	IFNb_105;LPS_105
chr12:67318134:A:G	2	IFNb_105;LPS_105
chr12:67318198:A:G	1	LPS_105
chr12:68765101:A:G	1	IFNb_165
chr12:68766231:A:G	2	IFNb_165;LPS_165
chr12:68766774:A:G	1	LPS_105
chr12:68766805:A:G	1	LPS_105
chr12:68766837:A:G	2	IFNb_105;LPS_105
chr12:68843234:A:G	1	LPS_165
chr12:68843243:A:G	4	IFNb_105;LPS_105;IFNb_165;LPS_165
chr12:68843273:A:G	4	IFNb_105;LPS_105;IFNb_165;LPS_165
chr12:68843276:A:G	3	IFNb_105;LPS_105;IFNb_165
chr12:68843293:A:G	2	IFNb_165;LPS_165
chr12:68843730:A:G	3	LPS_105;IFNb_165;LPS_165
chr12:68843749:A:G	4	IFNb_105;LPS_105;IFNb_165;LPS_165
chr12:68843772:A:G	4	IFNb_105;LPS_105;IFNb_165;LPS_165
chr12:68847715:A:G	1	IFNb_105
chr12:68848092:A:G	1	IFNb_105
chr12:68848817:A:G	1	LPS_105
chr12:68849584:A:G	1	LPS_105
chr12:68849818:A:G	1	LPS_105
chr12:68849822:A:G	1	LPS_105
chr12:68850129:A:G	1	LPS_105
chr12:68850138:A:G	1	LPS_105
chr12:68850166:A:G	1	LPS_105
chr12:68850201:A:G	1	LPS_105
chr12:68851349:A:G	1	IFNb_105
chr12:68851489:A:G	1	LPS_105
chr12:71702441:A:G	2	IFNb_105;IFNb_165
chr12:71702442:A:G	2	IFNb_105;IFNb_165
chr12:71702445:A:G	2	IFNb_105;IFNb_165
chr12:71702960:A:G	1	IFNb_105
chr12:71703004:A:G	2	IFNb_165;LPS_165
chr12:71703018:A:G	1	IFNb_165
chr12:71703056:A:G	1	IFNb_165
chr12:71703062:A:G	1	IFNb_105
chr12:71703070:A:G	1	IFNb_165
chr12:71703083:A:G	1	IFNb_105
chr12:75496101:A:G	2	IFNb_105;LPS_105
chr12:75496244:T:C	1	IFNb_165
chr12:75496272:A:G	1	IFNb_105
chr12:7813581:T:C	1	LPS_165
chr12:7813583:G:A	1	LPS_165
chr12:93508946:A:G	1	LPS_105
chr12:98733696:A:G	1	IFNb_165
chr13:19672262:A:G	1	IFNb_165
chr13:19672883:A:G	2	IFNb_105;IFNb_165
chr13:19672884:A:G	1	IFNb_165
chr13:19672935:A:G	2	IFNb_105;LPS_105
chr13:32399024:A:G	2	IFNb_165;LPS_165
chr13:32399063:A:G	4	IFNb_105;LPS_105;IFNb_165;LPS_165
chr13:41470511:C:T	2	IFNb_165;LPS_165
chr13:43108006:C:T	2	IFNb_165;LPS_165
chr14:105049680:A:G	2	IFNb_105;LPS_105
chr14:20366224:A:G	1	IFNb_165
chr14:20366277:A:G	1	IFNb_165
chr14:20366278:A:G	1	IFNb_165
chr14:20366302:A:G	1	IFNb_165
chr14:20366901:A:G	1	IFNb_165
chr14:21460331:A:G	4	IFNb_105;LPS_105;IFNb_165;LPS_165
chr14:21460342:A:G	4	IFNb_105;LPS_105;IFNb_165;LPS_165
chr14:21460343:A:G	4	IFNb_105;LPS_105;IFNb_165;LPS_165
chr14:21460419:A:G	2	IFNb_105;LPS_105
chr14:21460463:A:G	2	IFNb_105;LPS_105
chr14:21460499:A:G	2	IFNb_105;LPS_105
chr14:21460523:A:G	2	IFNb_105;LPS_105
chr14:24138932:C:T	2	IFNb_165;LPS_165
chr14:24249195:G:A	1	IFNb_105
chr14:31095938:A:G	2	IFNb_105;LPS_105
chr14:50325958:A:G	1	IFNb_165
chr14:50325998:A:G	1	IFNb_165
chr14:52643014:A:G	2	IFNb_165;LPS_165
chr14:52643092:A:G	2	IFNb_165;LPS_165
chr14:52643105:A:G	2	IFNb_165;LPS_165
chr14:52775636:A:G	1	IFNb_165
chr14:61795894:A:G	2	LPS_105;IFNb_165
chr14:61795946:A:G	2	LPS_105;LPS_165
chr14:61796232:A:G	1	LPS_105
chr14:74058071:A:G	2	IFNb_105;IFNb_165
chr14:74058083:A:G	2	IFNb_105;IFNb_165
chr14:74058084:A:G	1	IFNb_105
chr14:74058841:A:G	1	IFNb_105
chr14:74735609:A:G	1	IFNb_165
chr14:74736153:A:G	1	IFNb_165
chr14:74736154:A:G	1	IFNb_165
chr14:74737827:A:G	2	IFNb_105;LPS_105
chr14:76207236:A:G	1	LPS_165
chr14:88013230:A:G	1	IFNb_105
chr14:88013286:A:G	1	IFNb_105
chr14:88013298:A:G	2	IFNb_105;LPS_105
chr14:88013313:A:G	1	IFNb_105
chr14:88013686:A:G	1	IFNb_105
chr14:88013751:A:G	1	IFNb_105
chr14:92059696:A:G	2	IFNb_105;LPS_105
chr14:92167145:A:G	1	LPS_105
chr14:92167193:A:G	1	LPS_105
chr14:92167274:A:G	1	LPS_105
chr14:92167286:A:G	1	LPS_105
chr14:92167991:A:G	1	LPS_105
chr14:92167992:A:G	1	LPS_105
chr14:92168125:A:G	1	LPS_105
chr14:92168128:A:G	1	LPS_105
chr14:92168133:A:G	1	LPS_105
chr14:92169875:A:G	2	IFNb_105;LPS_105
chr14:92169956:A:G	2	IFNb_105;LPS_105
chr14:92170018:A:G	1	LPS_105
chr14:92170032:A:G	1	LPS_105
chr14:92170045:A:G	1	LPS_105
chr15:101070748:A:G	1	IFNb_105
chr15:34231096:A:G	3	LPS_105;IFNb_165;LPS_165
chr15:34231109:A:G	2	IFNb_165;LPS_165
chr15:34231819:A:G	1	IFNb_165
chr15:34232455:A:G	1	IFNb_165
chr15:34232507:A:G	1	IFNb_165
chr15:45482339:T:C	1	LPS_105
chr15:45482815:T:C	1	LPS_105
chr15:45483748:T:C	1	LPS_105
chr15:45502434:T:C	1	LPS_105
chr15:45502644:T:C	1	LPS_105
chr15:45502912:T:C	1	LPS_105
chr15:45502919:T:C	1	LPS_105
chr15:50703459:A:G	1	LPS_105
chr15:50703590:A:G	1	IFNb_105
chr15:50704080:A:G	1	IFNb_105
chr15:50704086:A:G	1	IFNb_105
chr15:50704098:A:G	1	IFNb_105
chr15:50704099:A:G	1	IFNb_105
chr15:50705080:A:G	2	IFNb_105;LPS_105
chr15:50705098:A:G	2	IFNb_105;LPS_105
chr15:50705258:A:G	1	LPS_105
chr15:50705280:A:G	1	IFNb_105
chr15:50706126:A:G	2	IFNb_105;LPS_105
chr15:50706135:A:G	2	IFNb_105;LPS_105
chr15:50706147:A:G	2	IFNb_105;LPS_105
chr15:50706148:A:G	2	IFNb_105;LPS_105
chr15:50706170:A:G	2	IFNb_105;LPS_105
chr15:50706202:A:G	1	IFNb_105
chr15:50706224:A:G	2	IFNb_105;LPS_105
chr15:50706268:A:G	1	LPS_105
chr15:50706327:A:G	1	IFNb_105
chr15:51912172:A:G	1	IFNb_105
chr15:51912173:A:G	1	IFNb_105
chr15:51913206:A:G	2	IFNb_105;IFNb_165
chr15:51913246:A:G	1	IFNb_165
chr15:51913892:A:G	1	IFNb_165
chr15:51913938:A:G	1	IFNb_165
chr15:51913957:A:G	1	IFNb_165
chr15:51915004:A:G	1	IFNb_105
chr15:55317452:A:G	1	IFNb_165
chr15:72591101:A:G	1	LPS_105
chr15:72599275:A:G	1	IFNb_105
chr15:80978617:C:T	1	IFNb_165
chr15:83128960:T:C	1	LPS_105
chr15:83129003:T:C	1	LPS_105
chr15:83129012:T:C	2	IFNb_105;LPS_105
chr15:83129013:T:C	1	LPS_105
chr15:83129014:T:C	1	LPS_105
chr15:83129082:T:C	1	LPS_105
chr15:83131012:T:C	2	IFNb_105;LPS_105
chr15:88478730:A:G	1	IFNb_165
chr15:89201633:T:C	2	IFNb_165;LPS_165
chr15:89201638:C:T	2	IFNb_165;LPS_165
chr15:89201639:A:G	2	IFNb_165;LPS_165
chr15:89897250:A:G	1	IFNb_105
chr15:89897328:A:G	3	LPS_105;IFNb_165;LPS_165
chr15:89897337:A:G	3	LPS_105;IFNb_165;LPS_165
chr15:89897363:A:G	2	IFNb_165;LPS_165
chr15:89897402:A:G	1	LPS_105
chr15:89897422:A:G	3	LPS_105;IFNb_165;LPS_165
chr15:89897423:A:G	3	LPS_105;IFNb_165;LPS_165
chr15:89897428:A:G	3	LPS_105;IFNb_165;LPS_165
chr15:89899180:A:G	1	LPS_105
chr15:89899181:A:G	1	LPS_105
chr15:89899222:A:G	3	LPS_105;IFNb_165;LPS_165
chr15:89899252:A:G	1	LPS_105
chr15:89899257:A:G	1	LPS_105
chr15:89899322:A:G	2	LPS_105;LPS_165
chr15:89901422:A:G	1	LPS_105
chr15:89901453:A:G	1	LPS_105
chr15:89901461:A:G	1	IFNb_165
chr15:89901496:A:G	2	LPS_105;IFNb_165
chr16:10931692:A:G	1	LPS_105
chr16:10931780:A:G	1	LPS_105
chr16:10931866:A:G	3	LPS_105;IFNb_165;LPS_165
chr16:10932739:A:G	1	LPS_105
chr16:10932791:A:G	1	LPS_105
chr16:10932805:A:G	1	LPS_105
chr16:10932817:A:G	1	LPS_105
chr16:11834989:A:G	1	LPS_105
chr16:20856196:A:G	4	IFNb_105;LPS_105;IFNb_165;LPS_165
chr16:21639981:A:G	4	IFNb_105;LPS_105;IFNb_165;LPS_165
chr16:21640001:A:G	4	IFNb_105;LPS_105;IFNb_165;LPS_165
chr16:21640015:A:G	4	IFNb_105;LPS_105;IFNb_165;LPS_165
chr16:21640031:A:G	4	IFNb_105;LPS_105;IFNb_165;LPS_165
chr16:21640035:A:G	4	IFNb_105;LPS_105;IFNb_165;LPS_165
chr16:21640075:A:G	3	IFNb_105;LPS_105;IFNb_165
chr16:21640076:A:G	1	IFNb_165
chr16:21640084:A:G	4	IFNb_105;LPS_105;IFNb_165;LPS_165
chr16:21640086:A:G	3	IFNb_105;LPS_105;IFNb_165
chr16:21640134:A:G	4	IFNb_105;LPS_105;IFNb_165;LPS_165
chr16:21640135:A:G	4	IFNb_105;LPS_105;IFNb_165;LPS_165
chr16:21640138:A:G	2	IFNb_105;LPS_105
chr16:21640143:A:G	2	IFNb_105;LPS_105
chr16:21640167:A:G	4	IFNb_105;LPS_105;IFNb_165;LPS_165
chr16:21640210:A:G	3	IFNb_105;LPS_105;IFNb_165
chr16:21640211:A:G	4	IFNb_105;LPS_105;IFNb_165;LPS_165
chr16:21640219:A:G	4	IFNb_105;LPS_105;IFNb_165;LPS_165
chr16:21640494:A:G	4	IFNb_105;LPS_105;IFNb_165;LPS_165
chr16:21640506:A:G	4	IFNb_105;LPS_105;IFNb_165;LPS_165
chr16:21640507:A:G	4	IFNb_105;LPS_105;IFNb_165;LPS_165
chr16:21640568:A:G	4	IFNb_105;LPS_105;IFNb_165;LPS_165
chr16:21640585:A:G	1	IFNb_105
chr16:21640635:A:G	3	IFNb_105;LPS_105;LPS_165
chr16:21640645:A:G	2	IFNb_105;LPS_165
chr16:21640655:A:G	1	IFNb_105
chr16:21640658:A:G	4	IFNb_105;LPS_105;IFNb_165;LPS_165
chr16:21640707:A:G	4	IFNb_105;LPS_105;IFNb_165;LPS_165
chr16:21640710:A:G	3	IFNb_105;LPS_105;LPS_165
chr16:22285539:A:G	3	IFNb_105;LPS_105;IFNb_165
chr16:22288377:A:G	1	LPS_105
chr16:29667523:A:G	1	IFNb_165
chr16:29668317:A:G	1	LPS_105
chr16:29668510:A:G	1	LPS_105
chr16:29668580:A:G	1	LPS_105
chr16:29669001:A:G	1	LPS_105
chr16:29669463:A:G	1	LPS_105
chr16:29669624:A:G	1	LPS_105
chr16:29670137:A:G	2	LPS_105;IFNb_165
chr16:29670139:A:G	2	LPS_105;IFNb_165
chr16:29670177:A:G	1	LPS_105
chr16:29670232:A:G	2	LPS_105;IFNb_165
chr16:29670238:A:G	2	LPS_105;IFNb_165
chr16:29670239:A:G	2	LPS_105;IFNb_165
chr16:29670289:A:G	2	LPS_105;IFNb_165
chr16:29670378:A:G	2	LPS_105;IFNb_165
chr16:30554429:A:G	1	IFNb_165
chr16:4609355:C:T	1	IFNb_165
chr16:48353385:A:G	1	IFNb_165
chr16:48353443:A:G	1	IFNb_165
chr16:48354269:A:G	1	LPS_105
chr16:48354334:A:G	1	IFNb_165
chr16:48354337:A:G	1	IFNb_165
chr16:48354469:A:G	1	IFNb_105
chr16:48354470:A:G	2	IFNb_105;IFNb_165
chr16:48354471:A:G	1	IFNb_165
chr16:50105572:A:G	1	LPS_105
chr16:50105652:A:G	2	IFNb_105;LPS_105
chr16:50105669:A:G	1	IFNb_105
chr16:50105806:A:G	1	IFNb_105
chr16:50105833:A:G	1	IFNb_165
chr16:50105845:A:G	1	IFNb_105
chr16:70247172:A:G	2	IFNb_105;LPS_105
chr16:70248674:A:G	2	IFNb_105;LPS_105
chr16:70248678:A:G	2	IFNb_105;LPS_105
chr16:70248733:A:G	2	IFNb_105;LPS_105
chr16:70249181:A:G	2	IFNb_105;LPS_105
chr16:70249315:A:G	2	IFNb_105;LPS_165
chr16:70249335:A:G	1	IFNb_105
chr16:70249336:A:G	2	IFNb_105;LPS_105
chr16:70372975:A:G	1	IFNb_165
chr16:70376772:A:G	1	IFNb_105
chr16:70376902:A:G	1	IFNb_105
chr16:70377014:A:G	1	LPS_105
chr16:70377069:A:G	1	IFNb_105
chr16:70377318:A:G	1	LPS_105
chr16:70377324:A:G	1	LPS_105
chr16:70377723:A:G	1	LPS_105
chr16:70378247:A:G	1	IFNb_165
chr16:70378275:A:G	1	IFNb_105
chr16:70576982:A:G	1	LPS_105
chr16:75445426:A:G	3	IFNb_105;LPS_105;IFNb_165
chr16:75445433:A:G	3	IFNb_105;LPS_105;IFNb_165
chr16:75445496:A:G	2	IFNb_105;LPS_105
chr16:75445523:A:G	3	IFNb_105;LPS_105;IFNb_165
chr16:75445569:A:G	3	IFNb_105;LPS_105;IFNb_165
chr16:75445570:A:G	3	IFNb_105;LPS_105;IFNb_165
chr16:75445576:A:G	3	IFNb_105;LPS_105;IFNb_165
chr16:75445586:A:G	4	IFNb_105;LPS_105;IFNb_165;LPS_165
chr16:75445919:A:G	4	IFNb_105;LPS_105;IFNb_165;LPS_165
chr16:75445921:A:G	2	IFNb_165;LPS_165
chr16:75445933:A:G	4	IFNb_105;LPS_105;IFNb_165;LPS_165
chr16:75445934:A:G	2	IFNb_165;LPS_165
chr16:75445993:A:G	4	IFNb_105;LPS_105;IFNb_165;LPS_165
chr16:75446009:A:G	4	IFNb_105;LPS_105;IFNb_165;LPS_165
chr16:75446012:A:G	3	IFNb_105;LPS_105;IFNb_165
chr16:75446075:A:G	1	IFNb_165
chr16:75446112:A:G	3	IFNb_105;LPS_105;IFNb_165
chr16:81030629:A:G	1	IFNb_165
chr16:81030731:A:G	1	IFNb_165
chr16:81030835:A:G	1	IFNb_165
chr16:81030902:A:G	2	IFNb_105;IFNb_165
chr16:81030929:A:G	1	IFNb_165
chr16:81030955:A:G	1	IFNb_165
chr16:88862542:A:G	1	IFNb_165
chr17:10673142:A:G	1	LPS_105
chr17:15537452:A:G	1	IFNb_165
chr17:1572928:A:G	3	IFNb_105;LPS_105;IFNb_165
chr17:1573051:A:G	3	IFNb_105;LPS_105;IFNb_165
chr17:1573081:A:G	1	IFNb_105
chr17:1780760:A:G	2	IFNb_165;LPS_165
chr17:18271896:A:G	1	IFNb_105
chr17:18271944:A:G	1	IFNb_105
chr17:20317579:A:G	1	LPS_105
chr17:20449596:A:G	1	IFNb_165
chr17:20449628:T:C	1	IFNb_165
chr17:2417215:A:G	1	IFNb_165
chr17:2417228:A:G	1	IFNb_165
chr17:2417357:A:G	1	IFNb_165
chr17:31534285:A:G	2	IFNb_165;LPS_165
chr17:31534452:A:G	2	IFNb_165;LPS_165
chr17:35438045:A:G	1	IFNb_105
chr17:37516972:A:G	1	LPS_105
chr17:39254175:A:G	1	LPS_105
chr17:39255801:A:G	1	LPS_105
chr17:39256199:A:G	2	IFNb_105;LPS_105
chr17:39257148:A:G	1	IFNb_165
chr17:39760294:A:G	1	LPS_105
chr17:39760561:A:G	2	IFNb_105;LPS_105
chr17:39760596:A:G	2	IFNb_105;LPS_105
chr17:39760597:A:G	1	IFNb_105
chr17:39760916:A:G	1	LPS_105
chr17:39760930:A:G	1	LPS_105
chr17:39760933:A:G	2	IFNb_105;LPS_105
chr17:39760948:A:G	1	LPS_105
chr17:39760954:A:G	1	LPS_105
chr17:39761077:A:G	1	LPS_105
chr17:39761886:A:G	1	LPS_105
chr17:39761951:A:G	1	LPS_105
chr17:39761978:A:G	2	IFNb_105;LPS_105
chr17:39761991:A:G	2	IFNb_105;LPS_105
chr17:40283065:A:G	1	IFNb_105
chr17:43218068:A:G	1	IFNb_165
chr17:43218405:A:G	4	IFNb_105;LPS_105;IFNb_165;LPS_165
chr17:43218406:A:G	2	IFNb_165;LPS_165
chr17:43218429:A:G	1	IFNb_165
chr17:43218441:A:G	4	IFNb_105;LPS_105;IFNb_165;LPS_165
chr17:43218485:A:G	3	IFNb_105;IFNb_165;LPS_165
chr17:43218500:A:G	1	IFNb_165
chr17:43218541:A:G	1	IFNb_165
chr17:43219478:A:G	2	LPS_105;IFNb_165
chr17:43219652:A:G	1	IFNb_165
chr17:43219682:A:G	1	IFNb_165
chr17:46553608:A:G	1	LPS_105
chr17:5026488:A:G	2	IFNb_105;LPS_105
chr17:5027209:A:G	1	LPS_105
chr17:5027229:A:G	1	LPS_105
chr17:5027262:A:G	1	LPS_105
chr17:50964331:A:G	1	IFNb_105
chr17:50964371:A:G	1	IFNb_105
chr17:57837805:A:G	1	IFNb_105
chr17:59201709:A:G	1	LPS_165
chr17:59201903:A:G	1	LPS_105
chr17:59201921:A:G	2	IFNb_105;LPS_105
chr17:59203694:A:G	3	LPS_105;IFNb_165;LPS_165
chr17:59203698:A:G	3	LPS_105;IFNb_165;LPS_165
chr17:61590525:A:G	2	IFNb_165;LPS_165
chr17:64322223:A:G	2	IFNb_105;LPS_105
chr17:64322237:A:G	4	IFNb_105;LPS_105;IFNb_165;LPS_165
chr17:64322238:A:G	4	IFNb_105;LPS_105;IFNb_165;LPS_165
chr17:64322886:A:G	1	IFNb_165
chr17:64468347:A:G	1	IFNb_165
chr17:64468418:A:G	1	IFNb_165
chr17:67338609:A:G	3	IFNb_105;LPS_105;LPS_165
chr17:67338610:A:G	4	IFNb_105;LPS_105;IFNb_165;LPS_165
chr17:67338637:A:G	1	LPS_105
chr17:67338651:A:G	2	IFNb_105;LPS_105
chr17:67338740:A:G	2	IFNb_105;LPS_105
chr17:67338770:A:G	2	IFNb_105;LPS_105
chr17:67339278:A:G	2	IFNb_105;LPS_105
chr17:67339338:A:G	2	IFNb_105;LPS_105
chr17:67339343:A:G	2	IFNb_105;LPS_105
chr17:67339361:A:G	2	IFNb_105;LPS_105
chr17:73175434:A:G	2	IFNb_105;LPS_105
chr17:73175557:A:G	2	IFNb_105;LPS_105
chr17:73175569:A:G	2	IFNb_105;LPS_105
chr17:75889193:A:G	1	IFNb_165
chr17:75889858:A:G	3	IFNb_105;IFNb_165;LPS_165
chr17:75889923:A:G	1	IFNb_165
chr17:75890131:A:G	1	IFNb_165
chr17:75943060:A:G	1	IFNb_105
chr17:75944039:A:G	1	LPS_105
chr17:75944112:A:G	1	LPS_105
chr17:75944122:A:G	1	LPS_105
chr17:75945018:A:G	1	IFNb_165
chr17:80320453:A:G	1	IFNb_165
chr17:80320725:A:G	1	IFNb_165
chr17:80320743:A:G	1	IFNb_165
chr17:80320744:A:G	2	IFNb_105;IFNb_165
chr17:80320928:A:G	2	IFNb_105;IFNb_165
chr17:80320942:A:G	3	IFNb_105;LPS_105;IFNb_165
chr17:80320974:A:G	1	IFNb_165
chr17:81822816:A:G	2	IFNb_165;LPS_165
chr18:32068979:A:G	4	IFNb_105;LPS_105;IFNb_165;LPS_165
chr18:32068984:A:G	2	IFNb_165;LPS_165
chr18:32069110:A:G	2	IFNb_165;LPS_165
chr18:32070141:A:G	1	LPS_105
chr18:32070805:A:G	1	LPS_105
chr18:32070966:A:G	1	LPS_105
chr18:32072156:A:G	1	LPS_105
chr18:35247904:A:G	1	IFNb_105
chr18:35247932:A:G	2	IFNb_105;LPS_105
chr18:35248659:A:G	1	IFNb_165
chr18:50950751:A:G	1	IFNb_105
chr18:50951621:A:G	1	LPS_105
chr18:50951757:A:G	1	LPS_105
chr18:57547835:A:G	1	LPS_105
chr18:58752517:A:G	1	IFNb_105
chr18:58752523:A:G	1	IFNb_105
chr18:58752551:A:G	1	IFNb_105
chr18:58752693:A:G	1	IFNb_105
chr18:58752739:A:G	1	IFNb_105
chr18:58753226:A:G	1	IFNb_105
chr18:58753273:A:G	1	IFNb_105
chr18:58753274:A:G	1	IFNb_105
chr18:58753294:A:G	1	IFNb_105
chr18:58753442:A:G	1	IFNb_105
chr18:58753467:A:G	1	IFNb_105
chr18:58753468:A:G	1	IFNb_105
chr18:58753469:A:G	1	IFNb_105
chr18:58753481:A:G	1	IFNb_105
chr19:10930130:A:G	1	IFNb_165
chr19:12080975:A:G	1	IFNb_165
chr19:12081017:A:G	2	IFNb_105;LPS_105
chr19:12081018:A:G	1	IFNb_105
chr19:13772567:A:G	2	IFNb_105;LPS_105
chr19:13772574:A:G	1	IFNb_105
chr19:13772662:A:G	1	IFNb_105
chr19:13772665:A:G	3	IFNb_105;LPS_105;LPS_165
chr19:13772707:A:G	2	IFNb_105;LPS_105
chr19:13772734:A:G	1	IFNb_105
chr19:13772740:A:G	1	IFNb_165
chr19:13773078:A:G	2	IFNb_165;LPS_165
chr19:13773192:A:G	1	LPS_165
chr19:13773206:A:G	1	IFNb_165
chr19:13773445:A:G	2	LPS_105;IFNb_165
chr19:13773532:A:G	1	LPS_105
chr19:13773711:A:G	2	LPS_105;IFNb_165
chr19:13773758:A:G	1	IFNb_165
chr19:13773925:A:G	1	IFNb_165
chr19:14734257:A:G	4	IFNb_105;LPS_105;IFNb_165;LPS_165
chr19:14734269:A:G	3	LPS_105;IFNb_165;LPS_165
chr19:14734293:A:G	2	IFNb_165;LPS_165
chr19:14734297:A:G	4	IFNb_105;LPS_105;IFNb_165;LPS_165
chr19:14734311:A:G	2	IFNb_165;LPS_165
chr19:14734324:A:G	3	LPS_105;IFNb_165;LPS_165
chr19:14734645:A:G	2	IFNb_165;LPS_165
chr19:14734660:A:G	4	IFNb_105;LPS_105;IFNb_165;LPS_165
chr19:14734664:A:G	4	IFNb_105;LPS_105;IFNb_165;LPS_165
chr19:14734669:A:G	2	LPS_105;IFNb_165
chr19:14734699:A:G	4	IFNb_105;LPS_105;IFNb_165;LPS_165
chr19:14734700:A:G	4	IFNb_105;LPS_105;IFNb_165;LPS_165
chr19:16550474:A:G	2	IFNb_105;LPS_105
chr19:16550486:A:G	2	IFNb_105;IFNb_165
chr19:16550487:A:G	1	IFNb_105
chr19:16550680:A:G	1	IFNb_105
chr19:18365396:A:G	1	IFNb_165
chr19:18365605:A:G	1	IFNb_165
chr19:18365606:A:G	2	IFNb_105;IFNb_165
chr19:18365618:A:G	1	IFNb_165
chr19:18366519:A:G	2	LPS_105;IFNb_165
chr19:18366600:A:G	1	IFNb_165
chr19:18366898:A:G	1	IFNb_105
chr19:18366993:A:G	1	IFNb_165
chr19:18367009:A:G	1	IFNb_105
chr19:18367049:A:G	1	IFNb_165
chr19:18367091:A:G	2	IFNb_105;IFNb_165
chr19:18367113:A:G	1	IFNb_105
chr19:18368012:A:G	1	IFNb_165
chr19:18368075:A:G	1	IFNb_165
chr19:19177395:A:G	1	IFNb_165
chr19:19682971:A:G	2	LPS_105;IFNb_165
chr19:19683066:A:G	3	IFNb_105;LPS_105;IFNb_165
chr19:19683067:A:G	3	IFNb_105;LPS_105;IFNb_165
chr19:29699224:A:G	2	IFNb_105;LPS_105
chr19:29699278:A:G	1	IFNb_105
chr19:29699303:A:G	1	IFNb_105
chr19:35036957:A:G	1	LPS_105
chr19:36951905:A:G	1	LPS_105
chr19:36952261:A:G	2	IFNb_105;LPS_105
chr19:38868388:A:G	1	LPS_105
chr19:38869067:A:G	1	IFNb_165
chr19:41871534:A:G	1	LPS_165
chr19:44663854:A:G	1	IFNb_165
chr19:44663855:A:G	1	IFNb_165
chr19:44665375:A:G	1	IFNb_165
chr19:44665513:A:G	2	IFNb_105;IFNb_165
chr19:44665514:A:G	1	IFNb_165
chr19:44665555:A:G	1	IFNb_165
chr19:45549577:A:G	1	IFNb_105
chr19:45550058:A:G	1	IFNb_105
chr19:4653211:A:G	1	IFNb_165
chr19:4653226:A:G	1	IFNb_105
chr19:4654456:A:G	2	IFNb_165;LPS_165
chr19:4654525:A:G	1	IFNb_105
chr19:4654532:A:G	2	IFNb_105;LPS_105
chr19:4654585:A:G	1	IFNb_105
chr19:4654589:A:G	2	IFNb_105;LPS_105
chr19:47342643:A:G	1	IFNb_165
chr19:47342655:A:G	1	IFNb_165
chr19:4890517:A:G	1	IFNb_165
chr19:52586523:A:G	1	IFNb_105
chr19:52703863:A:G	2	IFNb_165;LPS_165
chr19:52704051:A:G	1	IFNb_165
chr19:52704129:A:G	1	IFNb_165
chr19:52839008:A:G	4	IFNb_105;LPS_105;IFNb_165;LPS_165
chr19:53136482:A:G	1	IFNb_105
chr19:53136498:A:G	1	IFNb_105
chr19:53411158:A:G	1	IFNb_165
chr19:53411526:A:G	1	IFNb_165
chr19:53411554:A:G	3	IFNb_105;LPS_105;IFNb_165
chr19:53411566:A:G	2	IFNb_105;IFNb_165
chr19:57220747:A:G	1	LPS_105
chr19:57807717:A:G	1	IFNb_165
chr19:57844443:A:G	1	IFNb_105
chr19:57845110:A:G	1	IFNb_105
chr19:57845888:A:G	2	IFNb_105;IFNb_165
chr19:57845900:A:G	2	IFNb_165;LPS_165
chr19:57845903:A:G	3	IFNb_105;IFNb_165;LPS_165
chr19:57845918:A:G	1	IFNb_105
chr19:5909772:A:G	1	IFNb_165
chr19:7084454:A:G	1	IFNb_165
chr19:7087420:A:G	1	IFNb_105
chr19:9524705:A:G	1	IFNb_105
chr19:9562267:A:G	1	IFNb_105
chr19:9642485:A:G	1	LPS_105
chr19:9647605:A:G	1	IFNb_105
chr19:9647650:A:G	1	IFNb_105
chr19:9647729:A:G	1	IFNb_105
chr19:9650786:A:G	1	IFNb_105
chr1:100024440:A:G	1	LPS_105
chr1:10457470:A:G	1	IFNb_105
chr1:109597036:A:G	1	IFNb_105
chr1:109597206:A:G	1	IFNb_105
chr1:113130000:A:G	1	LPS_105
chr1:113131024:A:G	1	LPS_105
chr1:113131031:A:G	1	LPS_105
chr1:120841618:A:G	1	IFNb_165
chr1:144422141:A:G	1	IFNb_165
chr1:145745370:A:G	1	IFNb_105
chr1:145745386:A:G	2	IFNb_105;LPS_105
chr1:145745519:A:G	1	IFNb_105
chr1:145745521:A:G	1	IFNb_105
chr1:145745596:A:G	1	IFNb_105
chr1:145745992:A:G	2	IFNb_105;IFNb_165
chr1:146995389:A:G	1	IFNb_165
chr1:146995600:A:G	1	IFNb_165
chr1:148102644:A:G	1	IFNb_165
chr1:148532069:A:G	3	LPS_105;IFNb_165;LPS_165
chr1:148532070:A:G	3	LPS_105;IFNb_165;LPS_165
chr1:148532133:A:G	3	LPS_105;IFNb_165;LPS_165
chr1:148532139:A:G	3	LPS_105;IFNb_165;LPS_165
chr1:148532191:A:G	3	LPS_105;IFNb_165;LPS_165
chr1:148532206:A:G	2	LPS_105;IFNb_165
chr1:148532209:A:G	1	IFNb_165
chr1:148532213:A:G	1	IFNb_165
chr1:149054632:A:G	2	LPS_105;IFNb_165
chr1:149054720:A:G	2	LPS_105;IFNb_165
chr1:149054721:A:G	2	IFNb_165;LPS_165
chr1:149054790:A:G	1	IFNb_165
chr1:149054793:A:G	2	IFNb_165;LPS_165
chr1:149054842:A:G	3	LPS_105;IFNb_165;LPS_165
chr1:149054864:A:G	1	IFNb_165
chr1:149055001:A:G	2	IFNb_165;LPS_165
chr1:149555530:A:G	2	IFNb_165;LPS_165
chr1:149555534:A:G	2	IFNb_165;LPS_165
chr1:149555537:A:G	2	IFNb_165;LPS_165
chr1:149555552:A:G	4	IFNb_105;LPS_105;IFNb_165;LPS_165
chr1:149555580:A:G	2	IFNb_165;LPS_165
chr1:149555604:A:G	1	IFNb_165
chr1:149555610:A:G	4	IFNb_105;LPS_105;IFNb_165;LPS_165
chr1:149555673:A:G	4	IFNb_105;LPS_105;IFNb_165;LPS_165
chr1:149555674:A:G	4	IFNb_105;LPS_105;IFNb_165;LPS_165
chr1:149555762:A:G	4	IFNb_105;LPS_105;IFNb_165;LPS_165
chr1:149555763:A:G	4	IFNb_105;LPS_105;IFNb_165;LPS_165
chr1:150731131:A:G	2	IFNb_105;LPS_105
chr1:150731136:A:G	4	IFNb_105;LPS_105;IFNb_165;LPS_165
chr1:150731137:A:G	4	IFNb_105;LPS_105;IFNb_165;LPS_165
chr1:150731143:A:G	4	IFNb_105;LPS_105;IFNb_165;LPS_165
chr1:150731158:A:G	4	IFNb_105;LPS_105;IFNb_165;LPS_165
chr1:150731171:A:G	3	IFNb_105;LPS_105;LPS_165
chr1:150731185:A:G	3	IFNb_105;LPS_105;LPS_165
chr1:150731196:A:G	2	IFNb_105;LPS_105
chr1:150731203:A:G	4	IFNb_105;LPS_105;IFNb_165;LPS_165
chr1:150731216:A:G	4	IFNb_105;LPS_105;IFNb_165;LPS_165
chr1:150731220:A:G	2	IFNb_105;LPS_165
chr1:150731222:A:G	1	IFNb_165
chr1:150731225:A:G	3	IFNb_105;LPS_105;IFNb_165
chr1:150731239:A:G	4	IFNb_105;LPS_105;IFNb_165;LPS_165
chr1:150731240:A:G	4	IFNb_105;LPS_105;IFNb_165;LPS_165
chr1:150731244:A:G	4	IFNb_105;LPS_105;IFNb_165;LPS_165
chr1:150731276:A:G	4	IFNb_105;LPS_105;IFNb_165;LPS_165
chr1:150731311:A:G	3	IFNb_105;LPS_105;LPS_165
chr1:150731936:A:G	3	IFNb_105;LPS_105;LPS_165
chr1:150731937:A:G	4	IFNb_105;LPS_105;IFNb_165;LPS_165
chr1:150731942:A:G	4	IFNb_105;LPS_105;IFNb_165;LPS_165
chr1:150732000:A:G	4	IFNb_105;LPS_105;IFNb_165;LPS_165
chr1:150732005:A:G	4	IFNb_105;LPS_105;IFNb_165;LPS_165
chr1:150732007:A:G	3	LPS_105;IFNb_165;LPS_165
chr1:150732010:A:G	3	IFNb_105;LPS_105;IFNb_165
chr1:150732024:A:G	4	IFNb_105;LPS_105;IFNb_165;LPS_165
chr1:150732068:A:G	4	IFNb_105;LPS_105;IFNb_165;LPS_165
chr1:150732109:A:G	4	IFNb_105;LPS_105;IFNb_165;LPS_165
chr1:150732111:A:G	4	IFNb_105;LPS_105;IFNb_165;LPS_165
chr1:150732129:A:G	4	IFNb_105;LPS_105;IFNb_165;LPS_165
chr1:150732137:A:G	4	IFNb_105;LPS_105;IFNb_165;LPS_165
chr1:150732157:A:G	1	LPS_165
chr1:150732160:A:G	4	IFNb_105;LPS_105;IFNb_165;LPS_165
chr1:150732177:A:G	4	IFNb_105;LPS_105;IFNb_165;LPS_165
chr1:150732183:A:G	4	IFNb_105;LPS_105;IFNb_165;LPS_165
chr1:150732184:A:G	4	IFNb_105;LPS_105;IFNb_165;LPS_165
chr1:150732736:A:G	1	IFNb_105
chr1:150732740:A:G	1	IFNb_105
chr1:150732745:A:G	1	IFNb_105
chr1:150732772:A:G	1	IFNb_165
chr1:151118851:A:G	2	LPS_105;IFNb_165
chr1:151118856:A:G	1	IFNb_165
chr1:151119360:A:G	1	LPS_105
chr1:151123674:A:G	1	LPS_105
chr1:15491752:A:G	1	IFNb_165
chr1:160026746:A:G	1	LPS_105
chr1:160996561:A:G	4	IFNb_105;LPS_105;IFNb_165;LPS_165
chr1:160996562:A:G	4	IFNb_105;LPS_105;IFNb_165;LPS_165
chr1:160996563:A:G	3	IFNb_105;IFNb_165;LPS_165
chr1:160996644:A:G	1	LPS_105
chr1:160998027:A:G	2	IFNb_105;LPS_105
chr1:160998043:A:G	1	IFNb_165
chr1:160998067:A:G	1	IFNb_165
chr1:1664147:A:G	1	IFNb_165
chr1:168249305:A:G	1	IFNb_165
chr1:168251251:A:G	1	IFNb_165
chr1:1729448:A:G	1	IFNb_165
chr1:1729477:A:G	1	IFNb_165
chr1:1729519:A:G	1	IFNb_165
chr1:1729971:A:G	1	IFNb_165
chr1:1731265:A:G	1	LPS_105
chr1:1731269:A:G	1	LPS_105
chr1:1731294:A:G	1	LPS_105
chr1:179357143:A:G	4	IFNb_105;LPS_105;IFNb_165;LPS_165
chr1:179357159:A:G	2	IFNb_105;LPS_105
chr1:179357160:A:G	2	IFNb_105;IFNb_165
chr1:179357179:A:G	2	IFNb_105;LPS_105
chr1:179357180:A:G	2	IFNb_105;LPS_105
chr1:179357303:A:G	2	IFNb_105;LPS_105
chr1:179357332:A:G	2	IFNb_105;LPS_105
chr1:179357364:A:G	2	IFNb_105;LPS_105
chr1:179357403:A:G	3	IFNb_105;LPS_105;LPS_165
chr1:179357453:A:G	2	IFNb_105;LPS_105
chr1:179357639:A:G	3	IFNb_105;LPS_105;LPS_165
chr1:179357712:A:G	2	IFNb_105;LPS_105
chr1:179357744:A:G	2	IFNb_165;LPS_165
chr1:179357747:A:G	2	IFNb_105;LPS_105
chr1:179357751:A:G	4	IFNb_105;LPS_105;IFNb_165;LPS_165
chr1:179357773:A:G	2	IFNb_105;LPS_105
chr1:179357787:A:G	2	IFNb_105;LPS_105
chr1:179357804:A:G	2	IFNb_105;LPS_105
chr1:179357873:A:G	2	IFNb_105;LPS_105
chr1:179357874:A:G	1	IFNb_105
chr1:179357875:A:G	2	IFNb_105;LPS_105
chr1:179357876:A:G	2	IFNb_105;LPS_105
chr1:179860460:A:G	1	IFNb_105
chr1:182381005:A:G	1	IFNb_165
chr1:182381184:A:G	1	IFNb_165
chr1:184791990:A:G	1	IFNb_105
chr1:184791991:A:G	1	IFNb_105
chr1:184791995:A:G	1	IFNb_105
chr1:184792178:A:G	3	IFNb_105;LPS_105;IFNb_165
chr1:184793353:A:G	3	IFNb_105;LPS_105;IFNb_165
chr1:184793390:A:G	3	IFNb_105;IFNb_165;LPS_165
chr1:184793456:A:G	1	IFNb_105
chr1:19259964:A:G	1	LPS_105
chr1:19260007:A:G	1	LPS_105
chr1:19329136:A:G	1	IFNb_165
chr1:204552023:A:G	1	IFNb_105
chr1:204552031:A:G	1	IFNb_105
chr1:204552032:A:G	1	IFNb_105
chr1:204552110:A:G	1	IFNb_105
chr1:204552114:A:G	2	IFNb_105;LPS_105
chr1:204552126:A:G	1	IFNb_105
chr1:204552452:A:G	2	IFNb_105;LPS_105
chr1:204552488:A:G	1	IFNb_105
chr1:204552489:A:G	1	IFNb_105
chr1:204552497:A:G	1	IFNb_105
chr1:204552503:A:G	1	IFNb_105
chr1:204552506:A:G	2	IFNb_105;LPS_105
chr1:204552583:A:G	1	IFNb_105
chr1:204552584:A:G	1	IFNb_105
chr1:204552596:A:G	1	IFNb_105
chr1:204556420:A:G	1	LPS_165
chr1:204556511:A:G	1	IFNb_165
chr1:204556513:A:G	2	IFNb_165;LPS_165
chr1:204556521:A:G	1	IFNb_165
chr1:204556653:A:G	2	IFNb_105;LPS_105
chr1:204557532:A:G	1	IFNb_165
chr1:220057912:A:G	1	IFNb_165
chr1:220058604:A:G	1	LPS_165
chr1:220058801:A:G	1	LPS_165
chr1:220058802:A:G	2	IFNb_165;LPS_165
chr1:225983699:A:G	1	IFNb_165
chr1:236483672:G:A	1	IFNb_165
chr1:236483736:G:A	1	IFNb_165
chr1:236483781:G:A	1	IFNb_165
chr1:236484308:A:G	1	IFNb_165
chr1:236484362:T:C	1	IFNb_165
chr1:24538698:A:G	1	IFNb_105
chr1:24538843:A:G	2	IFNb_105;LPS_105
chr1:28335065:A:G	1	IFNb_165
chr1:28335142:A:G	2	IFNb_165;LPS_165
chr1:28335145:A:G	2	IFNb_165;LPS_165
chr1:28335171:A:G	1	IFNb_165
chr1:28335181:A:G	1	IFNb_165
chr1:28335183:A:G	1	IFNb_165
chr1:28335208:A:G	1	IFNb_165
chr1:28335302:A:G	2	IFNb_165;LPS_165
chr1:28335546:A:G	2	IFNb_165;LPS_165
chr1:28335561:A:G	1	IFNb_165
chr1:28335594:A:G	1	IFNb_165
chr1:28335671:A:G	2	IFNb_165;LPS_165
chr1:28335675:A:G	1	IFNb_165
chr1:28335688:A:G	1	IFNb_165
chr1:28335701:A:G	2	IFNb_165;LPS_165
chr1:28335702:A:G	2	IFNb_165;LPS_165
chr1:28335742:A:G	1	IFNb_165
chr1:28335743:A:G	1	IFNb_165
chr1:28498819:A:G	1	IFNb_165
chr1:28498974:A:G	1	LPS_105
chr1:28499519:A:G	1	IFNb_165
chr1:28499573:A:G	1	IFNb_165
chr1:28499678:A:G	1	IFNb_165
chr1:28717464:A:G	1	LPS_105
chr1:32683090:A:G	1	LPS_105
chr1:32683188:A:G	2	IFNb_105;LPS_105
chr1:35599876:A:G	1	IFNb_105
chr1:35599885:A:G	1	IFNb_105
chr1:35599888:A:G	1	IFNb_165
chr1:35599889:A:G	2	IFNb_105;IFNb_165
chr1:35599903:A:G	2	IFNb_105;IFNb_165
chr1:35599961:A:G	2	IFNb_105;IFNb_165
chr1:35600041:A:G	1	IFNb_105
chr1:35600107:A:G	1	IFNb_105
chr1:35600124:A:G	1	IFNb_105
chr1:35600137:A:G	1	IFNb_105
chr1:35602076:A:G	4	IFNb_105;LPS_105;IFNb_165;LPS_165
chr1:35602148:A:G	4	IFNb_105;LPS_105;IFNb_165;LPS_165
chr1:35602151:A:G	4	IFNb_105;LPS_105;IFNb_165;LPS_165
chr1:35602159:A:G	4	IFNb_105;LPS_105;IFNb_165;LPS_165
chr1:35602216:A:G	2	IFNb_165;LPS_165
chr1:35602220:A:G	4	IFNb_105;LPS_105;IFNb_165;LPS_165
chr1:35602237:A:G	2	IFNb_165;LPS_165
chr1:35602285:A:G	1	IFNb_165
chr1:35602324:A:G	4	IFNb_105;LPS_105;IFNb_165;LPS_165
chr1:35602565:A:G	1	IFNb_165
chr1:35602583:A:G	2	IFNb_165;LPS_165
chr1:35602594:A:G	2	IFNb_165;LPS_165
chr1:35602595:A:G	2	IFNb_165;LPS_165
chr1:35602609:A:G	2	IFNb_165;LPS_165
chr1:35602630:A:G	1	IFNb_165
chr1:35602674:A:G	2	IFNb_165;LPS_165
chr1:35602675:A:G	2	IFNb_165;LPS_165
chr1:35602694:A:G	2	IFNb_165;LPS_165
chr1:35602724:A:G	2	IFNb_165;LPS_165
chr1:35602763:A:G	2	IFNb_165;LPS_165
chr1:35602768:A:G	2	IFNb_165;LPS_165
chr1:35602769:A:G	3	IFNb_105;IFNb_165;LPS_165
chr1:37860971:A:G	2	IFNb_105;IFNb_165
chr1:37861028:A:G	3	IFNb_105;LPS_105;IFNb_165
chr1:37861056:A:G	3	IFNb_105;LPS_105;IFNb_165
chr1:37861509:A:G	1	IFNb_165
chr1:37862028:A:G	1	IFNb_165
chr1:50437463:A:G	2	IFNb_105;LPS_105
chr1:50437523:A:G	2	IFNb_105;LPS_105
chr1:50437821:A:G	1	LPS_105
chr1:52823190:A:G	2	IFNb_165;LPS_165
chr1:52823198:A:G	2	IFNb_165;LPS_165
chr1:52823252:A:G	3	LPS_105;IFNb_165;LPS_165
chr1:52823875:A:G	2	IFNb_105;IFNb_165
chr1:52824016:A:G	1	IFNb_105
chr1:52824087:A:G	1	IFNb_165
chr1:52824268:A:G	1	IFNb_105
chr1:52825748:A:G	3	LPS_105;IFNb_165;LPS_165
chr1:52825753:A:G	3	LPS_105;IFNb_165;LPS_165
chr1:6222164:A:G	1	IFNb_165
chr1:6522161:A:G	1	IFNb_105
chr1:67409006:A:G	1	LPS_105
chr1:7917801:A:G	1	LPS_105
chr1:7917828:A:G	1	LPS_105
chr1:7917829:A:G	1	LPS_105
chr1:7918212:A:G	2	LPS_105;LPS_165
chr1:7918253:A:G	1	LPS_105
chr1:7918277:A:G	1	LPS_105
chr1:7918640:A:G	1	LPS_105
chr1:7920465:A:G	1	LPS_105
chr1:7920478:A:G	1	LPS_105
chr1:7920479:A:G	1	IFNb_165
chr1:88982037:C:T	1	IFNb_165
chr1:89182578:A:G	2	IFNb_105;LPS_105
chr1:89182706:A:G	3	IFNb_105;LPS_105;IFNb_165
chr1:89182709:A:G	1	IFNb_165
chr1:89183644:A:G	2	IFNb_165;LPS_165
chr1:89183686:A:G	1	IFNb_165
chr1:89183779:A:G	2	LPS_105;IFNb_165
chr1:89183780:A:G	2	IFNb_105;IFNb_165
chr1:89183839:A:G	1	IFNb_165
chr1:89183866:A:G	3	IFNb_105;LPS_105;IFNb_165
chr1:89183874:A:G	3	IFNb_105;LPS_105;IFNb_165
chr1:89183877:A:G	3	IFNb_105;LPS_105;IFNb_165
chr1:9100841:A:G	3	IFNb_105;LPS_105;LPS_165
chr1:9100899:A:G	3	IFNb_105;LPS_105;LPS_165
chr1:9100904:A:G	3	IFNb_105;LPS_105;LPS_165
chr1:9100917:A:G	3	IFNb_105;LPS_105;IFNb_165
chr1:9100923:A:G	1	IFNb_105
chr1:9100930:A:G	3	IFNb_105;LPS_105;LPS_165
chr1:9100942:A:G	1	IFNb_105
chr1:9100952:A:G	2	IFNb_105;LPS_105
chr1:9101083:A:G	1	IFNb_165
chr1:9101120:A:G	1	LPS_105
chr1:9101133:A:G	1	IFNb_165
chr1:9101137:A:G	1	IFNb_165
chr1:9101144:A:G	1	IFNb_165
chr1:9101159:A:G	2	LPS_105;IFNb_165
chr1:9101298:A:G	1	LPS_105
chr1:9102147:A:G	2	IFNb_105;LPS_105
chr1:9102164:A:G	1	LPS_105
chr1:9102165:A:G	1	IFNb_105
chr1:9102166:A:G	2	IFNb_105;LPS_105
chr1:9102184:A:G	1	LPS_105
chr1:9102247:A:G	1	IFNb_105
chr1:9103328:A:G	2	IFNb_165;LPS_165
chr1:9267968:A:G	1	LPS_165
chr1:9267987:A:G	1	IFNb_165
chr1:9267988:A:G	1	LPS_165
chr1:9268043:A:G	1	IFNb_105
chr1:9268044:A:G	1	IFNb_105
chr1:9268154:A:G	1	IFNb_105
chr1:9268164:A:G	1	IFNb_105
chr1:9268183:A:G	1	IFNb_165
chr1:9268184:A:G	2	IFNb_105;IFNb_165
chr1:9271035:A:G	2	IFNb_105;IFNb_165
chr1:93366748:A:G	1	IFNb_105
chr1:93366749:A:G	1	IFNb_105
chr1:9927795:A:G	2	IFNb_105;LPS_105
chr1:9928633:A:G	2	LPS_105;IFNb_165
chr1:9982879:A:G	2	IFNb_165;LPS_165
chr1:9982897:A:G	1	IFNb_165
chr1:9982995:A:G	1	IFNb_165
chr1:9984309:A:G	1	IFNb_165
chr20:18487707:A:G	2	IFNb_165;LPS_165
chr20:18487708:A:G	1	IFNb_165
chr20:18487717:A:G	1	IFNb_165
chr20:18487824:A:G	1	IFNb_165
chr20:18487828:A:G	1	IFNb_165
chr20:18487830:A:G	1	IFNb_165
chr20:18487867:A:G	2	IFNb_165;LPS_165
chr20:18488410:A:G	1	IFNb_165
chr20:18488443:A:G	1	IFNb_165
chr20:18488498:A:G	1	IFNb_165
chr20:18488538:A:G	1	IFNb_165
chr20:18488539:A:G	1	IFNb_165
chr20:33646654:A:G	1	LPS_105
chr20:36781370:A:G	1	IFNb_105
chr20:36892574:A:G	3	IFNb_105;IFNb_165;LPS_165
chr20:3867521:A:G	1	IFNb_165
chr20:3868363:A:G	1	IFNb_165
chr20:3868371:A:G	1	IFNb_165
chr20:3868448:A:G	1	IFNb_165
chr20:3868451:A:G	1	IFNb_165
chr20:3868479:A:G	1	IFNb_165
chr20:3868487:A:G	1	IFNb_165
chr20:3868513:A:G	1	IFNb_165
chr20:3868514:A:G	3	IFNb_105;LPS_105;IFNb_165
chr20:3869487:A:G	1	IFNb_165
chr20:3869544:A:G	1	IFNb_165
chr20:3869674:A:G	1	IFNb_165
chr20:3869867:A:G	1	LPS_105
chr20:3870544:A:G	2	IFNb_105;LPS_105
chr20:3870562:A:G	1	IFNb_165
chr20:45078306:A:G	1	IFNb_165
chr20:45078309:A:G	1	IFNb_105
chr20:45078347:A:G	1	IFNb_105
chr20:45079068:A:G	2	LPS_105;IFNb_165
chr20:45079118:A:G	2	IFNb_105;IFNb_165
chr20:45079130:A:G	1	IFNb_165
chr20:45079198:A:G	4	IFNb_105;LPS_105;IFNb_165;LPS_165
chr21:33263955:A:G	2	IFNb_105;LPS_105
chr21:33263959:A:G	1	IFNb_165
chr21:33263988:A:G	3	LPS_105;IFNb_165;LPS_165
chr21:33263998:A:G	3	IFNb_105;LPS_105;IFNb_165
chr21:33264042:A:G	2	IFNb_105;IFNb_165
chr21:33264056:A:G	1	IFNb_165
chr21:33264079:A:G	1	IFNb_165
chr21:33264080:A:G	1	IFNb_165
chr21:33264779:A:G	1	IFNb_105
chr21:33264783:A:G	1	IFNb_165
chr21:33264841:A:G	3	IFNb_105;IFNb_165;LPS_165
chr21:33264844:A:G	3	IFNb_105;LPS_105;IFNb_165
chr21:33264854:A:G	1	IFNb_165
chr21:33264911:A:G	1	IFNb_165
chr21:33264920:A:G	1	IFNb_165
chr21:33264941:A:G	4	IFNb_105;LPS_105;IFNb_165;LPS_165
chr21:33357625:A:G	2	IFNb_105;LPS_105
chr21:33357628:A:G	3	IFNb_105;LPS_105;IFNb_165
chr21:33357653:A:G	1	IFNb_105
chr21:33357713:A:G	2	IFNb_105;LPS_105
chr21:33357727:A:G	3	IFNb_105;LPS_105;LPS_165
chr21:33357771:A:G	4	IFNb_105;LPS_105;IFNb_165;LPS_165
chr21:33357789:A:G	3	IFNb_105;LPS_105;LPS_165
chr21:33357790:A:G	3	IFNb_105;LPS_105;LPS_165
chr21:33357802:A:G	4	IFNb_105;LPS_105;IFNb_165;LPS_165
chr21:42910143:A:G	2	IFNb_105;LPS_105
chr21:42910191:A:G	1	LPS_105
chr21:42911096:A:G	1	LPS_105
chr21:42911607:A:G	1	IFNb_105
chr22:17110377:A:G	1	IFNb_165
chr22:17113215:A:G	2	IFNb_165;LPS_165
chr22:17113247:A:G	3	IFNb_105;LPS_105;IFNb_165
chr22:17113258:A:G	2	IFNb_105;LPS_105
chr22:17113268:A:G	1	IFNb_165
chr22:17113329:A:G	1	IFNb_105
chr22:17113332:A:G	2	IFNb_105;IFNb_165
chr22:17113334:A:G	1	IFNb_165
chr22:17113380:A:G	2	IFNb_105;IFNb_165
chr22:17113383:A:G	2	IFNb_105;IFNb_165
chr22:17113449:A:G	1	IFNb_105
chr22:17113459:A:G	2	IFNb_105;LPS_105
chr22:24573054:A:G	1	IFNb_165
chr22:24573661:A:G	2	LPS_105;IFNb_165
chr22:24573814:A:G	2	LPS_105;IFNb_165
chr22:24573832:A:G	1	IFNb_165
chr22:24573833:A:G	1	IFNb_165
chr22:24574574:A:G	1	IFNb_165
chr22:24574641:A:G	3	LPS_105;IFNb_165;LPS_165
chr22:24574671:A:G	2	LPS_105;IFNb_165
chr22:24574675:A:G	1	IFNb_165
chr22:24574707:A:G	2	LPS_105;IFNb_165
chr22:24574742:A:G	1	IFNb_165
chr22:25724973:A:G	1	LPS_165
chr22:25724978:A:G	1	IFNb_105
chr22:25724994:A:G	2	IFNb_165;LPS_165
chr22:25725110:A:G	1	IFNb_105
chr22:25725683:A:G	1	IFNb_105
chr22:25725802:A:G	1	LPS_105
chr22:26523682:A:G	1	LPS_105
chr22:26523764:A:G	1	IFNb_165
chr22:26523856:A:G	3	LPS_105;IFNb_165;LPS_165
chr22:31277193:G:A	1	IFNb_165
chr22:31277313:A:G	2	IFNb_165;LPS_165
chr22:35659793:A:G	1	IFNb_105
chr22:35659830:A:G	1	IFNb_105
chr22:35659860:A:G	2	IFNb_105;IFNb_165
chr22:35659866:A:G	1	IFNb_105
chr22:35659869:A:G	2	IFNb_105;LPS_105
chr22:35659891:A:G	2	IFNb_105;IFNb_165
chr22:35659905:A:G	2	IFNb_105;IFNb_165
chr22:35659927:A:G	3	IFNb_105;LPS_105;IFNb_165
chr22:35659950:A:G	2	IFNb_105;IFNb_165
chr22:35660445:A:G	2	IFNb_105;LPS_105
chr22:35660551:A:G	4	IFNb_105;LPS_105;IFNb_165;LPS_165
chr22:35660685:A:G	4	IFNb_105;LPS_105;IFNb_165;LPS_165
chr22:35661159:A:G	1	IFNb_105
chr22:35661178:A:G	2	IFNb_105;LPS_105
chr22:35661201:A:G	2	IFNb_105;IFNb_165
chr22:35661204:A:G	2	IFNb_105;IFNb_165
chr22:35661214:A:G	1	IFNb_165
chr22:35661238:A:G	1	IFNb_105
chr22:35661247:A:G	2	IFNb_105;LPS_105
chr22:35661279:A:G	1	IFNb_105
chr22:35661291:A:G	2	IFNb_105;IFNb_165
chr22:35661307:A:G	2	IFNb_105;IFNb_165
chr22:35661308:A:G	2	IFNb_105;IFNb_165
chr22:36266143:T:C	1	IFNb_165
chr22:36266160:A:G	3	IFNb_105;IFNb_165;LPS_165
chr22:36266191:A:G	1	IFNb_165
chr22:36266220:A:G	3	IFNb_105;IFNb_165;LPS_165
chr22:36266230:A:G	3	IFNb_105;IFNb_165;LPS_165
chr22:36266256:A:G	1	IFNb_165
chr22:36266271:A:G	1	IFNb_165
chr22:36266272:A:G	2	IFNb_165;LPS_165
chr22:36266288:A:G	1	IFNb_165
chr22:36266291:A:G	4	IFNb_105;LPS_105;IFNb_165;LPS_165
chr22:36266350:A:G	4	IFNb_105;LPS_105;IFNb_165;LPS_165
chr22:36266351:A:G	4	IFNb_105;LPS_105;IFNb_165;LPS_165
chr22:36266650:A:G	4	IFNb_105;LPS_105;IFNb_165;LPS_165
chr22:36266651:A:G	3	IFNb_105;LPS_105;IFNb_165
chr22:36266694:A:G	4	IFNb_105;LPS_105;IFNb_165;LPS_165
chr22:36266728:A:G	1	IFNb_165
chr22:36266743:A:G	2	IFNb_165;LPS_165
chr22:36266748:A:G	2	IFNb_165;LPS_165
chr22:36266758:A:G	4	IFNb_105;LPS_105;IFNb_165;LPS_165
chr22:36266825:A:G	4	IFNb_105;LPS_105;IFNb_165;LPS_165
chr22:36266826:A:G	4	IFNb_105;LPS_105;IFNb_165;LPS_165
chr22:36266855:A:G	3	IFNb_105;LPS_105;IFNb_165
chr22:36487870:A:G	1	IFNb_105
chr22:36487875:A:G	1	IFNb_105
chr22:36487900:A:G	1	IFNb_105
chr22:36487926:A:G	1	LPS_105
chr22:36487935:A:G	1	LPS_105
chr22:36487944:A:G	2	IFNb_105;LPS_105
chr22:36487967:A:G	2	IFNb_105;LPS_105
chr22:36487991:A:G	1	LPS_105
chr22:36487992:A:G	1	LPS_105
chr22:36488008:A:G	1	LPS_105
chr22:36488009:A:G	1	LPS_105
chr22:36488048:A:G	1	LPS_105
chr22:39018767:A:G	4	IFNb_105;LPS_105;IFNb_165;LPS_165
chr22:39018907:A:G	3	IFNb_105;LPS_105;IFNb_165
chr22:39019867:A:G	3	IFNb_105;LPS_105;IFNb_165
chr22:39019886:A:G	3	IFNb_105;LPS_105;IFNb_165
chr22:39019900:A:G	2	IFNb_105;IFNb_165
chr22:39019905:A:G	3	IFNb_105;LPS_105;IFNb_165
chr22:39019906:A:G	3	IFNb_105;LPS_105;IFNb_165
chr22:39020076:A:G	3	IFNb_105;LPS_105;IFNb_165
chr22:39032711:A:G	1	IFNb_105
chr22:39032722:A:G	1	IFNb_105
chr22:39032849:A:G	1	IFNb_165
chr22:39033096:A:G	2	IFNb_105;IFNb_165
chr22:39053067:A:G	1	IFNb_165
chr22:39053205:A:G	4	IFNb_105;LPS_105;IFNb_165;LPS_165
chr22:39053230:A:G	4	IFNb_105;LPS_105;IFNb_165;LPS_165
chr22:39053500:A:G	1	IFNb_165
chr22:39053518:A:G	1	IFNb_165
chr22:39053535:A:G	1	IFNb_165
chr22:39053561:A:G	1	IFNb_165
chr22:40929325:A:G	1	LPS_105
chr22:40930269:A:G	1	LPS_105
chr22:40930589:A:G	1	LPS_105
chr22:41599256:A:G	3	IFNb_105;LPS_105;IFNb_165
chr22:42381099:A:G	2	LPS_105;IFNb_165
chr22:42381152:A:G	1	LPS_105
chr22:42381180:A:G	3	LPS_105;IFNb_165;LPS_165
chr22:42381188:A:G	1	LPS_105
chr22:42383501:A:G	2	IFNb_105;LPS_105
chr22:42383505:A:G	2	LPS_105;IFNb_165
chr22:42383533:A:G	2	LPS_105;IFNb_165
chr22:42383534:A:G	2	LPS_105;IFNb_165
chr22:42383631:A:G	1	LPS_105
chr22:45193983:A:G	1	IFNb_105
chr22:45194408:A:G	2	IFNb_105;IFNb_165
chr22:45194413:A:G	1	IFNb_105
chr22:47174623:C:T	1	IFNb_165
chr2:113707798:A:G	2	IFNb_105;LPS_105
chr2:113707833:A:G	1	IFNb_105
chr2:113707834:A:G	2	IFNb_105;LPS_105
chr2:113707840:A:G	1	IFNb_105
chr2:113708448:A:G	1	IFNb_105
chr2:113708460:A:G	2	IFNb_105;LPS_105
chr2:113708461:A:G	1	IFNb_105
chr2:113708487:A:G	1	IFNb_105
chr2:113708488:A:G	1	IFNb_105
chr2:113708513:A:G	1	IFNb_105
chr2:113708539:A:G	1	IFNb_105
chr2:113708578:A:G	1	IFNb_105
chr2:113708584:A:G	1	IFNb_105
chr2:113708623:A:G	1	IFNb_105
chr2:113709956:A:G	2	IFNb_105;LPS_105
chr2:113710053:A:G	2	IFNb_105;LPS_105
chr2:113710062:A:G	1	IFNb_165
chr2:113710726:A:G	1	IFNb_105
chr2:113712588:A:G	1	IFNb_105
chr2:127843890:A:G	2	IFNb_165;LPS_165
chr2:127844888:A:G	3	LPS_105;IFNb_165;LPS_165
chr2:127846086:A:G	1	IFNb_165
chr2:127846131:A:G	1	IFNb_165
chr2:127846170:A:G	1	IFNb_165
chr2:127846171:A:G	1	IFNb_165
chr2:128192923:A:G	1	LPS_105
chr2:128192924:A:G	1	LPS_105
chr2:128192974:A:G	1	LPS_105
chr2:128193030:A:G	2	IFNb_105;LPS_105
chr2:128193066:A:G	2	IFNb_105;LPS_105
chr2:128193098:A:G	1	LPS_105
chr2:128193381:A:G	1	LPS_105
chr2:128193391:A:G	1	LPS_105
chr2:128193418:A:G	1	LPS_105
chr2:128193426:A:G	1	LPS_105
chr2:128193432:A:G	1	LPS_105
chr2:128193452:A:G	1	LPS_105
chr2:128193506:A:G	1	LPS_105
chr2:128193521:A:G	1	LPS_105
chr2:128193533:A:G	1	LPS_105
chr2:129982638:A:G	1	IFNb_165
chr2:131484041:A:G	1	IFNb_165
chr2:143048796:A:G	2	IFNb_105;LPS_105
chr2:143048817:A:G	1	LPS_105
chr2:143048832:A:G	1	LPS_105
chr2:143048877:A:G	1	LPS_105
chr2:143048896:A:G	2	LPS_105;LPS_165
chr2:143048903:A:G	2	IFNb_105;LPS_105
chr2:171749317:A:G	2	IFNb_165;LPS_165
chr2:175926453:A:G	1	IFNb_105
chr2:190934866:A:G	4	IFNb_105;LPS_105;IFNb_165;LPS_165
chr2:200909541:A:G	1	LPS_105
chr2:200977694:A:G	1	IFNb_105
chr2:200977711:A:G	1	IFNb_105
chr2:200977769:A:G	1	IFNb_105
chr2:200978656:A:G	1	LPS_105
chr2:200978747:A:G	1	LPS_105
chr2:200978748:A:G	1	LPS_105
chr2:201164004:A:G	1	IFNb_165
chr2:201164010:A:G	2	IFNb_165;LPS_165
chr2:201164144:A:G	2	IFNb_165;LPS_165
chr2:201165371:A:G	4	IFNb_105;LPS_105;IFNb_165;LPS_165
chr2:201165546:A:G	3	IFNb_105;LPS_105;IFNb_165
chr2:201217945:A:G	1	IFNb_165
chr2:201218007:A:G	2	IFNb_105;IFNb_165
chr2:201218013:A:G	2	IFNb_105;IFNb_165
chr2:201218014:A:G	1	IFNb_165
chr2:201218039:A:G	1	IFNb_165
chr2:201218334:A:G	1	IFNb_165
chr2:201218512:A:G	1	IFNb_165
chr2:201218522:A:G	1	IFNb_165
chr2:201219150:A:G	1	IFNb_165
chr2:201219176:A:G	2	IFNb_165;LPS_165
chr2:201219195:A:G	1	IFNb_165
chr2:201287339:A:G	2	IFNb_165;LPS_165
chr2:201287355:A:G	1	IFNb_165
chr2:201287385:A:G	1	IFNb_165
chr2:203297450:A:G	1	IFNb_165
chr2:203297587:A:G	1	IFNb_165
chr2:203297865:A:G	2	LPS_105;IFNb_165
chr2:203297874:A:G	2	LPS_105;IFNb_165
chr2:203298941:A:G	1	IFNb_105
chr2:203298956:A:G	1	LPS_105
chr2:203300670:A:G	1	IFNb_165
chr2:203300703:A:G	1	IFNb_105
chr2:203300769:A:G	1	IFNb_165
chr2:203301117:A:G	1	IFNb_105
chr2:203301533:A:G	1	LPS_105
chr2:203302123:A:G	1	LPS_105
chr2:203302354:A:G	1	LPS_105
chr2:203302413:A:G	1	LPS_105
chr2:203302473:A:G	1	LPS_105
chr2:203302744:A:G	1	LPS_105
chr2:203302773:A:G	1	LPS_105
chr2:203302793:A:G	1	LPS_105
chr2:203302832:A:G	1	LPS_105
chr2:203302876:A:G	1	LPS_105
chr2:203302943:A:G	1	LPS_105
chr2:203302968:A:G	1	LPS_105
chr2:203303101:A:G	1	LPS_105
chr2:203303188:A:G	1	LPS_105
chr2:203303214:A:G	1	LPS_105
chr2:203303233:A:G	1	LPS_105
chr2:203303486:A:G	1	LPS_105
chr2:203303510:A:G	1	LPS_105
chr2:203303584:A:G	1	LPS_105
chr2:203303755:A:G	1	LPS_105
chr2:203303756:A:G	2	IFNb_105;IFNb_165
chr2:203304458:A:G	1	LPS_105
chr2:203304459:A:G	1	LPS_105
chr2:203304471:A:G	1	LPS_105
chr2:203304856:A:G	1	LPS_105
chr2:203305270:A:G	1	LPS_105
chr2:203305385:A:G	2	IFNb_105;LPS_105
chr2:203305447:A:G	1	LPS_105
chr2:203305461:A:G	1	LPS_105
chr2:203305462:A:G	2	LPS_105;IFNb_165
chr2:206116904:A:G	1	LPS_105
chr2:206117533:A:G	1	LPS_105
chr2:206121509:A:G	1	IFNb_105
chr2:206121522:A:G	1	LPS_105
chr2:206122212:A:G	1	IFNb_165
chr2:206122264:A:G	1	IFNb_105
chr2:206122372:A:G	2	IFNb_105;LPS_105
chr2:206122384:A:G	1	IFNb_105
chr2:206122385:A:G	1	IFNb_105
chr2:206122412:A:G	1	IFNb_105
chr2:206122504:A:G	1	LPS_105
chr2:206122529:A:G	1	IFNb_105
chr2:207754653:A:G	3	IFNb_105;IFNb_165;LPS_165
chr2:207754737:A:G	4	IFNb_105;LPS_105;IFNb_165;LPS_165
chr2:207754755:A:G	3	IFNb_105;LPS_105;IFNb_165
chr2:207754767:A:G	1	IFNb_165
chr2:207754926:A:G	4	IFNb_105;LPS_105;IFNb_165;LPS_165
chr2:207754938:A:G	2	IFNb_165;LPS_165
chr2:207754951:A:G	1	IFNb_165
chr2:207755018:A:G	4	IFNb_105;LPS_105;IFNb_165;LPS_165
chr2:207755025:A:G	3	IFNb_105;LPS_105;IFNb_165
chr2:207755405:A:G	3	IFNb_105;IFNb_165;LPS_165
chr2:207755419:A:G	4	IFNb_105;LPS_105;IFNb_165;LPS_165
chr2:215943585:A:G	4	IFNb_105;LPS_105;IFNb_165;LPS_165
chr2:215943597:A:G	4	IFNb_105;LPS_105;IFNb_165;LPS_165
chr2:215943598:A:G	3	IFNb_105;LPS_105;LPS_165
chr2:215943652:A:G	2	IFNb_105;LPS_105
chr2:215943674:A:G	1	IFNb_105
chr2:215943677:A:G	2	IFNb_105;LPS_105
chr2:215943719:A:G	1	IFNb_105
chr2:215943779:A:G	1	IFNb_105
chr2:215944250:A:G	1	LPS_165
chr2:215944251:A:G	2	IFNb_105;LPS_165
chr2:218135891:C:T	1	IFNb_165
chr2:222559515:A:G	1	IFNb_165
chr2:222559523:A:G	1	LPS_165
chr2:222559707:A:G	1	LPS_165
chr2:230168009:A:G	1	IFNb_105
chr2:32307741:A:G	2	IFNb_105;IFNb_165
chr2:32307771:A:G	1	IFNb_165
chr2:32307809:A:G	1	IFNb_165
chr2:32307818:A:G	1	IFNb_165
chr2:32309769:A:G	1	LPS_105
chr2:32309937:A:G	1	IFNb_105
chr2:32309964:A:G	1	IFNb_105
chr2:32310679:A:G	1	IFNb_165
chr2:32312367:A:G	1	LPS_105
chr2:37100447:A:G	2	IFNb_105;IFNb_165
chr2:37100519:A:G	3	IFNb_105;LPS_105;IFNb_165
chr2:37100523:A:G	3	IFNb_105;LPS_105;IFNb_165
chr2:37100527:A:G	2	IFNb_105;IFNb_165
chr2:37100534:A:G	2	IFNb_105;IFNb_165
chr2:37100559:A:G	3	IFNb_105;LPS_105;IFNb_165
chr2:37100865:A:G	1	IFNb_105
chr2:37100870:A:G	4	IFNb_105;LPS_105;IFNb_165;LPS_165
chr2:37100873:A:G	1	IFNb_105
chr2:37100891:A:G	4	IFNb_105;LPS_105;IFNb_165;LPS_165
chr2:37100932:A:G	4	IFNb_105;LPS_105;IFNb_165;LPS_165
chr2:37100939:A:G	4	IFNb_105;LPS_105;IFNb_165;LPS_165
chr2:37100944:A:G	3	IFNb_105;IFNb_165;LPS_165
chr2:37100954:A:G	3	IFNb_105;LPS_105;IFNb_165
chr2:37102071:A:G	2	IFNb_105;IFNb_165
chr2:37102095:A:G	3	IFNb_105;LPS_105;IFNb_165
chr2:37102140:A:G	1	IFNb_165
chr2:37102204:A:G	1	IFNb_105
chr2:37103288:A:G	2	IFNb_165;LPS_165
chr2:37103292:A:G	1	IFNb_165
chr2:37103360:A:G	1	IFNb_165
chr2:37103468:A:G	1	IFNb_105
chr2:37103469:A:G	1	IFNb_105
chr2:37103895:A:G	2	IFNb_105;IFNb_165
chr2:37103922:A:G	2	IFNb_165;LPS_165
chr2:37103976:A:G	1	IFNb_105
chr2:37104028:A:G	2	IFNb_105;LPS_105
chr2:37104064:A:G	1	IFNb_105
chr2:37202383:A:G	2	IFNb_105;IFNb_165
chr2:37202389:A:G	1	IFNb_105
chr2:37202390:A:G	1	IFNb_105
chr2:37202435:A:G	1	IFNb_105
chr2:37202483:A:G	2	IFNb_105;IFNb_165
chr2:37202484:A:G	1	IFNb_165
chr2:37202485:A:G	2	IFNb_105;IFNb_165
chr2:37202534:A:G	2	IFNb_105;IFNb_165
chr2:37202595:A:G	1	IFNb_105
chr2:37204342:A:G	1	IFNb_105
chr2:37204377:A:G	1	IFNb_105
chr2:37204378:A:G	1	IFNb_105
chr2:37204461:A:G	1	IFNb_105
chr2:37204538:A:G	1	IFNb_105
chr2:38784277:A:G	1	LPS_105
chr2:38784417:A:G	1	LPS_105
chr2:38784419:A:G	1	LPS_105
chr2:38784420:A:G	1	LPS_105
chr2:38784516:A:G	1	LPS_105
chr2:69461771:A:G	1	IFNb_105
chr2:86020436:A:G	1	LPS_105
chr2:96249200:A:G	2	IFNb_165;LPS_165
chr2:98622919:A:G	1	IFNb_165
chr2:99195826:A:G	2	IFNb_165;LPS_165
chr2:99195966:A:G	2	IFNb_165;LPS_165
chr2:99195984:A:G	1	IFNb_165
chr2:99195987:A:G	2	IFNb_165;LPS_165
chr2:99196001:A:G	2	IFNb_165;LPS_165
chr2:99196002:A:G	1	IFNb_165
chr2:99196345:A:G	1	IFNb_165
chr2:99196352:A:G	1	IFNb_165
chr2:99196354:A:G	1	IFNb_165
chr2:99196394:A:G	1	IFNb_165
chr2:99196401:A:G	1	IFNb_165
chr2:99196434:A:G	1	IFNb_165
chr2:99196515:A:G	2	IFNb_165;LPS_165
chr2:99196525:A:G	1	IFNb_165
chr2:99196540:A:G	1	IFNb_165
chr2:99196552:A:G	2	IFNb_165;LPS_165
chr2:99196557:A:G	2	IFNb_165;LPS_165
chr3:10150924:A:G	1	IFNb_165
chr3:10150933:A:G	1	IFNb_165
chr3:10150958:A:G	1	IFNb_165
chr3:10151100:A:G	1	IFNb_165
chr3:10151127:A:G	1	IFNb_165
chr3:10151132:A:G	2	IFNb_105;IFNb_165
chr3:10152587:A:G	1	IFNb_105
chr3:10152593:A:G	1	IFNb_105
chr3:10152622:A:G	2	IFNb_105;LPS_105
chr3:10152632:A:G	2	IFNb_105;LPS_105
chr3:10152672:A:G	2	IFNb_105;LPS_105
chr3:10152689:A:G	1	IFNb_105
chr3:10152733:A:G	1	IFNb_105
chr3:10152764:A:G	1	IFNb_105
chr3:10152933:A:G	2	IFNb_105;LPS_105
chr3:10153021:A:G	2	IFNb_105;LPS_105
chr3:10153100:A:G	1	IFNb_105
chr3:10153386:A:G	3	IFNb_105;LPS_105;IFNb_165
chr3:10153408:A:G	2	IFNb_105;LPS_105
chr3:10153411:A:G	2	IFNb_105;LPS_105
chr3:101823506:A:G	1	IFNb_165
chr3:101823592:A:G	1	IFNb_165
chr3:101823993:A:G	1	IFNb_105
chr3:142163830:A:G	1	LPS_105
chr3:15072979:A:G	1	IFNb_165
chr3:15410783:A:G	1	LPS_165
chr3:15411030:A:G	1	LPS_105
chr3:155943110:A:G	2	IFNb_105;LPS_105
chr3:155943111:A:G	1	LPS_105
chr3:156540441:A:G	1	IFNb_105
chr3:156540484:A:G	1	IFNb_165
chr3:156541574:A:G	1	IFNb_165
chr3:156541578:A:G	1	IFNb_165
chr3:156541617:A:G	1	IFNb_165
chr3:156541618:A:G	1	IFNb_165
chr3:179397783:A:G	1	IFNb_105
chr3:179397842:A:G	1	IFNb_105
chr3:179397847:A:G	1	IFNb_105
chr3:179397868:A:G	1	IFNb_105
chr3:179397904:A:G	1	IFNb_105
chr3:179397910:A:G	1	IFNb_105
chr3:179397949:A:G	1	IFNb_105
chr3:179397996:A:G	1	IFNb_105
chr3:179398001:A:G	1	IFNb_105
chr3:179398002:A:G	1	IFNb_105
chr3:179398010:A:G	1	IFNb_105
chr3:179398024:A:G	1	IFNb_105
chr3:179398258:A:G	1	IFNb_105
chr3:179398270:A:G	1	IFNb_105
chr3:179398286:A:G	1	IFNb_105
chr3:179398367:A:G	1	LPS_105
chr3:179398433:A:G	1	IFNb_105
chr3:179398501:A:G	1	IFNb_105
chr3:179398517:A:G	2	IFNb_105;LPS_105
chr3:179399245:A:G	2	IFNb_105;IFNb_165
chr3:179399314:A:G	1	IFNb_165
chr3:179399367:A:G	2	IFNb_165;LPS_165
chr3:179399376:A:G	2	IFNb_165;LPS_165
chr3:179399445:A:G	2	IFNb_165;LPS_165
chr3:179399453:A:G	1	IFNb_165
chr3:179399454:A:G	2	IFNb_165;LPS_165
chr3:179399476:A:G	2	IFNb_165;LPS_165
chr3:179399478:A:G	2	IFNb_165;LPS_165
chr3:183490657:A:G	2	IFNb_165;LPS_165
chr3:183490683:A:G	2	IFNb_105;LPS_105
chr3:183490722:A:G	1	IFNb_105
chr3:183491248:A:G	1	IFNb_165
chr3:183491340:A:G	1	IFNb_165
chr3:188880911:A:G	1	LPS_105
chr3:197884177:A:G	1	IFNb_165
chr3:197884224:A:G	1	IFNb_165
chr3:197884254:A:G	2	IFNb_165;LPS_165
chr3:197884284:A:G	1	IFNb_165
chr3:197884320:A:G	2	IFNb_165;LPS_165
chr3:197884321:A:G	2	IFNb_165;LPS_165
chr3:197884340:A:G	1	IFNb_165
chr3:197884875:A:G	1	IFNb_165
chr3:197885349:A:G	3	LPS_105;IFNb_165;LPS_165
chr3:197885397:A:G	1	IFNb_165
chr3:197885489:A:G	2	IFNb_165;LPS_165
chr3:197885522:A:G	1	IFNb_165
chr3:197885531:A:G	2	LPS_105;IFNb_165
chr3:23922106:A:G	1	LPS_105
chr3:23922123:A:G	1	LPS_105
chr3:40462561:A:G	1	LPS_105
chr3:44438256:A:G	1	IFNb_105
chr3:44749144:A:G	3	IFNb_105;IFNb_165;LPS_165
chr3:44749267:A:G	2	IFNb_165;LPS_165
chr3:44749905:A:G	1	IFNb_165
chr3:48749558:A:G	2	IFNb_105;IFNb_165
chr3:48749609:A:G	1	IFNb_165
chr3:48749685:A:G	1	IFNb_165
chr3:48750129:A:G	2	IFNb_165;LPS_165
chr3:48750241:A:G	1	IFNb_165
chr3:48750251:A:G	1	IFNb_165
chr3:48750423:A:G	1	IFNb_165
chr3:48750476:A:G	1	IFNb_165
chr3:49423500:A:G	1	IFNb_165
chr3:57626544:A:G	1	LPS_105
chr3:57627308:A:G	2	IFNb_105;IFNb_165
chr3:57627395:A:G	1	IFNb_105
chr3:57627416:A:G	1	IFNb_105
chr3:57627417:A:G	1	IFNb_105
chr3:94059370:A:G	1	IFNb_165
chr3:94129940:A:G	1	LPS_105
chr3:94130028:A:G	2	IFNb_105;LPS_105
chr3:94131052:A:G	1	LPS_105
chr3:94131153:A:G	2	IFNb_105;LPS_105
chr4:105846161:A:G	1	LPS_105
chr4:105846789:A:G	1	LPS_105
chr4:105846795:A:G	1	LPS_105
chr4:105846921:A:G	1	LPS_105
chr4:123315920:A:G	1	LPS_105
chr4:128036454:A:G	4	IFNb_105;LPS_105;IFNb_165;LPS_165
chr4:128036516:A:G	2	IFNb_165;LPS_165
chr4:128036529:A:G	3	IFNb_105;IFNb_165;LPS_165
chr4:128036530:A:G	3	IFNb_105;IFNb_165;LPS_165
chr4:128036549:A:G	4	IFNb_105;LPS_105;IFNb_165;LPS_165
chr4:128036575:A:G	1	IFNb_165
chr4:128036585:A:G	2	IFNb_105;IFNb_165
chr4:128036612:A:G	1	IFNb_165
chr4:128036664:A:G	1	IFNb_165
chr4:128036847:A:G	3	IFNb_105;LPS_105;IFNb_165
chr4:128036907:A:G	3	IFNb_105;LPS_105;IFNb_165
chr4:128036916:A:G	2	IFNb_105;IFNb_165
chr4:128036930:A:G	1	IFNb_165
chr4:128036931:A:G	2	LPS_105;IFNb_165
chr4:128036946:A:G	2	IFNb_105;LPS_105
chr4:128036972:A:G	1	LPS_105
chr4:139045723:A:G	2	IFNb_105;LPS_105
chr4:165075117:A:G	1	IFNb_105
chr4:165075135:A:G	1	LPS_105
chr4:165075136:A:G	2	IFNb_105;LPS_105
chr4:165075137:A:G	1	IFNb_105
chr4:165075214:A:G	1	LPS_105
chr4:165075637:A:G	1	LPS_105
chr4:165075659:A:G	2	IFNb_105;LPS_105
chr4:165075675:A:G	2	IFNb_105;LPS_105
chr4:165075707:A:G	1	IFNb_105
chr4:165075919:A:G	2	IFNb_105;LPS_105
chr4:165075926:A:G	1	LPS_105
chr4:165075927:A:G	1	LPS_105
chr4:165075948:A:G	1	LPS_105
chr4:165075952:A:G	1	LPS_105
chr4:165075953:A:G	1	LPS_105
chr4:165075962:A:G	1	LPS_105
chr4:165076926:A:G	1	LPS_105
chr4:165076997:A:G	1	LPS_105
chr4:165077000:A:G	1	LPS_105
chr4:165077490:A:G	2	IFNb_105;LPS_105
chr4:165077502:A:G	2	IFNb_105;LPS_105
chr4:165077704:A:G	1	LPS_105
chr4:17627754:A:G	1	IFNb_165
chr4:176331087:A:G	3	IFNb_105;LPS_105;LPS_165
chr4:176331175:A:G	4	IFNb_105;LPS_105;IFNb_165;LPS_165
chr4:176331176:A:G	3	IFNb_105;LPS_105;LPS_165
chr4:17801160:A:G	1	IFNb_105
chr4:17801307:A:G	1	IFNb_105
chr4:17801396:A:G	1	LPS_105
chr4:17801981:A:G	2	IFNb_105;LPS_105
chr4:17802039:A:G	1	IFNb_105
chr4:2839625:A:G	1	IFNb_165
chr4:2839661:A:G	3	IFNb_105;LPS_105;IFNb_165
chr4:2839669:A:G	1	IFNb_165
chr4:2839671:A:G	1	IFNb_165
chr4:2840074:A:G	2	LPS_105;IFNb_165
chr4:2840118:A:G	1	IFNb_165
chr4:382085:A:G	1	LPS_105
chr4:382153:A:G	1	LPS_105
chr4:56460147:A:G	3	IFNb_105;LPS_105;LPS_165
chr4:56460149:A:G	3	IFNb_105;LPS_105;LPS_165
chr4:56460709:A:G	1	LPS_165
chr4:56460713:A:G	1	IFNb_165
chr4:56460851:A:G	2	IFNb_105;IFNb_165
chr4:67469615:A:G	1	IFNb_105
chr4:67469616:A:G	1	IFNb_105
chr4:770973:T:C	1	LPS_105
chr4:83294171:A:G	1	LPS_165
chr4:83294197:A:G	1	LPS_165
chr4:83294810:A:G	2	IFNb_165;LPS_165
chr4:83294811:A:G	2	IFNb_165;LPS_165
chr4:83294820:A:G	2	IFNb_165;LPS_165
chr4:83294837:A:G	2	IFNb_165;LPS_165
chr4:83294876:A:G	2	IFNb_165;LPS_165
chr4:83294884:A:G	3	LPS_105;IFNb_165;LPS_165
chr4:83294914:A:G	3	LPS_105;IFNb_165;LPS_165
chr4:83294982:A:G	1	LPS_165
chr4:83295049:A:G	1	LPS_165
chr4:88708222:C:T	2	IFNb_165;LPS_165
chr5:112894303:A:G	1	IFNb_105
chr5:115829866:A:G	1	IFNb_105
chr5:115829894:A:G	1	IFNb_105
chr5:115829935:A:G	1	IFNb_105
chr5:118838973:A:G	2	IFNb_105;LPS_105
chr5:119394655:A:G	1	LPS_105
chr5:119394681:A:G	1	LPS_105
chr5:119394816:A:G	1	LPS_105
chr5:119394869:A:G	2	IFNb_105;LPS_105
chr5:119396807:A:G	2	IFNb_105;LPS_105
chr5:126625476:A:G	2	IFNb_165;LPS_165
chr5:126625477:A:G	2	IFNb_165;LPS_165
chr5:126625512:A:G	2	IFNb_165;LPS_165
chr5:126625741:A:G	1	IFNb_105
chr5:126625755:A:G	1	LPS_165
chr5:126625763:A:G	1	IFNb_165
chr5:126625771:A:G	2	IFNb_165;LPS_165
chr5:126625840:A:G	2	IFNb_165;LPS_165
chr5:126625856:A:G	1	IFNb_165
chr5:126625862:A:G	2	IFNb_165;LPS_165
chr5:126625931:A:G	3	IFNb_105;IFNb_165;LPS_165
chr5:126625942:A:G	2	IFNb_165;LPS_165
chr5:126625955:A:G	1	IFNb_165
chr5:126625956:A:G	3	IFNb_105;IFNb_165;LPS_165
chr5:126625957:A:G	3	IFNb_105;IFNb_165;LPS_165
chr5:126625969:A:G	2	IFNb_165;LPS_165
chr5:126626338:A:G	2	LPS_105;IFNb_165
chr5:126626483:A:G	1	IFNb_165
chr5:131202240:A:G	1	IFNb_105
chr5:131204153:A:G	1	IFNb_105
chr5:143225252:A:G	1	IFNb_165
chr5:143225288:A:G	1	IFNb_165
chr5:143225305:A:G	1	IFNb_165
chr5:143225353:A:G	1	IFNb_165
chr5:143225363:A:G	1	IFNb_165
chr5:143225441:A:G	1	IFNb_165
chr5:143226315:A:G	1	IFNb_165
chr5:143226318:A:G	2	IFNb_105;IFNb_165
chr5:143226321:A:G	1	IFNb_165
chr5:143226322:A:G	1	IFNb_165
chr5:143226324:A:G	1	IFNb_165
chr5:143226401:A:G	1	IFNb_165
chr5:143226406:A:G	1	IFNb_165
chr5:149981840:A:G	2	IFNb_165;LPS_165
chr5:149981852:A:G	1	LPS_165
chr5:149983651:A:G	1	IFNb_165
chr5:149983656:A:G	1	IFNb_165
chr5:151268183:A:G	4	IFNb_105;LPS_105;IFNb_165;LPS_165
chr5:157477823:A:G	1	LPS_105
chr5:157477914:A:G	1	LPS_105
chr5:157477942:A:G	1	LPS_105
chr5:157477957:A:G	1	LPS_105
chr5:157478552:A:G	2	IFNb_165;LPS_165
chr5:179082654:A:G	1	IFNb_165
chr5:34906057:A:G	1	LPS_105
chr5:34906230:A:G	1	LPS_105
chr5:37290221:A:G	1	IFNb_105
chr5:37290233:A:G	2	IFNb_105;LPS_105
chr5:37290234:A:G	1	IFNb_105
chr5:37290365:A:G	1	LPS_105
chr5:53884688:G:A	1	LPS_105
chr5:65668029:A:G	2	IFNb_105;LPS_105
chr5:65668042:A:G	1	IFNb_105
chr5:65668049:A:G	4	IFNb_105;LPS_105;IFNb_165;LPS_165
chr5:65668067:A:G	4	IFNb_105;LPS_105;IFNb_165;LPS_165
chr5:65668091:A:G	4	IFNb_105;LPS_105;IFNb_165;LPS_165
chr5:65668097:A:G	2	IFNb_105;IFNb_165
chr5:65668117:A:G	4	IFNb_105;LPS_105;IFNb_165;LPS_165
chr5:65668135:A:G	4	IFNb_105;LPS_105;IFNb_165;LPS_165
chr5:65668145:A:G	1	IFNb_105
chr5:65668179:A:G	1	IFNb_165
chr5:65668189:A:G	2	IFNb_165;LPS_165
chr5:65668203:A:G	4	IFNb_105;LPS_105;IFNb_165;LPS_165
chr5:65668225:A:G	4	IFNb_105;LPS_105;IFNb_165;LPS_165
chr5:65668226:A:G	4	IFNb_105;LPS_105;IFNb_165;LPS_165
chr5:65668353:A:G	4	IFNb_105;LPS_105;IFNb_165;LPS_165
chr5:65668365:A:G	4	IFNb_105;LPS_105;IFNb_165;LPS_165
chr5:65668392:A:G	4	IFNb_105;LPS_105;IFNb_165;LPS_165
chr5:65668393:A:G	2	IFNb_165;LPS_165
chr5:65668485:A:G	1	IFNb_165
chr5:65668487:A:G	4	IFNb_105;LPS_105;IFNb_165;LPS_165
chr5:65668499:A:G	4	IFNb_105;LPS_105;IFNb_165;LPS_165
chr5:65668575:A:G	4	IFNb_105;LPS_105;IFNb_165;LPS_165
chr5:65668617:A:G	4	IFNb_105;LPS_105;IFNb_165;LPS_165
chr5:65668641:A:G	4	IFNb_105;LPS_105;IFNb_165;LPS_165
chr5:65668658:A:G	4	IFNb_105;LPS_105;IFNb_165;LPS_165
chr5:65668659:A:G	4	IFNb_105;LPS_105;IFNb_165;LPS_165
chr5:65668694:A:G	4	IFNb_105;LPS_105;IFNb_165;LPS_165
chr5:65668796:A:G	3	IFNb_105;LPS_105;IFNb_165
chr5:65668800:A:G	2	IFNb_105;LPS_105
chr5:65668807:A:G	1	IFNb_165
chr5:65668808:A:G	3	IFNb_105;LPS_105;IFNb_165
chr5:65668839:A:G	2	IFNb_105;IFNb_165
chr5:65668856:A:G	3	IFNb_105;LPS_105;IFNb_165
chr5:65668875:A:G	3	IFNb_105;LPS_105;IFNb_165
chr5:65668891:A:G	3	IFNb_105;LPS_105;IFNb_165
chr5:96774840:A:G	3	IFNb_105;IFNb_165;LPS_165
chr6:108042167:A:G	4	IFNb_105;LPS_105;IFNb_165;LPS_165
chr6:108042172:A:G	3	IFNb_105;IFNb_165;LPS_165
chr6:108042214:A:G	3	IFNb_105;IFNb_165;LPS_165
chr6:108042537:A:G	1	IFNb_105
chr6:108042615:A:G	2	IFNb_105;LPS_105
chr6:108042685:A:G	2	IFNb_165;LPS_165
chr6:108042693:A:G	3	IFNb_105;IFNb_165;LPS_165
chr6:109463083:A:G	1	IFNb_165
chr6:109463257:A:G	1	IFNb_165
chr6:109464743:A:G	1	IFNb_165
chr6:111228780:A:G	1	IFNb_105
chr6:111230058:A:G	1	IFNb_105
chr6:111230226:A:G	2	IFNb_105;LPS_105
chr6:111267678:A:G	1	LPS_105
chr6:111267697:T:C	1	LPS_105
chr6:149448100:A:G	1	IFNb_165
chr6:149591171:A:G	1	IFNb_165
chr6:149724613:A:G	2	IFNb_105;LPS_105
chr6:149724614:A:G	1	IFNb_105
chr6:149724619:A:G	3	IFNb_105;LPS_105;IFNb_165
chr6:149724620:A:G	3	IFNb_105;LPS_105;IFNb_165
chr6:149724652:A:G	1	IFNb_165
chr6:149724680:A:G	2	IFNb_105;LPS_105
chr6:149724681:A:G	1	IFNb_105
chr6:149724682:A:G	1	IFNb_165
chr6:149724712:A:G	1	LPS_105
chr6:149724783:A:G	1	IFNb_105
chr6:149724784:A:G	1	IFNb_105
chr6:149724792:A:G	1	IFNb_105
chr6:149724793:A:G	1	IFNb_105
chr6:149725204:A:G	2	IFNb_105;LPS_105
chr6:149725213:A:G	1	IFNb_105
chr6:149725279:A:G	2	IFNb_105;LPS_105
chr6:149725296:A:G	1	IFNb_105
chr6:149725349:A:G	1	IFNb_105
chr6:149725359:A:G	1	IFNb_105
chr6:149725426:A:G	1	IFNb_105
chr6:149725550:A:G	1	IFNb_105
chr6:149725605:A:G	2	IFNb_105;LPS_105
chr6:158974286:A:G	3	IFNb_105;LPS_105;IFNb_165
chr6:158974288:A:G	1	IFNb_165
chr6:158974326:A:G	1	IFNb_165
chr6:158974328:A:G	2	IFNb_105;IFNb_165
chr6:158974333:A:G	3	IFNb_105;LPS_105;IFNb_165
chr6:158974389:A:G	1	IFNb_165
chr6:158974390:A:G	3	IFNb_105;LPS_105;IFNb_165
chr6:158974391:A:G	1	IFNb_105
chr6:158974394:A:G	1	IFNb_165
chr6:158976083:A:G	2	IFNb_105;LPS_105
chr6:158976131:A:G	2	IFNb_105;LPS_105
chr6:166924787:A:G	1	LPS_105
chr6:18128884:A:G	2	IFNb_165;LPS_165
chr6:25990436:A:G	2	IFNb_105;IFNb_165
chr6:25990448:A:G	1	IFNb_105
chr6:25990542:A:G	1	IFNb_105
chr6:25990578:A:G	1	IFNb_105
chr6:26096234:A:G	1	LPS_105
chr6:26096259:A:G	2	IFNb_105;LPS_105
chr6:26096396:A:G	3	IFNb_105;IFNb_165;LPS_165
chr6:26096408:A:G	1	LPS_165
chr6:33005250:A:G	2	IFNb_105;IFNb_165
chr6:33005380:A:G	2	IFNb_105;LPS_105
chr6:33005409:A:G	1	IFNb_105
chr6:33005780:A:G	1	IFNb_165
chr6:33005798:A:G	1	IFNb_165
chr6:33005854:A:G	2	IFNb_105;IFNb_165
chr6:36141419:A:G	1	IFNb_165
chr6:36141473:A:G	1	IFNb_165
chr6:36141553:A:G	1	IFNb_165
chr6:36141554:A:G	2	IFNb_105;IFNb_165
chr6:36141593:A:G	2	IFNb_105;IFNb_165
chr6:42079814:A:G	2	IFNb_105;LPS_105
chr6:42079815:A:G	2	IFNb_105;LPS_105
chr6:42079816:A:G	2	IFNb_105;LPS_105
chr6:43619156:T:C	1	LPS_105
chr6:70588940:A:G	1	IFNb_165
chr6:70589346:A:G	1	IFNb_165
chr6:73424191:A:G	4	IFNb_105;LPS_105;IFNb_165;LPS_165
chr6:73424352:A:G	2	IFNb_105;LPS_105
chr6:73424950:A:G	1	IFNb_165
chr6:73424951:A:G	2	IFNb_165;LPS_165
chr6:73424991:A:G	1	IFNb_165
chr6:73425031:A:G	1	IFNb_165
chr6:73425032:A:G	4	IFNb_105;LPS_105;IFNb_165;LPS_165
chr6:73425033:A:G	2	IFNb_165;LPS_165
chr6:73425036:A:G	3	IFNb_105;LPS_105;IFNb_165
chr6:73425057:A:G	2	IFNb_165;LPS_165
chr6:73425125:A:G	1	IFNb_165
chr6:73425148:A:G	1	IFNb_165
chr6:73593820:A:G	4	IFNb_105;LPS_105;IFNb_165;LPS_165
chr6:73594290:A:G	4	IFNb_105;LPS_105;IFNb_165;LPS_165
chr6:73594291:A:G	4	IFNb_105;LPS_105;IFNb_165;LPS_165
chr6:89634503:A:G	2	IFNb_105;IFNb_165
chr6:89634987:A:G	2	IFNb_105;IFNb_165
chr7:101091517:A:G	1	IFNb_165
chr7:101091573:A:G	1	IFNb_165
chr7:101091593:A:G	1	IFNb_165
chr7:101091606:A:G	1	IFNb_165
chr7:101091607:A:G	1	IFNb_165
chr7:101092018:A:G	1	IFNb_165
chr7:122075146:A:G	2	IFNb_105;LPS_105
chr7:128305596:A:G	1	IFNb_105
chr7:128307926:A:G	4	IFNb_105;LPS_105;IFNb_165;LPS_165
chr7:128502779:A:G	1	IFNb_165
chr7:128502787:A:G	1	IFNb_165
chr7:156970054:A:G	1	LPS_105
chr7:17344729:A:G	4	IFNb_105;LPS_105;IFNb_165;LPS_165
chr7:17344734:A:G	4	IFNb_105;LPS_105;IFNb_165;LPS_165
chr7:17344769:A:G	4	IFNb_105;LPS_105;IFNb_165;LPS_165
chr7:17344771:A:G	4	IFNb_105;LPS_105;IFNb_165;LPS_165
chr7:17344810:A:G	2	LPS_105;IFNb_165
chr7:17344813:A:G	2	IFNb_165;LPS_165
chr7:17344891:A:G	1	IFNb_165
chr7:17344903:A:G	4	IFNb_105;LPS_105;IFNb_165;LPS_165
chr7:17345061:A:G	4	IFNb_105;LPS_105;IFNb_165;LPS_165
chr7:17345062:A:G	4	IFNb_105;LPS_105;IFNb_165;LPS_165
chr7:17345106:A:G	4	IFNb_105;LPS_105;IFNb_165;LPS_165
chr7:17345139:A:G	4	IFNb_105;LPS_105;IFNb_165;LPS_165
chr7:17345154:A:G	2	IFNb_105;LPS_105
chr7:17345155:A:G	4	IFNb_105;LPS_105;IFNb_165;LPS_165
chr7:17345156:A:G	4	IFNb_105;LPS_105;IFNb_165;LPS_165
chr7:17345159:A:G	4	IFNb_105;LPS_105;IFNb_165;LPS_165
chr7:17345168:A:G	4	IFNb_105;LPS_105;IFNb_165;LPS_165
chr7:17345208:A:G	4	IFNb_105;LPS_105;IFNb_165;LPS_165
chr7:17345256:A:G	4	IFNb_105;LPS_105;IFNb_165;LPS_165
chr7:17345258:A:G	4	IFNb_105;LPS_105;IFNb_165;LPS_165
chr7:17345263:A:G	4	IFNb_105;LPS_105;IFNb_165;LPS_165
chr7:37742260:A:G	2	IFNb_165;LPS_165
chr7:37742310:A:G	1	IFNb_165
chr7:37742790:A:G	1	IFNb_165
chr7:37742791:A:G	1	IFNb_165
chr7:37742804:A:G	2	IFNb_105;IFNb_165
chr7:37742819:A:G	1	IFNb_165
chr7:38723468:A:G	3	IFNb_105;LPS_105;IFNb_165
chr7:38723641:A:G	1	IFNb_105
chr7:38724659:A:G	1	IFNb_165
chr7:38724722:A:G	1	IFNb_165
chr7:38724742:A:G	1	IFNb_165
chr7:38724758:A:G	1	IFNb_165
chr7:44580871:A:G	1	IFNb_165
chr7:44801920:A:G	2	IFNb_165;LPS_165
chr7:44802249:A:G	1	IFNb_165
chr7:44802329:A:G	3	IFNb_105;IFNb_165;LPS_165
chr7:44802500:A:G	3	IFNb_105;IFNb_165;LPS_165
chr7:4769693:A:G	1	LPS_105
chr7:4770388:A:G	1	LPS_105
chr7:56011710:T:C	1	IFNb_165
chr7:66154305:A:G	3	LPS_105;IFNb_165;LPS_165
chr7:66154357:A:G	1	IFNb_165
chr7:66154360:A:G	3	IFNb_105;LPS_105;IFNb_165
chr7:99574503:A:G	1	IFNb_165
chr7:99574504:A:G	1	IFNb_165
chr8:11842704:A:G	4	IFNb_105;LPS_105;IFNb_165;LPS_165
chr8:11842709:A:G	4	IFNb_105;LPS_105;IFNb_165;LPS_165
chr8:11842734:A:G	3	IFNb_105;LPS_105;LPS_165
chr8:11842742:A:G	4	IFNb_105;LPS_105;IFNb_165;LPS_165
chr8:11842752:A:G	4	IFNb_105;LPS_105;IFNb_165;LPS_165
chr8:11842775:A:G	2	IFNb_165;LPS_165
chr8:11842815:A:G	4	IFNb_105;LPS_105;IFNb_165;LPS_165
chr8:11842854:A:G	4	IFNb_105;LPS_105;IFNb_165;LPS_165
chr8:11842887:A:G	4	IFNb_105;LPS_105;IFNb_165;LPS_165
chr8:11842904:A:G	4	IFNb_105;LPS_105;IFNb_165;LPS_165
chr8:11842910:A:G	4	IFNb_105;LPS_105;IFNb_165;LPS_165
chr8:11842918:A:G	2	IFNb_165;LPS_165
chr8:11843016:A:G	4	IFNb_105;LPS_105;IFNb_165;LPS_165
chr8:11843046:A:G	4	IFNb_105;LPS_105;IFNb_165;LPS_165
chr8:11843087:A:G	2	IFNb_165;LPS_165
chr8:11843168:A:G	2	IFNb_165;LPS_165
chr8:11843220:A:G	2	IFNb_165;LPS_165
chr8:11843228:A:G	3	LPS_105;IFNb_165;LPS_165
chr8:11843774:A:G	4	IFNb_105;LPS_105;IFNb_165;LPS_165
chr8:11843786:A:G	2	IFNb_165;LPS_165
chr8:11843787:A:G	4	IFNb_105;LPS_105;IFNb_165;LPS_165
chr8:11843814:A:G	4	IFNb_105;LPS_105;IFNb_165;LPS_165
chr8:11843848:A:G	2	IFNb_165;LPS_165
chr8:11843920:A:G	4	IFNb_105;LPS_105;IFNb_165;LPS_165
chr8:11843971:A:G	2	IFNb_165;LPS_165
chr8:11843976:A:G	3	IFNb_105;IFNb_165;LPS_165
chr8:11843981:A:G	2	IFNb_165;LPS_165
chr8:11844000:A:G	3	IFNb_105;IFNb_165;LPS_165
chr8:16108146:A:G	2	IFNb_105;IFNb_165
chr8:16108193:A:G	2	IFNb_105;IFNb_165
chr8:16108226:A:G	1	IFNb_165
chr8:1782325:A:G	2	IFNb_105;LPS_105
chr8:30678436:A:G	2	IFNb_165;LPS_165
chr8:30678458:A:G	2	IFNb_165;LPS_165
chr8:30678463:A:G	4	IFNb_105;LPS_105;IFNb_165;LPS_165
chr8:30678498:A:G	4	IFNb_105;LPS_105;IFNb_165;LPS_165
chr8:30678499:A:G	4	IFNb_105;LPS_105;IFNb_165;LPS_165
chr8:30678634:A:G	4	IFNb_105;LPS_105;IFNb_165;LPS_165
chr8:30678635:A:G	2	IFNb_165;LPS_165
chr8:30679027:A:G	4	IFNb_105;LPS_105;IFNb_165;LPS_165
chr8:30679037:A:G	4	IFNb_105;LPS_105;IFNb_165;LPS_165
chr8:30679066:A:G	4	IFNb_105;LPS_105;IFNb_165;LPS_165
chr8:30679086:A:G	4	IFNb_105;LPS_105;IFNb_165;LPS_165
chr8:38969996:T:C	1	LPS_105
chr8:38970719:A:G	1	IFNb_105
chr8:38970748:A:G	2	IFNb_105;IFNb_165
chr8:38971692:A:G	2	IFNb_105;LPS_105
chr8:38971897:A:G	2	IFNb_105;LPS_105
chr8:38972218:A:G	2	IFNb_105;LPS_105
chr8:38972235:A:G	3	IFNb_105;LPS_105;IFNb_165
chr8:38972320:A:G	3	IFNb_105;LPS_105;IFNb_165
chr8:38972447:A:G	3	IFNb_105;LPS_105;IFNb_165
chr8:38972977:A:G	2	IFNb_105;LPS_105
chr8:38973017:A:G	3	IFNb_105;LPS_105;IFNb_165
chr8:38973038:A:G	1	IFNb_105
chr8:38973067:A:G	4	IFNb_105;LPS_105;IFNb_165;LPS_165
chr8:43020458:A:G	1	IFNb_165
chr8:43020528:A:G	1	IFNb_165
chr8:43020529:A:G	1	IFNb_165
chr8:43020553:A:G	1	IFNb_165
chr8:43020567:A:G	1	IFNb_165
chr8:43020583:A:G	1	IFNb_165
chr8:43020593:A:G	1	IFNb_165
chr8:43020603:A:G	1	IFNb_165
chr8:43020639:A:G	1	IFNb_165
chr8:43020646:A:G	1	IFNb_165
chr8:43020671:A:G	1	IFNb_165
chr8:43020837:A:G	1	IFNb_165
chr8:43020843:A:G	1	IFNb_165
chr8:43020845:A:G	1	IFNb_165
chr8:43020846:A:G	1	IFNb_165
chr8:43020925:A:G	1	IFNb_165
chr8:43020939:A:G	1	IFNb_165
chr8:43020955:A:G	1	IFNb_165
chr8:43020981:A:G	1	IFNb_165
chr8:43021034:A:G	1	IFNb_165
chr8:43021403:A:G	2	IFNb_105;IFNb_165
chr8:43021404:A:G	1	IFNb_165
chr8:43021486:A:G	1	IFNb_165
chr8:43021575:A:G	1	IFNb_165
chr8:43021798:A:G	2	IFNb_105;IFNb_165
chr8:43021851:A:G	1	IFNb_105
chr8:43021854:A:G	1	IFNb_165
chr8:43021876:A:G	2	IFNb_165;LPS_165
chr8:43021943:A:G	2	IFNb_105;IFNb_165
chr8:43022974:A:G	2	IFNb_105;LPS_105
chr8:43023006:A:G	1	LPS_105
chr8:43023095:A:G	1	IFNb_165
chr8:43023683:A:G	1	IFNb_105
chr8:56012596:A:G	3	IFNb_105;LPS_105;IFNb_165
chr8:56012660:A:G	2	IFNb_105;LPS_165
chr8:56012668:A:G	1	IFNb_105
chr8:56013437:A:G	1	IFNb_105
chr8:56013505:A:G	1	IFNb_105
chr8:56013532:A:G	1	IFNb_105
chr8:56013533:A:G	1	IFNb_165
chr8:56013545:A:G	1	IFNb_105
chr8:56013548:A:G	2	IFNb_105;LPS_105
chr8:56067521:A:G	1	LPS_105
chr8:56067574:A:G	2	IFNb_105;LPS_105
chr8:56068426:A:G	1	LPS_105
chr8:56068438:A:G	1	LPS_105
chr8:65715581:A:G	1	LPS_105
chr8:65715650:A:G	1	LPS_105
chr8:65715812:A:G	1	LPS_105
chr8:65715818:A:G	1	LPS_105
chr8:65715866:A:G	1	LPS_105
chr8:97728672:A:G	1	IFNb_105
chr8:97729162:A:G	1	IFNb_105
chr8:97729188:A:G	1	IFNb_105
chr8:97729189:A:G	3	IFNb_105;IFNb_165;LPS_165
chr8:97729201:A:G	1	IFNb_105
chr8:97729744:A:G	1	IFNb_105
chr9:112684441:A:G	2	IFNb_105;LPS_105
chr9:112684505:A:G	2	IFNb_165;LPS_165
chr9:112685199:A:G	1	IFNb_105
chr9:112685300:A:G	4	IFNb_105;LPS_105;IFNb_165;LPS_165
chr9:112686634:A:G	1	IFNb_165
chr9:112686770:A:G	1	IFNb_165
chr9:128309254:A:G	1	IFNb_165
chr9:134906134:A:G	2	IFNb_165;LPS_165
chr9:134906173:A:G	2	IFNb_165;LPS_165
chr9:134906200:A:G	4	IFNb_105;LPS_105;IFNb_165;LPS_165
chr9:15167329:A:G	1	IFNb_165
chr9:15167509:A:G	2	IFNb_105;LPS_105
chr9:15167689:A:G	1	IFNb_165
chr9:15167690:A:G	2	IFNb_165;LPS_165
chr9:19373163:A:G	2	IFNb_105;LPS_105
chr9:32456304:A:G	1	IFNb_165
chr9:32456318:A:G	3	IFNb_105;LPS_105;IFNb_165
chr9:32456320:A:G	1	IFNb_165
chr9:32456357:T:C	1	IFNb_105
chr9:32456367:A:G	2	IFNb_105;IFNb_165
chr9:32456370:A:G	1	IFNb_165
chr9:32456382:A:G	1	IFNb_105
chr9:32456415:A:G	1	IFNb_165
chr9:32456488:A:G	3	IFNb_105;LPS_105;IFNb_165
chr9:33042188:A:G	1	LPS_105
chr9:33042260:A:G	2	IFNb_105;LPS_105
chr9:33042269:A:G	2	IFNb_105;LPS_105
chr9:33042279:A:G	1	LPS_105
chr9:33042281:A:G	1	LPS_105
chr9:33042289:A:G	1	LPS_105
chr9:33042297:A:G	1	LPS_105
chr9:33042301:A:G	2	IFNb_105;LPS_105
chr9:33042311:A:G	1	LPS_105
chr9:33042315:A:G	1	LPS_105
chr9:33042332:A:G	1	LPS_105
chr9:33043861:A:G	1	LPS_105
chr9:33043862:A:G	1	LPS_105
chr9:33043866:A:G	2	IFNb_105;LPS_105
chr9:33043875:A:G	2	IFNb_105;LPS_105
chr9:33043876:A:G	1	LPS_105
chr9:33043880:A:G	1	LPS_105
chr9:33043894:A:G	1	LPS_105
chr9:33043914:A:G	2	IFNb_105;LPS_105
chr9:33043917:A:G	1	LPS_105
chr9:65733920:C:T	1	IFNb_165
chr9:92079161:A:G	1	LPS_165
chr9:92079181:A:G	1	LPS_165
chr9:96015219:A:G	1	IFNb_105
chr9:96015325:A:G	1	LPS_105
chr9:96015385:A:G	1	LPS_105
chr9:96015388:A:G	1	LPS_105
chr9:96015431:A:G	1	LPS_105
chr9:96015785:A:G	1	IFNb_105
chr9:96015791:A:G	2	IFNb_105;LPS_105
chrX:101009638:A:G	1	LPS_105
chrX:123909305:A:G	1	IFNb_105
chrX:123912836:A:G	1	LPS_105
chrX:123912929:A:G	2	IFNb_105;LPS_105
chrX:123913015:A:G	2	IFNb_105;LPS_105
chrX:123913315:A:G	1	IFNb_105
chrX:123913320:A:G	3	IFNb_105;LPS_105;LPS_165
chrX:123913323:A:G	2	IFNb_105;LPS_105
chrX:123913420:A:G	2	IFNb_105;LPS_165
chrX:123913445:A:G	3	IFNb_105;LPS_105;LPS_165
chrX:16764136:A:G	1	IFNb_105
chrX:16764137:A:G	1	IFNb_105
chrX:16764636:A:G	1	IFNb_105
chrX:23701671:A:G	3	IFNb_105;LPS_105;IFNb_165
chrX:23701829:A:G	3	IFNb_105;LPS_105;IFNb_165
chrX:23701830:A:G	4	IFNb_105;LPS_105;IFNb_165;LPS_165
chrX:23701904:A:G	1	IFNb_165
chrX:23701907:A:G	1	IFNb_165
chrX:23701910:A:G	2	IFNb_105;IFNb_165
chrX:23701925:A:G	1	IFNb_105
chrX:23701990:A:G	1	IFNb_165
chrX:23702537:A:G	2	IFNb_165;LPS_165
chrX:23703419:A:G	1	IFNb_165
chrX:23703420:A:G	1	IFNb_165
chrX:23703455:A:G	1	IFNb_165
chrX:23703461:A:G	1	IFNb_165
chrX:2906198:A:G	3	IFNb_105;LPS_105;IFNb_165
chrX:2906205:A:G	1	IFNb_165
chrX:2906213:A:G	1	IFNb_165
chrX:2906270:A:G	2	IFNb_165;LPS_165
chrX:2906302:A:G	3	IFNb_105;IFNb_165;LPS_165
chrX:2906313:A:G	3	IFNb_105;IFNb_165;LPS_165
chrX:2906336:A:G	1	IFNb_165
chrX:2906392:A:G	1	IFNb_165
chrX:2906414:A:G	2	IFNb_165;LPS_165
chrX:2906415:A:G	3	IFNb_105;IFNb_165;LPS_165
chrX:2906421:A:G	1	IFNb_165
chrX:2906433:A:G	4	IFNb_105;LPS_105;IFNb_165;LPS_165
chrX:2906865:A:G	2	IFNb_165;LPS_165
chrX:2906927:A:G	1	IFNb_165
chrX:2906938:A:G	1	IFNb_165
chrX:2907035:A:G	1	IFNb_165
chrX:2907073:A:G	3	IFNb_105;LPS_105;IFNb_165
chrX:2907083:A:G	1	IFNb_165
chrX:46603770:A:G	1	LPS_105
chrX:46604518:A:G	1	LPS_105
chrX:46604524:A:G	1	LPS_105
chrX:46604571:A:G	1	LPS_105
chrX:46604606:A:G	1	LPS_105
chrX:46604614:A:G	1	LPS_105
chrX:46604705:A:G	1	LPS_105
chrX:46605079:A:G	1	LPS_105
chrX:46605128:A:G	1	LPS_105
chrX:54560917:A:G	1	LPS_105
chrX:54560992:A:G	1	LPS_105
chrX:54561004:A:G	1	LPS_105
chrX:54562145:A:G	1	IFNb_105
chrX:54562285:A:G	1	IFNb_105
chrX:54562289:A:G	1	IFNb_105
chrX:54562307:A:G	1	IFNb_105
chrX:54562308:A:G	2	IFNb_105;IFNb_165
chrX:54562651:A:G	1	IFNb_105
chrX:54562673:A:G	1	IFNb_165
chrX:54562708:A:G	1	IFNb_165
chrX:54562750:A:G	2	LPS_105;IFNb_165
chrX:54563297:A:G	1	IFNb_165
chrX:54563341:A:G	1	IFNb_105
chrX:54563515:A:G	1	IFNb_105
chrX:54563529:A:G	2	LPS_105;IFNb_165
chrX:54564488:A:G	1	IFNb_105
chrX:54564588:A:G	1	LPS_105
chrX:54564834:A:G	3	IFNb_105;IFNb_165;LPS_165
chrX:54564863:A:G	1	IFNb_105
chrX:54564971:A:G	1	IFNb_165
chrX:54564972:A:G	2	IFNb_105;IFNb_165
chrX:54564982:A:G	1	IFNb_105
chrX:77827502:A:G	3	IFNb_105;IFNb_165;LPS_165
chrX:77827509:A:G	4	IFNb_105;LPS_105;IFNb_165;LPS_165
chrX:77827510:A:G	3	IFNb_105;LPS_105;IFNb_165
chrX:77827544:A:G	3	IFNb_105;LPS_105;IFNb_165
chrX:77827621:A:G	2	IFNb_105;LPS_105
chrX:77827624:A:G	1	IFNb_165
chrX:77828118:A:G	2	IFNb_165;LPS_165
chrX:77828148:A:G	3	IFNb_105;IFNb_165;LPS_165
chrX:77828156:A:G	1	IFNb_165
chrX:77828173:A:G	1	IFNb_165
chrX:77828175:A:G	2	IFNb_165;LPS_165
chrX:77828226:A:G	3	IFNb_105;IFNb_165;LPS_165
chrX:77828331:A:G	3	IFNb_105;IFNb_165;LPS_165
chrX:77828382:A:G	1	IFNb_165
chrX:77828400:A:G	1	IFNb_165
chrX:77828403:A:G	1	IFNb_165
chrX:77828417:A:G	3	IFNb_105;IFNb_165;LPS_165
chrX:77828418:A:G	2	IFNb_165;LPS_165
chrX:77828484:A:G	2	IFNb_165;LPS_165
chrX:77828504:A:G	2	IFNb_165;LPS_165
chrX:77828545:A:G	2	IFNb_165;LPS_165
chrX:77968585:T:C	1	IFNb_165
chrX:85090879:A:G	2	IFNb_105;LPS_105
chrX:85090897:A:G	1	IFNb_105
chrX:85091006:A:G	1	IFNb_105
chrX:85091020:A:G	1	IFNb_105
chrX:85091232:A:G	1	IFNb_105
chrX:85091871:A:G	1	IFNb_105
chrX:85091937:A:G	1	IFNb_105
