Gene	Chr	Start	End	Name	Edited_strand
ABHD18	chr4	128036353	128036649	chr4:128036549:A:G	+
ABHD2	chr15	89201532	89201739	chr15:89201639:A:G	+
ACTB	chr7	5527893	5528289	chr7:5528189:T:C	-
ADGRE2	chr19	14734156	14734800	chr19:14734700:A:G	-
ADGRE4P	chr19	6951014	6951762	chr19:6951662:A:G	-
AHR	chr7	17344628	17345363	chr7:17345263:A:G	+
APOBEC3F	chr22	39052177	39053330	chr22:39053230:A:G	+
APOL1	chr22	36266059	36266926	chr22:36266826:A:G	+
ARPIN	chr15	89897227	89899422	chr15:89899322:A:G	-
ARSD	chrX	2906169	2906965	chrX:2906865:A:G	-
ATG16L2	chr11	72811603	72812288	chr11:72812188:T:C	+
BCAS4	chr20	50840256	50840837	chr20:50840737:A:G	+
BPNT1	chr1	220058503	220058902	chr1:220058802:A:G	-
CAP2	chr6	17530885	17531102	chr6:17531002:T:C	+
CASP5	chr11	104998797	104999035	chr11:104998935:G:A	-
CCNYL1	chr2	207754552	207755519	chr2:207755419:A:G	+
CCR2	chr3	46357840	46358173	chr3:46358073:G:A	+
CCR5AS	chr3	46375678	46375892	chr3:46375792:T:C	-
CD59	chr11	33717373	33717581	chr11:33717481:C:T	-
CD80	chr3	119531835	119532510	chr3:119532410:A:G	-
CFLAR	chr2	201163909	201165471	chr2:201165371:A:G	+
CGAS	chr6	73424090	73425157	chr6:73425057:A:G	-
CHI3L1	chr1	203179649	203179858	chr1:203179758:A:G	-
CRIP1	chr14	105488418	105488624	chr14:105488524:G:A	+
CTSB	chr8	11842603	11844100	chr8:11844000:A:G	-
CTSS	chr1	150731035	150732284	chr1:150732184:A:G	-
CTXND2	chr1	150907746	150907969	chr1:150907869:C:T	+
DISC1FP1	chr11	90283686	90283902	chr11:90283802:T:C	+
DNAJC9-AS1	chr10	73248872	73250062	chr10:73249962:T:C	+
DNAJC9-AS1	chr10	73248872	73250062	chr10:73249962:T:C	+
EEA1	chr12	92860589	92860826	chr12:92860726:T:C	-
ERO1A	chr14	52642913	52643205	chr14:52643105:A:G	-
F11R	chr1	160996460	160996663	chr1:160996563:A:G	-
FAM177B	chr1	222742191	222742566	chr1:222742466:T:C	+
FBXO44	chr1	11655748	11656142	chr1:11656042:G:A	+
FCAR	chr19	54889542	54891702	chr19:54891602:A:G	+
FCN2	chr9	134885169	134885906	chr9:134885806:C:T	+
FGD5-AS1	chr3	14944472	14945046	chr3:14944946:A:G	-
FPR2	chr19	51768764	51768990	chr19:51768890:T:C	+
GAB1	chr4	143349768	143350002	chr4:143349902:A:G	+
GATC	chr12	120460649	120461296	chr12:120461196:A:G	+
GLUD2	chrX	121047858	121048905	chrX:121048805:T:C	+
GNB4	chr3	179399266	179399578	chr3:179399478:A:G	-
GPNMB	chr7	23275100	23275610	chr7:23275510:A:G	+
GSR	chr8	30678335	30679186	chr8:30679086:A:G	-
HLA-DPB2	chr6	33127752	33128148	chr6:33128048:C:T	+
HPSE	chr4	83294070	83295149	chr4:83295049:A:G	-
IFIT1B	chr10	89383429	89383663	chr10:89383563:A:G	+
IFNAR1	chr21	33357626	33357902	chr21:33357802:A:G	+
IFNAR2	chr21	33263887	33265041	chr21:33264941:A:G	+
IGSF6	chr16	21639880	21640810	chr16:21640710:A:G	-
LILRA4	chr19	54336883	54337670	chr19:54337570:A:G	-
LILRA6	chr19	54237114	54238362	chr19:54238262:A:G	-
LIMD1-AS1	chr3	45680276	45680530	chr3:45680430:T:C	-
LIMK2	chr22	31276866	31277413	chr22:31277313:A:G	+
LRCH3	chr3	197884153	197885589	chr3:197885489:A:G	+
LSP1	chr11	1891656	1891870	chr11:1891770:C:T	+
MAGT1	chrX	77827401	77828645	chrX:77828545:A:G	-
MDM2	chr12	68843133	68843872	chr12:68843772:A:G	+
MED18	chr1	28335041	28335802	chr1:28335702:A:G	+
METTL7A	chr12	50930235	50931757	chr12:50931657:A:G	+
MFAP5	chr12	8636876	8637126	chr12:8637026:C:T	-
MIPEPP3	chr13	21374216	21375172	chr13:21375072:T:C	+
MIR2114	chrX	150230959	150232507	chrX:150232407:T:C	+
MMAA	chr4	145624053	145626029	chr4:145625929:T:C	+
MREG	chr2	215943484	215944351	chr2:215944251:A:G	-
MRI1	chr19	13772564	13773292	chr19:13773192:A:G	+
MRPL30	chr2	99195725	99196657	chr2:99196557:A:G	+
MT1L	chr16	56618573	56618795	chr16:56618695:T:C	+
MYO5A	chr15	52505393	52505618	chr15:52505518:T:C	-
NBPF14	chr1	148531968	148532291	chr1:148532191:A:G	-
NBPF19	chr1	149555429	149555863	chr1:149555763:A:G	+
NBPF9	chr1	149054620	149055101	chr1:149055001:A:G	-
NDUFC2	chr11	78068441	78069279	chr11:78069179:A:G	-
NDUFS7	chr19	1391011	1391271	chr19:1391171:T:C	+
OSTM1	chr6	108042066	108042793	chr6:108042693:A:G	-
OXR1	chr8	106697217	106698078	chr8:106697978:T:C	+
PAICS	chr4	56460046	56460809	chr4:56460709:A:G	+
PHAX	chr5	126625375	126626069	chr5:126625969:A:G	+
PLSCR2	chr3	146454012	146455413	chr3:146455313:G:A	-
PML	chr15	74026624	74027572	chr15:74027472:A:G	+
PPIA	chr7	44801819	44802600	chr7:44802500:A:G	+
PRR11	chr17	59201608	59203798	chr17:59203698:A:G	+
PSMB2	chr1	35601975	35602869	chr1:35602769:A:G	-
RAB2B	chr14	21460230	21460443	chr14:21460343:A:G	-
RAB5B	chr12	55980576	55980942	chr12:55980842:T:C	+
RCBTB2	chr13	48508467	48509261	chr13:48509161:A:G	-
RNF125	chr18	32068878	32069210	chr18:32069110:A:G	+
SAR1A	chr10	70163569	70164500	chr10:70164400:T:C	-
SEPTIN11	chr4	76958915	76959183	chr4:76959083:T:C	+
SGTB	chr5	65667948	65668794	chr5:65668694:A:G	-
SLC17A5	chr6	73593719	73594391	chr6:73594291:A:G	-
SNIP1	chr1	37544847	37545085	chr1:37544985:A:G	-
SOAT1	chr1	179357042	179357851	chr1:179357751:A:G	+
SPCS3	chr4	176330986	176331276	chr4:176331176:A:G	+
TBC1D2	chr9	98217949	98218502	chr9:98218402:A:G	-
TMEM106A	chr17	43218304	43218585	chr17:43218485:A:G	+
TMEM170A	chr16	75445485	75446109	chr16:75446009:A:G	-
TPI1P2	chr7	129056354	129056607	chr7:129056507:T:C	+
TRAFD1	chr12	112125449	112125658	chr12:112125558:A:G	+
TRUB1	chr10	114965018	114965223	chr10:114965123:G:A	+
TUBB2A	chr6	3153996	3154227	chr6:3154127:C:T	-
UBXN11	chr1	26282237	26282899	chr1:26282799:G:A	-
XIAP	chrX	123913219	123913545	chrX:123913445:A:G	+
XPOT	chr12	64448973	64450469	chr12:64450369:A:G	+
ZMYM4	chr1	35351201	35351454	chr1:35351354:A:G	+
