Gene	ESid	Location	Editing_Index	Gene_Frequency
FBXO44	chr1:11655849:A:G	11655849	A:G	4
FBXO44	chr1:11655853:C:T	11655853	C:T	4
FBXO44	chr1:11656042:G:A	11656042	C:T	4
FBXO44	chr1:11656055:T:C	11656055	A:G	4
NBPF7	chr1:119834225:A:G	119834225	A:G	5
NBPF7	chr1:119834312:A:G	119834312	A:G	5
NBPF7	chr1:119834380:A:G	119834380	A:G	5
NBPF7	chr1:119834432:A:G	119834432	A:G	5
NBPF7	chr1:119834454:A:G	119834454	A:G	5
GNRHR2	chr1:145921978:T:C	145921978	A:G	8
GNRHR2	chr1:145921979:T:C	145921979	A:G	8
GNRHR2	chr1:145921980:T:C	145921980	A:G	8
GNRHR2	chr1:145921994:T:C	145921994	A:G	8
GNRHR2	chr1:145922075:T:C	145922075	A:G	8
GNRHR2	chr1:145923018:T:C	145923018	A:G	8
GNRHR2	chr1:145923019:T:C	145923019	A:G	8
GNRHR2	chr1:145923163:T:C	145923163	A:G	8
NBPF14	chr1:148532069:A:G	148532069	A:G	8
NBPF14	chr1:148532070:A:G	148532070	A:G	8
NBPF14	chr1:148532133:A:G	148532133	A:G	8
NBPF14	chr1:148532139:A:G	148532139	A:G	8
NBPF14	chr1:148532191:A:G	148532191	A:G	8
NBPF14	chr1:148532206:A:G	148532206	A:G	8
NBPF14	chr1:148532209:A:G	148532209	A:G	8
NBPF14	chr1:148532213:A:G	148532213	A:G	8
NBPF9	chr1:149054632:A:G	149054632	A:G	8
NBPF9	chr1:149054720:A:G	149054720	A:G	8
NBPF9	chr1:149054721:A:G	149054721	A:G	8
NBPF9	chr1:149054790:A:G	149054790	A:G	8
NBPF9	chr1:149054793:A:G	149054793	A:G	8
NBPF9	chr1:149054842:A:G	149054842	A:G	8
NBPF9	chr1:149054864:A:G	149054864	A:G	8
NBPF9	chr1:149055001:A:G	149055001	A:G	8
NBPF19	chr1:149555530:A:G	149555530	A:G	11
NBPF19	chr1:149555534:A:G	149555534	A:G	11
NBPF19	chr1:149555537:A:G	149555537	A:G	11
NBPF19	chr1:149555552:A:G	149555552	A:G	11
NBPF19	chr1:149555580:A:G	149555580	A:G	11
NBPF19	chr1:149555604:A:G	149555604	A:G	11
NBPF19	chr1:149555610:A:G	149555610	A:G	11
NBPF19	chr1:149555673:A:G	149555673	A:G	11
NBPF19	chr1:149555674:A:G	149555674	A:G	11
NBPF19	chr1:149555762:A:G	149555762	A:G	11
NBPF19	chr1:149555763:A:G	149555763	A:G	11
GATAD2B	chr1:153853082:T:C	153853082	A:G	5
GATAD2B	chr1:153853102:G:A	153853102	C:T	5
GATAD2B	chr1:153853164:T:C	153853164	A:G	5
GATAD2B	chr1:153853170:T:C	153853170	A:G	5
GATAD2B	chr1:153853191:T:C	153853191	A:G	5
GON4L	chr1:155750864:T:C	155750864	A:G	3
GON4L	chr1:155750947:T:C	155750947	A:G	3
GON4L	chr1:155751407:T:C	155751407	A:G	3
SUMO1P3	chr1:160317339:T:C	160317339	A:G	4
SUMO1P3	chr1:160317394:T:C	160317394	A:G	4
SUMO1P3	chr1:160317832:C:T	160317832	C:T	4
SUMO1P3	chr1:160318213:A:G	160318213	A:G	4
F11R	chr1:160996561:A:G	160996561	A:G	5
F11R	chr1:160996562:A:G	160996562	A:G	5
F11R	chr1:160996563:A:G	160996563	A:G	5
F11R	chr1:160998043:A:G	160998043	A:G	5
F11R	chr1:160998067:A:G	160998067	A:G	5
SLC35E2A	chr1:1729448:A:G	1729448	A:G	4
SLC35E2A	chr1:1729477:A:G	1729477	A:G	4
SLC35E2A	chr1:1729519:A:G	1729519	A:G	4
SLC35E2A	chr1:1729971:A:G	1729971	A:G	4
PAPPA2	chr1:176616578:C:T	176616578	C:T	4
PAPPA2	chr1:176616591:T:C	176616591	A:G	4
PAPPA2	chr1:176616592:G:A	176616592	C:T	4
PAPPA2	chr1:176616697:A:G	176616697	A:G	4
NPL	chr1:182806863:A:G	182806863	A:G	3
NPL	chr1:182806908:A:G	182806908	A:G	3
NPL	chr1:182807081:A:G	182807081	A:G	3
NIBAN1	chr1:184792178:A:G	184792178	A:G	3
NIBAN1	chr1:184793353:A:G	184793353	A:G	3
NIBAN1	chr1:184793390:A:G	184793390	A:G	3
CRB1	chr1:197223118:A:G	197223118	A:G	5
CRB1	chr1:197223130:A:G	197223130	A:G	5
CRB1	chr1:197223147:T:C	197223147	A:G	5
CRB1	chr1:197223157:C:T	197223157	C:T	5
CRB1	chr1:197223174:T:C	197223174	A:G	5
CHI3L1	chr1:203179750:C:T	203179750	C:T	3
CHI3L1	chr1:203179756:G:A	203179756	C:T	3
CHI3L1	chr1:203179758:A:G	203179758	A:G	3
MDM4	chr1:204556511:A:G	204556511	A:G	4
MDM4	chr1:204556513:A:G	204556513	A:G	4
MDM4	chr1:204556521:A:G	204556521	A:G	4
MDM4	chr1:204557532:A:G	204557532	A:G	4
SRP9	chr1:225786912:A:G	225786912	A:G	3
SRP9	chr1:225787044:A:G	225787044	A:G	3
SRP9	chr1:225788239:A:G	225788239	A:G	3
EDARADD	chr1:236483672:G:A	236483672	C:T	5
EDARADD	chr1:236483736:G:A	236483736	C:T	5
EDARADD	chr1:236483781:G:A	236483781	C:T	5
EDARADD	chr1:236484308:A:G	236484308	A:G	5
EDARADD	chr1:236484362:T:C	236484362	A:G	5
MIR3916	chr1:247206976:A:G	247206976	A:G	3
MIR3916	chr1:247207119:A:G	247207119	A:G	3
MIR3916	chr1:247207120:A:G	247207120	A:G	3
UBXN11	chr1:26282338:C:T	26282338	C:T	5
UBXN11	chr1:26282793:G:A	26282793	C:T	5
UBXN11	chr1:26282795:G:A	26282795	C:T	5
UBXN11	chr1:26282799:G:A	26282799	C:T	5
UBXN11	chr1:26282947:T:C	26282947	A:G	5
DHDDS	chr1:26447747:A:G	26447747	A:G	3
DHDDS	chr1:26448375:A:G	26448375	A:G	3
DHDDS	chr1:26448423:A:G	26448423	A:G	3
MED18	chr1:28335065:A:G	28335065	A:G	18
MED18	chr1:28335142:A:G	28335142	A:G	18
MED18	chr1:28335145:A:G	28335145	A:G	18
MED18	chr1:28335171:A:G	28335171	A:G	18
MED18	chr1:28335181:A:G	28335181	A:G	18
MED18	chr1:28335183:A:G	28335183	A:G	18
MED18	chr1:28335208:A:G	28335208	A:G	18
MED18	chr1:28335302:A:G	28335302	A:G	18
MED18	chr1:28335546:A:G	28335546	A:G	18
MED18	chr1:28335561:A:G	28335561	A:G	18
MED18	chr1:28335594:A:G	28335594	A:G	18
MED18	chr1:28335671:A:G	28335671	A:G	18
MED18	chr1:28335675:A:G	28335675	A:G	18
MED18	chr1:28335688:A:G	28335688	A:G	18
MED18	chr1:28335701:A:G	28335701	A:G	18
MED18	chr1:28335702:A:G	28335702	A:G	18
MED18	chr1:28335742:A:G	28335742	A:G	18
MED18	chr1:28335743:A:G	28335743	A:G	18
PHACTR4	chr1:28498819:A:G	28498819	A:G	4
PHACTR4	chr1:28499519:A:G	28499519	A:G	4
PHACTR4	chr1:28499573:A:G	28499573	A:G	4
PHACTR4	chr1:28499678:A:G	28499678	A:G	4
ZMYM4	chr1:35351302:C:T	35351302	C:T	3
ZMYM4	chr1:35351343:A:G	35351343	A:G	3
ZMYM4	chr1:35351354:A:G	35351354	A:G	3
CSF3R	chr1:36477831:A:G	36477831	A:G	4
CSF3R	chr1:36477851:A:G	36477851	A:G	4
CSF3R	chr1:36478030:A:G	36478030	A:G	4
CSF3R	chr1:36478794:A:G	36478794	A:G	4
SNIP1	chr1:37544948:G:A	37544948	C:T	3
SNIP1	chr1:37544949:T:C	37544949	A:G	3
SNIP1	chr1:37544985:A:G	37544985	A:G	3
INPP5B	chr1:37860971:A:G	37860971	A:G	5
INPP5B	chr1:37861028:A:G	37861028	A:G	5
INPP5B	chr1:37861056:A:G	37861056	A:G	5
INPP5B	chr1:37861509:A:G	37861509	A:G	5
INPP5B	chr1:37862028:A:G	37862028	A:G	5
GBP4	chr1:89182706:A:G	89182706	A:G	10
GBP4	chr1:89182709:A:G	89182709	A:G	10
GBP4	chr1:89183644:A:G	89183644	A:G	10
GBP4	chr1:89183686:A:G	89183686	A:G	10
GBP4	chr1:89183779:A:G	89183779	A:G	10
GBP4	chr1:89183780:A:G	89183780	A:G	10
GBP4	chr1:89183839:A:G	89183839	A:G	10
GBP4	chr1:89183866:A:G	89183866	A:G	10
GBP4	chr1:89183874:A:G	89183874	A:G	10
GBP4	chr1:89183877:A:G	89183877	A:G	10
MIR34AHG	chr1:9149019:A:G	9149019	A:G	3
MIR34AHG	chr1:9149136:A:G	9149136	A:G	3
MIR34AHG	chr1:9149390:A:G	9149390	A:G	3
DPYD	chr1:97546696:T:C	97546696	A:G	3
DPYD	chr1:97546699:T:C	97546699	A:G	3
DPYD	chr1:97546714:T:C	97546714	A:G	3
NMNAT1	chr1:9982879:A:G	9982879	A:G	4
NMNAT1	chr1:9982897:A:G	9982897	A:G	4
NMNAT1	chr1:9982995:A:G	9982995	A:G	4
NMNAT1	chr1:9984309:A:G	9984309	A:G	4
OGA	chr10:101810858:A:G	101810858	A:G	5
OGA	chr10:101810863:A:G	101810863	A:G	5
OGA	chr10:101810864:A:G	101810864	A:G	5
OGA	chr10:101810918:A:G	101810918	A:G	5
OGA	chr10:101811172:A:G	101811172	A:G	5
TRUB1	chr10:114965030:T:C	114965030	A:G	4
TRUB1	chr10:114965119:T:C	114965119	A:G	4
TRUB1	chr10:114965121:A:G	114965121	A:G	4
TRUB1	chr10:114965123:G:A	114965123	C:T	4
PTPRE	chr10:128053108:A:G	128053108	A:G	3
PTPRE	chr10:128053124:A:G	128053124	A:G	3
PTPRE	chr10:128053166:A:G	128053166	A:G	3
WASHC2C	chr10:45728153:A:G	45728153	A:G	3
WASHC2C	chr10:45728551:A:G	45728551	A:G	3
WASHC2C	chr10:45728706:A:G	45728706	A:G	3
SHLD2P1	chr10:46634978:G:A	46634978	C:T	3
SHLD2P1	chr10:46635113:A:G	46635113	A:G	3
SHLD2P1	chr10:46635298:T:C	46635298	A:G	3
SHLD2P3	chr10:47706153:G:A	47706153	C:T	5
SHLD2P3	chr10:47706371:T:C	47706371	A:G	5
SHLD2P3	chr10:47706556:A:G	47706556	A:G	5
SHLD2P3	chr10:47706774:C:T	47706774	C:T	5
SHLD2P3	chr10:47707105:A:G	47707105	A:G	5
SAR1A	chr10:70163670:T:C	70163670	A:G	7
SAR1A	chr10:70163676:T:C	70163676	A:G	7
SAR1A	chr10:70163705:C:T	70163705	C:T	7
SAR1A	chr10:70163731:A:G	70163731	A:G	7
SAR1A	chr10:70163953:A:G	70163953	A:G	7
SAR1A	chr10:70164384:C:T	70164384	C:T	7
SAR1A	chr10:70164400:T:C	70164400	A:G	7
DNAJC9-AS1	chr10:73248973:T:C	73248973	A:G	7
DNAJC9-AS1	chr10:73249057:T:C	73249057	A:G	7
DNAJC9-AS1	chr10:73249118:T:C	73249118	A:G	7
DNAJC9-AS1	chr10:73249197:T:C	73249197	A:G	7
DNAJC9-AS1	chr10:73249827:T:C	73249827	A:G	7
DNAJC9-AS1	chr10:73249833:T:C	73249833	A:G	7
DNAJC9-AS1	chr10:73249962:T:C	73249962	A:G	7
IFIT1B	chr10:89383427:G:A	89383427	C:T	34
IFIT1B	chr10:89383428:A:G	89383428	A:G	34
IFIT1B	chr10:89383445:G:A	89383445	C:T	34
IFIT1B	chr10:89383451:G:A	89383451	C:T	34
IFIT1B	chr10:89383465:A:G	89383465	A:G	34
IFIT1B	chr10:89383530:G:A	89383530	C:T	34
IFIT1B	chr10:89383538:G:A	89383538	C:T	34
IFIT1B	chr10:89383542:A:G	89383542	A:G	34
IFIT1B	chr10:89383544:G:A	89383544	C:T	34
IFIT1B	chr10:89383563:A:G	89383563	A:G	34
IFIT1B	chr10:89383584:G:A	89383584	C:T	34
IFIT1B	chr10:89383587:A:G	89383587	A:G	34
IFIT1B	chr10:89383592:A:G	89383592	A:G	34
IFIT1B	chr10:89383623:G:A	89383623	C:T	34
IFIT1B	chr10:89383684:C:T	89383684	C:T	34
IFIT1B	chr10:89383695:T:C	89383695	A:G	34
IFIT1B	chr10:89383708:C:T	89383708	C:T	34
IFIT1B	chr10:89383733:G:A	89383733	C:T	34
IFIT1B	chr10:89383734:G:A	89383734	C:T	34
IFIT1B	chr10:89383797:A:G	89383797	A:G	34
IFIT1B	chr10:89383813:C:T	89383813	C:T	34
IFIT1B	chr10:89383824:A:G	89383824	A:G	34
IFIT1B	chr10:89383947:C:T	89383947	C:T	34
IFIT1B	chr10:89383958:T:C	89383958	A:G	34
IFIT1B	chr10:89383959:G:A	89383959	C:T	34
IFIT1B	chr10:89383972:G:A	89383972	C:T	34
IFIT1B	chr10:89384045:G:A	89384045	C:T	34
IFIT1B	chr10:89384046:A:G	89384046	A:G	34
IFIT1B	chr10:89384051:T:C	89384051	A:G	34
IFIT1B	chr10:89384054:A:G	89384054	A:G	34
IFIT1B	chr10:89384057:T:C	89384057	A:G	34
IFIT1B	chr10:89384064:G:A	89384064	C:T	34
IFIT1B	chr10:89384077:A:G	89384077	A:G	34
IFIT1B	chr10:89384096:T:C	89384096	A:G	34
TNKS2	chr10:91806147:T:C	91806147	A:G	4
TNKS2	chr10:91806641:T:C	91806641	A:G	4
TNKS2	chr10:91806822:G:A	91806822	C:T	4
TNKS2	chr10:91806969:G:A	91806969	C:T	4
CASP5	chr11:104998898:T:C	104998898	A:G	7
CASP5	chr11:104998929:T:C	104998929	A:G	7
CASP5	chr11:104998935:G:A	104998935	C:T	7
CASP5	chr11:104998977:T:C	104998977	A:G	7
CASP5	chr11:104998978:A:G	104998978	A:G	7
CASP5	chr11:105000375:A:G	105000375	A:G	7
CASP5	chr11:105000378:A:G	105000378	A:G	7
PDE3B	chr11:14673040:A:G	14673040	A:G	7
PDE3B	chr11:14673244:T:C	14673244	A:G	7
PDE3B	chr11:14673309:A:G	14673309	A:G	7
PDE3B	chr11:14673339:G:A	14673339	C:T	7
PDE3B	chr11:14673850:G:A	14673850	C:T	7
PDE3B	chr11:14673859:T:C	14673859	A:G	7
PDE3B	chr11:14673865:G:A	14673865	C:T	7
NUP98	chr11:3722315:A:G	3722315	A:G	4
NUP98	chr11:3722333:A:G	3722333	A:G	4
NUP98	chr11:3722366:A:G	3722366	A:G	4
NUP98	chr11:3722704:A:G	3722704	A:G	4
UBE2L6	chr11:57565441:A:G	57565441	A:G	5
UBE2L6	chr11:57565503:A:G	57565503	A:G	5
UBE2L6	chr11:57565516:A:G	57565516	A:G	5
UBE2L6	chr11:57565564:A:G	57565564	A:G	5
UBE2L6	chr11:57565638:A:G	57565638	A:G	5
MS4A7	chr11:60388912:A:G	60388912	A:G	3
MS4A7	chr11:60389046:A:G	60389046	A:G	3
MS4A7	chr11:60389060:A:G	60389060	A:G	3
AP5B1	chr11:65776911:A:G	65776911	A:G	3
AP5B1	chr11:65777052:A:G	65777052	A:G	3
AP5B1	chr11:65777096:A:G	65777096	A:G	3
UNC93B1	chr11:67999163:A:G	67999163	A:G	3
UNC93B1	chr11:67999165:C:T	67999165	C:T	3
UNC93B1	chr11:67999167:T:C	67999167	A:G	3
MYEOV	chr11:69303414:G:A	69303414	C:T	4
MYEOV	chr11:69303418:T:C	69303418	A:G	4
MYEOV	chr11:69303429:A:G	69303429	A:G	4
MYEOV	chr11:69303471:A:G	69303471	A:G	4
KCNE3	chr11:74455824:A:G	74455824	A:G	7
KCNE3	chr11:74455856:A:G	74455856	A:G	7
KCNE3	chr11:74455866:A:G	74455866	A:G	7
KCNE3	chr11:74456220:A:G	74456220	A:G	7
KCNE3	chr11:74456245:A:G	74456245	A:G	7
KCNE3	chr11:74456249:A:G	74456249	A:G	7
KCNE3	chr11:74456275:A:G	74456275	A:G	7
RSF1	chr11:77734331:G:A	77734331	C:T	4
RSF1	chr11:77734334:G:A	77734334	C:T	4
RSF1	chr11:77734526:A:G	77734526	A:G	4
RSF1	chr11:77734542:T:C	77734542	A:G	4
NDUFC2	chr11:78068542:A:G	78068542	A:G	3
NDUFC2	chr11:78068543:A:G	78068543	A:G	3
NDUFC2	chr11:78069179:A:G	78069179	A:G	3
DISC1FP1	chr11:90283787:C:T	90283787	C:T	4
DISC1FP1	chr11:90283796:C:T	90283796	C:T	4
DISC1FP1	chr11:90283797:A:G	90283797	A:G	4
DISC1FP1	chr11:90283802:T:C	90283802	A:G	4
TMEM41B	chr11:9310778:A:G	9310778	A:G	3
TMEM41B	chr11:9310803:G:A	9310803	C:T	3
TMEM41B	chr11:9310804:T:C	9310804	A:G	3
VPS29	chr12:110497673:A:G	110497673	A:G	5
VPS29	chr12:110498072:A:G	110498072	A:G	5
VPS29	chr12:110498140:A:G	110498140	A:G	5
VPS29	chr12:110498247:A:G	110498247	A:G	5
VPS29	chr12:110498261:A:G	110498261	A:G	5
TRAFD1	chr12:112125550:G:A	112125550	C:T	4
TRAFD1	chr12:112125552:G:A	112125552	C:T	4
TRAFD1	chr12:112125556:T:C	112125556	A:G	4
TRAFD1	chr12:112125558:A:G	112125558	A:G	4
PLBD2	chr12:113390111:A:G	113390111	A:G	4
PLBD2	chr12:113391119:A:G	113391119	A:G	4
PLBD2	chr12:113391120:A:G	113391120	A:G	4
PLBD2	chr12:113391146:A:G	113391146	A:G	4
GATC	chr12:120460750:A:G	120460750	A:G	11
GATC	chr12:120460855:A:G	120460855	A:G	11
GATC	chr12:120460858:A:G	120460858	A:G	11
GATC	chr12:120460894:A:G	120460894	A:G	11
GATC	chr12:120460925:A:G	120460925	A:G	11
GATC	chr12:120460926:A:G	120460926	A:G	11
GATC	chr12:120461140:A:G	120461140	A:G	11
GATC	chr12:120461175:A:G	120461175	A:G	11
GATC	chr12:120461195:A:G	120461195	A:G	11
GATC	chr12:120461196:A:G	120461196	A:G	11
GATC	chr12:120461272:A:G	120461272	A:G	11
P2RX7	chr12:121193606:A:G	121193606	A:G	3
P2RX7	chr12:121193614:A:G	121193614	A:G	3
P2RX7	chr12:121193751:A:G	121193751	A:G	3
RPL13AP20	chr12:12876018:T:C	12876018	A:G	3
RPL13AP20	chr12:12876030:T:C	12876030	A:G	3
RPL13AP20	chr12:12876080:A:G	12876080	A:G	3
PGAM5	chr12:132721318:A:G	132721318	A:G	3
PGAM5	chr12:132721763:A:G	132721763	A:G	3
PGAM5	chr12:132721831:A:G	132721831	A:G	3
ARNTL2-AS1	chr12:27421321:T:C	27421321	A:G	3
ARNTL2-AS1	chr12:27421344:T:C	27421344	A:G	3
ARNTL2-AS1	chr12:27421500:T:C	27421500	A:G	3
IRAK4	chr12:43787848:A:G	43787848	A:G	3
IRAK4	chr12:43787936:A:G	43787936	A:G	3
IRAK4	chr12:43787971:A:G	43787971	A:G	3
METTL7A	chr12:50930336:A:G	50930336	A:G	23
METTL7A	chr12:50930339:A:G	50930339	A:G	23
METTL7A	chr12:50930380:A:G	50930380	A:G	23
METTL7A	chr12:50930419:A:G	50930419	A:G	23
METTL7A	chr12:50930530:A:G	50930530	A:G	23
METTL7A	chr12:50930540:A:G	50930540	A:G	23
METTL7A	chr12:50930653:A:G	50930653	A:G	23
METTL7A	chr12:50930664:A:G	50930664	A:G	23
METTL7A	chr12:50930683:A:G	50930683	A:G	23
METTL7A	chr12:50930684:A:G	50930684	A:G	23
METTL7A	chr12:50930713:A:G	50930713	A:G	23
METTL7A	chr12:50930723:A:G	50930723	A:G	23
METTL7A	chr12:50930762:A:G	50930762	A:G	23
METTL7A	chr12:50930843:A:G	50930843	A:G	23
METTL7A	chr12:50930844:A:G	50930844	A:G	23
METTL7A	chr12:50930856:A:G	50930856	A:G	23
METTL7A	chr12:50931454:A:G	50931454	A:G	23
METTL7A	chr12:50931455:A:G	50931455	A:G	23
METTL7A	chr12:50931497:A:G	50931497	A:G	23
METTL7A	chr12:50931504:A:G	50931504	A:G	23
METTL7A	chr12:50931523:A:G	50931523	A:G	23
METTL7A	chr12:50931590:A:G	50931590	A:G	23
METTL7A	chr12:50931591:A:G	50931591	A:G	23
SLC11A2	chr12:51007402:A:G	51007402	A:G	4
SLC11A2	chr12:51007411:A:G	51007411	A:G	4
SLC11A2	chr12:51007892:A:G	51007892	A:G	4
SLC11A2	chr12:51008020:A:G	51008020	A:G	4
MYL6B	chr12:56155087:G:A	56155087	C:T	3
MYL6B	chr12:56155089:G:A	56155089	C:T	3
MYL6B	chr12:56155152:C:T	56155152	C:T	3
XPOT	chr12:64449074:A:G	64449074	A:G	6
XPOT	chr12:64449075:A:G	64449075	A:G	6
XPOT	chr12:64450281:A:G	64450281	A:G	6
XPOT	chr12:64450291:A:G	64450291	A:G	6
XPOT	chr12:64450354:A:G	64450354	A:G	6
XPOT	chr12:64450369:A:G	64450369	A:G	6
IRAK3	chr12:66194002:A:G	66194002	A:G	3
IRAK3	chr12:66194007:A:G	66194007	A:G	3
IRAK3	chr12:66194058:A:G	66194058	A:G	3
TMEM19	chr12:71702441:A:G	71702441	A:G	7
TMEM19	chr12:71702442:A:G	71702442	A:G	7
TMEM19	chr12:71702445:A:G	71702445	A:G	7
TMEM19	chr12:71703004:A:G	71703004	A:G	7
TMEM19	chr12:71703018:A:G	71703018	A:G	7
TMEM19	chr12:71703056:A:G	71703056	A:G	7
TMEM19	chr12:71703070:A:G	71703070	A:G	7
CD163L1	chr12:7439518:A:G	7439518	A:G	5
CD163L1	chr12:7439562:A:G	7439562	A:G	5
CD163L1	chr12:7439573:G:A	7439573	C:T	5
CD163L1	chr12:7439769:A:G	7439769	A:G	5
CD163L1	chr12:7439772:G:A	7439772	C:T	5
ZDHHC17	chr12:76829197:A:G	76829197	A:G	3
ZDHHC17	chr12:76829326:A:G	76829326	A:G	3
ZDHHC17	chr12:76829346:A:G	76829346	A:G	3
CLEC6A	chr12:8460635:T:C	8460635	A:G	3
CLEC6A	chr12:8461009:G:A	8461009	C:T	3
CLEC6A	chr12:8461032:T:C	8461032	A:G	3
MFAP5	chr12:8636962:G:A	8636962	C:T	4
MFAP5	chr12:8636977:T:C	8636977	A:G	4
MFAP5	chr12:8637024:A:G	8637024	A:G	4
MFAP5	chr12:8637026:C:T	8637026	C:T	4
CLEC2D	chr12:9688484:A:G	9688484	A:G	5
CLEC2D	chr12:9688572:A:G	9688572	A:G	5
CLEC2D	chr12:9688580:A:G	9688580	A:G	5
CLEC2D	chr12:9688590:A:G	9688590	A:G	5
CLEC2D	chr12:9688598:A:G	9688598	A:G	5
PCCA	chr13:100150636:A:G	100150636	A:G	7
PCCA	chr13:100150649:T:C	100150649	A:G	7
PCCA	chr13:100150651:A:G	100150651	A:G	7
PCCA	chr13:100150692:G:A	100150692	C:T	7
PCCA	chr13:100150759:A:G	100150759	A:G	7
PCCA	chr13:100150782:T:C	100150782	A:G	7
PCCA	chr13:100151065:G:A	100151065	C:T	7
MIPEPP3	chr13:21374317:T:C	21374317	A:G	23
MIPEPP3	chr13:21374321:T:C	21374321	A:G	23
MIPEPP3	chr13:21374356:T:C	21374356	A:G	23
MIPEPP3	chr13:21374431:T:C	21374431	A:G	23
MIPEPP3	chr13:21374438:T:C	21374438	A:G	23
MIPEPP3	chr13:21374472:T:C	21374472	A:G	23
MIPEPP3	chr13:21374485:T:C	21374485	A:G	23
MIPEPP3	chr13:21374486:T:C	21374486	A:G	23
MIPEPP3	chr13:21374507:T:C	21374507	A:G	23
MIPEPP3	chr13:21374508:T:C	21374508	A:G	23
MIPEPP3	chr13:21374516:T:C	21374516	A:G	23
MIPEPP3	chr13:21374877:T:C	21374877	A:G	23
MIPEPP3	chr13:21374890:T:C	21374890	A:G	23
MIPEPP3	chr13:21374899:T:C	21374899	A:G	23
MIPEPP3	chr13:21374908:T:C	21374908	A:G	23
MIPEPP3	chr13:21374913:T:C	21374913	A:G	23
MIPEPP3	chr13:21374915:T:C	21374915	A:G	23
MIPEPP3	chr13:21374916:T:C	21374916	A:G	23
MIPEPP3	chr13:21374954:T:C	21374954	A:G	23
MIPEPP3	chr13:21374968:T:C	21374968	A:G	23
MIPEPP3	chr13:21374971:T:C	21374971	A:G	23
MIPEPP3	chr13:21375058:T:C	21375058	A:G	23
MIPEPP3	chr13:21375072:T:C	21375072	A:G	23
LINC00543	chr13:27945215:A:G	27945215	A:G	7
LINC00543	chr13:27945230:T:C	27945230	A:G	7
LINC00543	chr13:27945324:T:C	27945324	A:G	7
LINC00543	chr13:27945364:C:T	27945364	C:T	7
LINC00543	chr13:27945365:A:G	27945365	A:G	7
LINC00543	chr13:27945367:A:G	27945367	A:G	7
LINC00543	chr13:27945443:G:A	27945443	C:T	7
NAA16	chr13:41384555:T:C	41384555	A:G	4
NAA16	chr13:41384684:A:G	41384684	A:G	4
NAA16	chr13:41384900:A:G	41384900	A:G	4
NAA16	chr13:41385082:T:C	41385082	A:G	4
CRIP1	chr14:105488519:A:G	105488519	A:G	3
CRIP1	chr14:105488523:A:G	105488523	A:G	3
CRIP1	chr14:105488524:G:A	105488524	C:T	3
TEP1	chr14:20366224:A:G	20366224	A:G	5
TEP1	chr14:20366277:A:G	20366277	A:G	5
TEP1	chr14:20366278:A:G	20366278	A:G	5
TEP1	chr14:20366302:A:G	20366302	A:G	5
TEP1	chr14:20366901:A:G	20366901	A:G	5
RAB2B	chr14:21460331:A:G	21460331	A:G	3
RAB2B	chr14:21460342:A:G	21460342	A:G	3
RAB2B	chr14:21460343:A:G	21460343	A:G	3
BAZ1A	chr14:34790581:A:G	34790581	A:G	4
BAZ1A	chr14:34790626:A:G	34790626	A:G	4
BAZ1A	chr14:34790627:A:G	34790627	A:G	4
BAZ1A	chr14:34791117:A:G	34791117	A:G	4
ERO1A	chr14:52643014:A:G	52643014	A:G	3
ERO1A	chr14:52643092:A:G	52643092	A:G	3
ERO1A	chr14:52643105:A:G	52643105	A:G	3
PSMA3	chr14:58258252:A:G	58258252	A:G	3
PSMA3	chr14:58258319:A:G	58258319	A:G	3
PSMA3	chr14:58258333:A:G	58258333	A:G	3
SLC12A6	chr15:34231096:A:G	34231096	A:G	5
SLC12A6	chr15:34231109:A:G	34231109	A:G	5
SLC12A6	chr15:34231819:A:G	34231819	A:G	5
SLC12A6	chr15:34232455:A:G	34232455	A:G	5
SLC12A6	chr15:34232507:A:G	34232507	A:G	5
TMOD3	chr15:51913206:A:G	51913206	A:G	5
TMOD3	chr15:51913246:A:G	51913246	A:G	5
TMOD3	chr15:51913892:A:G	51913892	A:G	5
TMOD3	chr15:51913938:A:G	51913938	A:G	5
TMOD3	chr15:51913957:A:G	51913957	A:G	5
MYO5A	chr15:52505494:A:G	52505494	A:G	3
MYO5A	chr15:52505499:G:A	52505499	C:T	3
MYO5A	chr15:52505518:T:C	52505518	A:G	3
SNX1	chr15:64119177:A:G	64119177	A:G	5
SNX1	chr15:64119374:A:G	64119374	A:G	5
SNX1	chr15:64119480:A:G	64119480	A:G	5
SNX1	chr15:64119496:A:G	64119496	A:G	5
SNX1	chr15:64119497:A:G	64119497	A:G	5
STOML1	chr15:73975109:T:C	73975109	A:G	3
STOML1	chr15:73975654:T:C	73975654	A:G	3
STOML1	chr15:73975655:T:C	73975655	A:G	3
PML	chr15:74026725:A:G	74026725	A:G	8
PML	chr15:74026768:A:G	74026768	A:G	8
PML	chr15:74026790:A:G	74026790	A:G	8
PML	chr15:74026832:A:G	74026832	A:G	8
PML	chr15:74027392:A:G	74027392	A:G	8
PML	chr15:74027423:A:G	74027423	A:G	8
PML	chr15:74027453:A:G	74027453	A:G	8
PML	chr15:74027472:A:G	74027472	A:G	8
ABHD2	chr15:89201633:T:C	89201633	A:G	3
ABHD2	chr15:89201638:C:T	89201638	C:T	3
ABHD2	chr15:89201639:A:G	89201639	A:G	3
ANPEP	chr15:89803223:C:T	89803223	C:T	11
ANPEP	chr15:89803225:A:G	89803225	A:G	11
ANPEP	chr15:89803228:G:A	89803228	C:T	11
ANPEP	chr15:89803231:G:A	89803231	C:T	11
ANPEP	chr15:89803235:A:G	89803235	A:G	11
ANPEP	chr15:89803236:C:T	89803236	C:T	11
ANPEP	chr15:89803237:T:C	89803237	A:G	11
ANPEP	chr15:89805071:G:A	89805071	C:T	11
ANPEP	chr15:89805072:A:G	89805072	A:G	11
ANPEP	chr15:89805074:T:C	89805074	A:G	11
ANPEP	chr15:89805077:G:A	89805077	C:T	11
HSP90B2P	chr15:99258130:A:G	99258130	A:G	4
HSP90B2P	chr15:99258380:A:G	99258380	A:G	4
HSP90B2P	chr15:99258387:T:C	99258387	A:G	4
HSP90B2P	chr15:99259687:T:C	99259687	A:G	4
NDE1	chr16:15700334:A:G	15700334	A:G	6
NDE1	chr16:15700607:A:G	15700607	A:G	6
NDE1	chr16:15701090:A:G	15701090	A:G	6
NDE1	chr16:15701100:A:G	15701100	A:G	6
NDE1	chr16:15701182:A:G	15701182	A:G	6
NDE1	chr16:15701187:A:G	15701187	A:G	6
SLC7A5P2	chr16:21518033:A:G	21518033	A:G	6
SLC7A5P2	chr16:21518058:A:G	21518058	A:G	6
SLC7A5P2	chr16:21518061:A:G	21518061	A:G	6
SLC7A5P2	chr16:21518151:A:G	21518151	A:G	6
SLC7A5P2	chr16:21518154:A:G	21518154	A:G	6
SLC7A5P2	chr16:21518880:A:G	21518880	A:G	6
IGSF6	chr16:21639981:A:G	21639981	A:G	21
IGSF6	chr16:21640001:A:G	21640001	A:G	21
IGSF6	chr16:21640015:A:G	21640015	A:G	21
IGSF6	chr16:21640031:A:G	21640031	A:G	21
IGSF6	chr16:21640035:A:G	21640035	A:G	21
IGSF6	chr16:21640075:A:G	21640075	A:G	21
IGSF6	chr16:21640076:A:G	21640076	A:G	21
IGSF6	chr16:21640084:A:G	21640084	A:G	21
IGSF6	chr16:21640086:A:G	21640086	A:G	21
IGSF6	chr16:21640134:A:G	21640134	A:G	21
IGSF6	chr16:21640135:A:G	21640135	A:G	21
IGSF6	chr16:21640167:A:G	21640167	A:G	21
IGSF6	chr16:21640210:A:G	21640210	A:G	21
IGSF6	chr16:21640211:A:G	21640211	A:G	21
IGSF6	chr16:21640219:A:G	21640219	A:G	21
IGSF6	chr16:21640494:A:G	21640494	A:G	21
IGSF6	chr16:21640506:A:G	21640506	A:G	21
IGSF6	chr16:21640507:A:G	21640507	A:G	21
IGSF6	chr16:21640568:A:G	21640568	A:G	21
IGSF6	chr16:21640658:A:G	21640658	A:G	21
IGSF6	chr16:21640707:A:G	21640707	A:G	21
FBXL19-AS1	chr16:30920435:A:G	30920435	A:G	3
FBXL19-AS1	chr16:30920488:A:G	30920488	A:G	3
FBXL19-AS1	chr16:30920489:A:G	30920489	A:G	3
KAT8	chr16:31123530:A:G	31123530	A:G	3
KAT8	chr16:31123560:A:G	31123560	A:G	3
KAT8	chr16:31123646:A:G	31123646	A:G	3
LONP2	chr16:48353385:A:G	48353385	A:G	6
LONP2	chr16:48353443:A:G	48353443	A:G	6
LONP2	chr16:48354334:A:G	48354334	A:G	6
LONP2	chr16:48354337:A:G	48354337	A:G	6
LONP2	chr16:48354470:A:G	48354470	A:G	6
LONP2	chr16:48354471:A:G	48354471	A:G	6
MT1L	chr16:56618674:T:C	56618674	A:G	3
MT1L	chr16:56618683:T:C	56618683	A:G	3
MT1L	chr16:56618695:T:C	56618695	A:G	3
TMEM170A	chr16:75445426:A:G	75445426	A:G	16
TMEM170A	chr16:75445433:A:G	75445433	A:G	16
TMEM170A	chr16:75445523:A:G	75445523	A:G	16
TMEM170A	chr16:75445569:A:G	75445569	A:G	16
TMEM170A	chr16:75445570:A:G	75445570	A:G	16
TMEM170A	chr16:75445576:A:G	75445576	A:G	16
TMEM170A	chr16:75445586:A:G	75445586	A:G	16
TMEM170A	chr16:75445919:A:G	75445919	A:G	16
TMEM170A	chr16:75445921:A:G	75445921	A:G	16
TMEM170A	chr16:75445933:A:G	75445933	A:G	16
TMEM170A	chr16:75445934:A:G	75445934	A:G	16
TMEM170A	chr16:75445993:A:G	75445993	A:G	16
TMEM170A	chr16:75446009:A:G	75446009	A:G	16
TMEM170A	chr16:75446012:A:G	75446012	A:G	16
TMEM170A	chr16:75446075:A:G	75446075	A:G	16
TMEM170A	chr16:75446112:A:G	75446112	A:G	16
CENPN	chr16:81030629:A:G	81030629	A:G	6
CENPN	chr16:81030731:A:G	81030731	A:G	6
CENPN	chr16:81030835:A:G	81030835	A:G	6
CENPN	chr16:81030902:A:G	81030902	A:G	6
CENPN	chr16:81030929:A:G	81030929	A:G	6
CENPN	chr16:81030955:A:G	81030955	A:G	6
MAP2K4	chr17:12115727:C:T	12115727	C:T	3
MAP2K4	chr17:12115738:T:C	12115738	A:G	3
MAP2K4	chr17:12116148:G:A	12116148	C:T	3
METTL16	chr17:2417215:A:G	2417215	A:G	3
METTL16	chr17:2417228:A:G	2417228	A:G	3
METTL16	chr17:2417357:A:G	2417357	A:G	3
RNF135	chr17:30973492:A:G	30973492	A:G	11
RNF135	chr17:30973529:A:G	30973529	A:G	11
RNF135	chr17:30973537:A:G	30973537	A:G	11
RNF135	chr17:30973607:A:G	30973607	A:G	11
RNF135	chr17:30973746:A:G	30973746	A:G	11
RNF135	chr17:30973979:A:G	30973979	A:G	11
RNF135	chr17:30974028:A:G	30974028	A:G	11
RNF135	chr17:30974047:A:G	30974047	A:G	11
RNF135	chr17:30974057:A:G	30974057	A:G	11
RNF135	chr17:30974089:A:G	30974089	A:G	11
RNF135	chr17:30974125:A:G	30974125	A:G	11
TMEM106A	chr17:43218068:A:G	43218068	A:G	11
TMEM106A	chr17:43218405:A:G	43218405	A:G	11
TMEM106A	chr17:43218406:A:G	43218406	A:G	11
TMEM106A	chr17:43218429:A:G	43218429	A:G	11
TMEM106A	chr17:43218441:A:G	43218441	A:G	11
TMEM106A	chr17:43218485:A:G	43218485	A:G	11
TMEM106A	chr17:43218500:A:G	43218500	A:G	11
TMEM106A	chr17:43218541:A:G	43218541	A:G	11
TMEM106A	chr17:43219478:A:G	43219478	A:G	11
TMEM106A	chr17:43219652:A:G	43219652	A:G	11
TMEM106A	chr17:43219682:A:G	43219682	A:G	11
NSF	chr17:46721572:C:T	46721572	C:T	4
NSF	chr17:46721821:A:G	46721821	A:G	4
NSF	chr17:46722015:G:A	46722015	C:T	4
NSF	chr17:46722023:G:A	46722023	C:T	4
VMP1	chr17:59836945:T:C	59836945	A:G	7
VMP1	chr17:59836957:T:C	59836957	A:G	7
VMP1	chr17:59837008:T:C	59837008	A:G	7
VMP1	chr17:59837017:T:C	59837017	A:G	7
VMP1	chr17:59837037:T:C	59837037	A:G	7
VMP1	chr17:59837091:T:C	59837091	A:G	7
VMP1	chr17:59837095:T:C	59837095	A:G	7
TUBD1	chr17:59885438:A:G	59885438	A:G	3
TUBD1	chr17:59885439:T:C	59885439	A:G	3
TUBD1	chr17:59885459:G:A	59885459	C:T	3
NACA2	chr17:61590525:A:G	61590525	A:G	5
NACA2	chr17:61590538:G:A	61590538	C:T	5
NACA2	chr17:61590637:A:G	61590637	A:G	5
NACA2	chr17:61590640:G:A	61590640	C:T	5
NACA2	chr17:61590644:A:G	61590644	A:G	5
PECAM1	chr17:64322237:A:G	64322237	A:G	3
PECAM1	chr17:64322238:A:G	64322238	A:G	3
PECAM1	chr17:64322886:A:G	64322886	A:G	3
ARHGAP27P1-BPTFP1-KPNA2P3	chr17:64747192:T:C	64747192	A:G	4
ARHGAP27P1-BPTFP1-KPNA2P3	chr17:64747239:T:C	64747239	A:G	4
ARHGAP27P1-BPTFP1-KPNA2P3	chr17:64747333:C:T	64747333	C:T	4
ARHGAP27P1-BPTFP1-KPNA2P3	chr17:64747362:A:G	64747362	A:G	4
TRIM65	chr17:75889193:A:G	75889193	A:G	4
TRIM65	chr17:75889858:A:G	75889858	A:G	4
TRIM65	chr17:75889923:A:G	75889923	A:G	4
TRIM65	chr17:75890131:A:G	75890131	A:G	4
PGS1	chr17:78422615:A:G	78422615	A:G	3
PGS1	chr17:78422637:A:G	78422637	A:G	3
PGS1	chr17:78422912:A:G	78422912	A:G	3
RNF125	chr18:32068979:A:G	32068979	A:G	3
RNF125	chr18:32068984:A:G	32068984	A:G	3
RNF125	chr18:32069110:A:G	32069110	A:G	3
ZNF564	chr19:12559803:G:A	12559803	C:T	4
ZNF564	chr19:12561189:A:G	12561189	A:G	4
ZNF564	chr19:12561245:A:G	12561245	A:G	4
ZNF564	chr19:12561246:C:T	12561246	C:T	4
CCDC130	chr19:13760012:A:G	13760012	A:G	3
CCDC130	chr19:13760054:A:G	13760054	A:G	3
CCDC130	chr19:13760186:A:G	13760186	A:G	3
MRI1	chr19:13772740:A:G	13772740	A:G	7
MRI1	chr19:13773078:A:G	13773078	A:G	7
MRI1	chr19:13773206:A:G	13773206	A:G	7
MRI1	chr19:13773445:A:G	13773445	A:G	7
MRI1	chr19:13773711:A:G	13773711	A:G	7
MRI1	chr19:13773758:A:G	13773758	A:G	7
MRI1	chr19:13773925:A:G	13773925	A:G	7
NDUFS7	chr19:1391112:C:T	1391112	C:T	3
NDUFS7	chr19:1391113:T:C	1391113	A:G	3
NDUFS7	chr19:1391171:T:C	1391171	A:G	3
BISPR	chr19:17413467:A:G	17413467	A:G	3
BISPR	chr19:17414170:A:G	17414170	A:G	3
BISPR	chr19:17414177:A:G	17414177	A:G	3
IL12RB1	chr19:18071260:A:G	18071260	A:G	4
IL12RB1	chr19:18071289:A:G	18071289	A:G	4
IL12RB1	chr19:18071296:A:G	18071296	A:G	4
IL12RB1	chr19:18071325:A:G	18071325	A:G	4
COPE	chr19:18909630:A:G	18909630	A:G	3
COPE	chr19:18909786:A:G	18909786	A:G	3
COPE	chr19:18911078:A:G	18911078	A:G	3
ZNF101	chr19:19682971:A:G	19682971	A:G	3
ZNF101	chr19:19683066:A:G	19683066	A:G	3
ZNF101	chr19:19683067:A:G	19683067	A:G	3
LINGO3	chr19:2291978:T:C	2291978	A:G	3
LINGO3	chr19:2292005:T:C	2292005	A:G	3
LINGO3	chr19:2292291:T:C	2292291	A:G	3
FAM98C	chr19:38406423:A:G	38406423	A:G	3
FAM98C	chr19:38406594:A:G	38406594	A:G	3
FAM98C	chr19:38406686:A:G	38406686	A:G	3
PVR	chr19:44663854:A:G	44663854	A:G	6
PVR	chr19:44663855:A:G	44663855	A:G	6
PVR	chr19:44665375:A:G	44665375	A:G	6
PVR	chr19:44665513:A:G	44665513	A:G	6
PVR	chr19:44665514:A:G	44665514	A:G	6
PVR	chr19:44665555:A:G	44665555	A:G	6
SIGLEC9	chr19:51133363:A:G	51133363	A:G	4
SIGLEC9	chr19:51133504:A:G	51133504	A:G	4
SIGLEC9	chr19:51134418:A:G	51134418	A:G	4
SIGLEC9	chr19:51134419:A:G	51134419	A:G	4
MIR8074	chr19:51211325:C:T	51211325	C:T	4
MIR8074	chr19:51211329:A:G	51211329	A:G	4
MIR8074	chr19:51211331:A:G	51211331	A:G	4
MIR8074	chr19:51211333:A:G	51211333	A:G	4
FPR2	chr19:51768865:G:A	51768865	C:T	3
FPR2	chr19:51768874:T:C	51768874	A:G	3
FPR2	chr19:51768890:T:C	51768890	A:G	3
ZNF611	chr19:52703863:A:G	52703863	A:G	3
ZNF611	chr19:52704051:A:G	52704051	A:G	3
ZNF611	chr19:52704129:A:G	52704129	A:G	3
ZNF765	chr19:53411158:A:G	53411158	A:G	4
ZNF765	chr19:53411526:A:G	53411526	A:G	4
ZNF765	chr19:53411554:A:G	53411554	A:G	4
ZNF765	chr19:53411566:A:G	53411566	A:G	4
LILRA6	chr19:54237215:A:G	54237215	A:G	21
LILRA6	chr19:54237223:A:G	54237223	A:G	21
LILRA6	chr19:54237241:A:G	54237241	A:G	21
LILRA6	chr19:54237247:A:G	54237247	A:G	21
LILRA6	chr19:54237251:A:G	54237251	A:G	21
LILRA6	chr19:54237277:A:G	54237277	A:G	21
LILRA6	chr19:54237280:A:G	54237280	A:G	21
LILRA6	chr19:54237281:A:G	54237281	A:G	21
LILRA6	chr19:54237325:A:G	54237325	A:G	21
LILRA6	chr19:54238153:A:G	54238153	A:G	21
LILRA6	chr19:54238175:A:G	54238175	A:G	21
LILRA6	chr19:54238176:A:G	54238176	A:G	21
LILRA6	chr19:54238186:A:G	54238186	A:G	21
LILRA6	chr19:54238202:A:G	54238202	A:G	21
LILRA6	chr19:54238212:A:G	54238212	A:G	21
LILRA6	chr19:54238218:A:G	54238218	A:G	21
LILRA6	chr19:54238232:A:G	54238232	A:G	21
LILRA6	chr19:54238240:A:G	54238240	A:G	21
LILRA6	chr19:54238242:A:G	54238242	A:G	21
LILRA6	chr19:54238257:A:G	54238257	A:G	21
LILRA6	chr19:54238262:A:G	54238262	A:G	21
LILRA4	chr19:54336984:A:G	54336984	A:G	4
LILRA4	chr19:54336985:T:C	54336985	A:G	4
LILRA4	chr19:54336986:G:A	54336986	C:T	4
LILRA4	chr19:54337570:A:G	54337570	A:G	4
ZNF542P	chr19:56378584:A:G	56378584	A:G	5
ZNF542P	chr19:56379222:A:G	56379222	A:G	5
ZNF542P	chr19:56379238:A:G	56379238	A:G	5
ZNF542P	chr19:56379264:A:G	56379264	A:G	5
ZNF542P	chr19:56379265:A:G	56379265	A:G	5
ZNF587B	chr19:57845888:A:G	57845888	A:G	3
ZNF587B	chr19:57845900:A:G	57845900	A:G	3
ZNF587B	chr19:57845903:A:G	57845903	A:G	3
ADGRE4P	chr19:6951115:A:G	6951115	A:G	6
ADGRE4P	chr19:6951218:A:G	6951218	A:G	6
ADGRE4P	chr19:6951264:A:G	6951264	A:G	6
ADGRE4P	chr19:6951662:A:G	6951662	A:G	6
ADGRE4P	chr19:6951690:A:G	6951690	A:G	6
ADGRE4P	chr19:6951744:A:G	6951744	A:G	6
MARCHF2	chr19:8414370:A:G	8414370	A:G	5
MARCHF2	chr19:8414449:A:G	8414449	A:G	5
MARCHF2	chr19:8414455:A:G	8414455	A:G	5
MARCHF2	chr19:8414504:A:G	8414504	A:G	5
MARCHF2	chr19:8415195:A:G	8415195	A:G	5
GPR155	chr2:174483696:A:G	174483696	A:G	10
GPR155	chr2:174483700:A:G	174483700	A:G	10
GPR155	chr2:174483701:A:G	174483701	A:G	10
GPR155	chr2:174483732:A:G	174483732	A:G	10
GPR155	chr2:174483857:A:G	174483857	A:G	10
GPR155	chr2:174483858:A:G	174483858	A:G	10
GPR155	chr2:174483864:A:G	174483864	A:G	10
GPR155	chr2:174484816:A:G	174484816	A:G	10
GPR155	chr2:174484824:A:G	174484824	A:G	10
GPR155	chr2:174484829:A:G	174484829	A:G	10
ZNF804A	chr2:184790745:A:G	184790745	A:G	3
ZNF804A	chr2:184790752:T:C	184790752	A:G	3
ZNF804A	chr2:184790878:T:C	184790878	A:G	3
CFLAR-AS1	chr2:201150080:T:C	201150080	A:G	3
CFLAR-AS1	chr2:201150081:T:C	201150081	A:G	3
CFLAR-AS1	chr2:201150213:T:C	201150213	A:G	3
CFLAR	chr2:201164004:A:G	201164004	A:G	5
CFLAR	chr2:201164010:A:G	201164010	A:G	5
CFLAR	chr2:201164144:A:G	201164144	A:G	5
CFLAR	chr2:201165371:A:G	201165371	A:G	5
CFLAR	chr2:201165546:A:G	201165546	A:G	5
CASP10	chr2:201217945:A:G	201217945	A:G	11
CASP10	chr2:201218007:A:G	201218007	A:G	11
CASP10	chr2:201218013:A:G	201218013	A:G	11
CASP10	chr2:201218014:A:G	201218014	A:G	11
CASP10	chr2:201218039:A:G	201218039	A:G	11
CASP10	chr2:201218334:A:G	201218334	A:G	11
CASP10	chr2:201218512:A:G	201218512	A:G	11
CASP10	chr2:201218522:A:G	201218522	A:G	11
CASP10	chr2:201219150:A:G	201219150	A:G	11
CASP10	chr2:201219176:A:G	201219176	A:G	11
CASP10	chr2:201219195:A:G	201219195	A:G	11
CASP8	chr2:201287339:A:G	201287339	A:G	3
CASP8	chr2:201287355:A:G	201287355	A:G	3
CASP8	chr2:201287385:A:G	201287385	A:G	3
CCNYL1	chr2:207754653:A:G	207754653	A:G	11
CCNYL1	chr2:207754737:A:G	207754737	A:G	11
CCNYL1	chr2:207754755:A:G	207754755	A:G	11
CCNYL1	chr2:207754767:A:G	207754767	A:G	11
MIR4775	chr2:207754807:A:G	207754807	A:G	3
MIR4775	chr2:207754860:A:G	207754860	A:G	3
MIR4775	chr2:207754861:A:G	207754861	A:G	3
CCNYL1	chr2:207754926:A:G	207754926	A:G	11
CCNYL1	chr2:207754938:A:G	207754938	A:G	11
CCNYL1	chr2:207754951:A:G	207754951	A:G	11
CCNYL1	chr2:207755018:A:G	207755018	A:G	11
CCNYL1	chr2:207755025:A:G	207755025	A:G	11
CCNYL1	chr2:207755405:A:G	207755405	A:G	11
CCNYL1	chr2:207755419:A:G	207755419	A:G	11
ARPC2	chr2:218235279:A:G	218235279	A:G	9
ARPC2	chr2:218235293:A:G	218235293	A:G	9
ARPC2	chr2:218235364:A:G	218235364	A:G	9
ARPC2	chr2:218235426:A:G	218235426	A:G	9
ARPC2	chr2:218235450:A:G	218235450	A:G	9
ARPC2	chr2:218235855:A:G	218235855	A:G	9
ARPC2	chr2:218235856:A:G	218235856	A:G	9
ARPC2	chr2:218235943:A:G	218235943	A:G	9
ARPC2	chr2:218236685:A:G	218236685	A:G	9
INPP5D	chr2:233140569:A:G	233140569	A:G	7
INPP5D	chr2:233140786:A:G	233140786	A:G	7
INPP5D	chr2:233140808:A:G	233140808	A:G	7
INPP5D	chr2:233141298:A:G	233141298	A:G	7
INPP5D	chr2:233141312:A:G	233141312	A:G	7
INPP5D	chr2:233141446:A:G	233141446	A:G	7
INPP5D	chr2:233141447:A:G	233141447	A:G	7
CEBPZOS	chr2:37202383:A:G	37202383	A:G	5
CEBPZOS	chr2:37202483:A:G	37202483	A:G	5
CEBPZOS	chr2:37202484:A:G	37202484	A:G	5
CEBPZOS	chr2:37202485:A:G	37202485	A:G	5
CEBPZOS	chr2:37202534:A:G	37202534	A:G	5
GALM	chr2:38699616:A:G	38699616	A:G	4
GALM	chr2:38700172:A:G	38700172	A:G	4
GALM	chr2:38700187:A:G	38700187	A:G	4
GALM	chr2:38700220:A:G	38700220	A:G	4
ST3GAL5	chr2:85856686:A:G	85856686	A:G	3
ST3GAL5	chr2:85856843:A:G	85856843	A:G	3
ST3GAL5	chr2:85856844:A:G	85856844	A:G	3
MRPL30	chr2:99195826:A:G	99195826	A:G	17
MRPL30	chr2:99195966:A:G	99195966	A:G	17
MRPL30	chr2:99195984:A:G	99195984	A:G	17
MRPL30	chr2:99195987:A:G	99195987	A:G	17
MRPL30	chr2:99196001:A:G	99196001	A:G	17
MRPL30	chr2:99196002:A:G	99196002	A:G	17
MRPL30	chr2:99196345:A:G	99196345	A:G	17
MRPL30	chr2:99196352:A:G	99196352	A:G	17
MRPL30	chr2:99196354:A:G	99196354	A:G	17
MRPL30	chr2:99196394:A:G	99196394	A:G	17
MRPL30	chr2:99196401:A:G	99196401	A:G	17
MRPL30	chr2:99196434:A:G	99196434	A:G	17
MRPL30	chr2:99196515:A:G	99196515	A:G	17
MRPL30	chr2:99196525:A:G	99196525	A:G	17
MRPL30	chr2:99196540:A:G	99196540	A:G	17
MRPL30	chr2:99196552:A:G	99196552	A:G	17
MRPL30	chr2:99196557:A:G	99196557	A:G	17
RBBP9	chr20:18487707:A:G	18487707	A:G	12
RBBP9	chr20:18487708:A:G	18487708	A:G	12
RBBP9	chr20:18487717:A:G	18487717	A:G	12
RBBP9	chr20:18487824:A:G	18487824	A:G	12
RBBP9	chr20:18487828:A:G	18487828	A:G	12
RBBP9	chr20:18487830:A:G	18487830	A:G	12
RBBP9	chr20:18487867:A:G	18487867	A:G	12
RBBP9	chr20:18488410:A:G	18488410	A:G	12
RBBP9	chr20:18488443:A:G	18488443	A:G	12
RBBP9	chr20:18488498:A:G	18488498	A:G	12
RBBP9	chr20:18488538:A:G	18488538	A:G	12
RBBP9	chr20:18488539:A:G	18488539	A:G	12
STK4	chr20:45078306:A:G	45078306	A:G	5
STK4	chr20:45079068:A:G	45079068	A:G	5
STK4	chr20:45079118:A:G	45079118	A:G	5
STK4	chr20:45079130:A:G	45079130	A:G	5
STK4	chr20:45079198:A:G	45079198	A:G	5
STAU1	chr20:49134719:T:C	49134719	A:G	5
STAU1	chr20:49134746:A:G	49134746	A:G	5
STAU1	chr20:49134770:T:C	49134770	A:G	5
STAU1	chr20:49134784:C:T	49134784	C:T	5
STAU1	chr20:49134831:T:C	49134831	A:G	5
RNF114	chr20:49943935:A:G	49943935	A:G	4
RNF114	chr20:49943980:A:G	49943980	A:G	4
RNF114	chr20:49944138:A:G	49944138	A:G	4
RNF114	chr20:49944162:A:G	49944162	A:G	4
TMEM230	chr20:5063425:A:G	5063425	A:G	4
TMEM230	chr20:5063426:A:G	5063426	A:G	4
TMEM230	chr20:5063497:A:G	5063497	A:G	4
TMEM230	chr20:5065226:A:G	5065226	A:G	4
CTSZ	chr20:59000915:A:G	59000915	A:G	5
CTSZ	chr20:59000966:A:G	59000966	A:G	5
CTSZ	chr20:59000967:A:G	59000967	A:G	5
CTSZ	chr20:59001033:A:G	59001033	A:G	5
CTSZ	chr20:59001047:A:G	59001047	A:G	5
CBR3	chr21:36135313:G:A	36135313	C:T	5
CBR3	chr21:36135333:G:A	36135333	C:T	5
CBR3	chr21:36135375:A:G	36135375	A:G	5
CBR3	chr21:36135390:C:T	36135390	C:T	5
CBR3	chr21:36135391:T:C	36135391	A:G	5
MED15	chr22:20572663:A:G	20572663	A:G	5
MED15	chr22:20572664:A:G	20572664	A:G	5
MED15	chr22:20572681:A:G	20572681	A:G	5
MED15	chr22:20573177:A:G	20573177	A:G	5
MED15	chr22:20573242:A:G	20573242	A:G	5
SNRPD3	chr22:24573054:A:G	24573054	A:G	11
SNRPD3	chr22:24573661:A:G	24573661	A:G	11
SNRPD3	chr22:24573814:A:G	24573814	A:G	11
SNRPD3	chr22:24573832:A:G	24573832	A:G	11
SNRPD3	chr22:24573833:A:G	24573833	A:G	11
SNRPD3	chr22:24574574:A:G	24574574	A:G	11
SNRPD3	chr22:24574641:A:G	24574641	A:G	11
SNRPD3	chr22:24574671:A:G	24574671	A:G	11
SNRPD3	chr22:24574675:A:G	24574675	A:G	11
SNRPD3	chr22:24574707:A:G	24574707	A:G	11
SNRPD3	chr22:24574742:A:G	24574742	A:G	11
SEC14L6	chr22:30543738:A:G	30543738	A:G	7
SEC14L6	chr22:30543804:T:C	30543804	A:G	7
SEC14L6	chr22:30543823:T:C	30543823	A:G	7
SEC14L6	chr22:30544710:G:A	30544710	C:T	7
SEC14L6	chr22:30544711:T:C	30544711	A:G	7
SEC14L6	chr22:30544824:C:T	30544824	C:T	7
SEC14L6	chr22:30544825:A:G	30544825	A:G	7
LIMK2	chr22:31276967:T:C	31276967	A:G	5
LIMK2	chr22:31276975:A:G	31276975	A:G	5
LIMK2	chr22:31277021:T:C	31277021	A:G	5
LIMK2	chr22:31277193:G:A	31277193	C:T	5
LIMK2	chr22:31277313:A:G	31277313	A:G	5
RTCB	chr22:32394003:G:A	32394003	C:T	3
RTCB	chr22:32394006:T:C	32394006	A:G	3
RTCB	chr22:32394008:C:T	32394008	C:T	3
APOL6	chr22:35659860:A:G	35659860	A:G	13
APOL6	chr22:35659891:A:G	35659891	A:G	13
APOL6	chr22:35659905:A:G	35659905	A:G	13
APOL6	chr22:35659927:A:G	35659927	A:G	13
APOL6	chr22:35659950:A:G	35659950	A:G	13
APOL6	chr22:35660551:A:G	35660551	A:G	13
APOL6	chr22:35660685:A:G	35660685	A:G	13
APOL6	chr22:35661201:A:G	35661201	A:G	13
APOL6	chr22:35661204:A:G	35661204	A:G	13
APOL6	chr22:35661214:A:G	35661214	A:G	13
APOL6	chr22:35661291:A:G	35661291	A:G	13
APOL6	chr22:35661307:A:G	35661307	A:G	13
APOL6	chr22:35661308:A:G	35661308	A:G	13
APOL1	chr22:36266143:T:C	36266143	A:G	22
APOL1	chr22:36266160:A:G	36266160	A:G	22
APOL1	chr22:36266191:A:G	36266191	A:G	22
APOL1	chr22:36266220:A:G	36266220	A:G	22
APOL1	chr22:36266230:A:G	36266230	A:G	22
APOL1	chr22:36266256:A:G	36266256	A:G	22
APOL1	chr22:36266271:A:G	36266271	A:G	22
APOL1	chr22:36266272:A:G	36266272	A:G	22
APOL1	chr22:36266288:A:G	36266288	A:G	22
APOL1	chr22:36266291:A:G	36266291	A:G	22
APOL1	chr22:36266350:A:G	36266350	A:G	22
APOL1	chr22:36266351:A:G	36266351	A:G	22
APOL1	chr22:36266650:A:G	36266650	A:G	22
APOL1	chr22:36266651:A:G	36266651	A:G	22
APOL1	chr22:36266694:A:G	36266694	A:G	22
APOL1	chr22:36266728:A:G	36266728	A:G	22
APOL1	chr22:36266743:A:G	36266743	A:G	22
APOL1	chr22:36266748:A:G	36266748	A:G	22
APOL1	chr22:36266758:A:G	36266758	A:G	22
APOL1	chr22:36266825:A:G	36266825	A:G	22
APOL1	chr22:36266826:A:G	36266826	A:G	22
APOL1	chr22:36266855:A:G	36266855	A:G	22
APOBEC3B	chr22:38989533:T:C	38989533	A:G	5
APOBEC3B	chr22:38989541:T:C	38989541	A:G	5
APOBEC3B	chr22:38989544:G:A	38989544	C:T	5
APOBEC3B	chr22:38989602:T:C	38989602	A:G	5
APOBEC3B	chr22:38989603:G:A	38989603	C:T	5
APOBEC3C	chr22:39018767:A:G	39018767	A:G	8
APOBEC3C	chr22:39018907:A:G	39018907	A:G	8
APOBEC3C	chr22:39019867:A:G	39019867	A:G	8
APOBEC3C	chr22:39019886:A:G	39019886	A:G	8
APOBEC3C	chr22:39019900:A:G	39019900	A:G	8
APOBEC3C	chr22:39019905:A:G	39019905	A:G	8
APOBEC3C	chr22:39019906:A:G	39019906	A:G	8
APOBEC3C	chr22:39020076:A:G	39020076	A:G	8
APOBEC3G	chr22:39079447:A:G	39079447	A:G	4
APOBEC3G	chr22:39079457:A:G	39079457	A:G	4
APOBEC3G	chr22:39079525:A:G	39079525	A:G	4
APOBEC3G	chr22:39079858:A:G	39079858	A:G	4
BIK	chr22:43121278:T:C	43121278	A:G	4
BIK	chr22:43121280:A:G	43121280	A:G	4
BIK	chr22:43121281:G:A	43121281	C:T	4
BIK	chr22:43121284:G:A	43121284	C:T	4
EFCAB6	chr22:43644925:C:T	43644925	C:T	3
EFCAB6	chr22:43645339:T:C	43645339	A:G	3
EFCAB6	chr22:43645726:T:C	43645726	A:G	3
CD80	chr3:119531936:A:G	119531936	A:G	5
CD80	chr3:119531937:A:G	119531937	A:G	5
CD80	chr3:119532245:A:G	119532245	A:G	5
CD80	chr3:119532310:A:G	119532310	A:G	5
CD80	chr3:119532410:A:G	119532410	A:G	5
DTX3L	chr3:122570880:A:G	122570880	A:G	3
DTX3L	chr3:122571353:A:G	122571353	A:G	3
DTX3L	chr3:122571376:A:G	122571376	A:G	3
RAB7A	chr3:128764869:C:T	128764869	C:T	4
RAB7A	chr3:128765012:T:C	128765012	A:G	4
RAB7A	chr3:128765148:G:A	128765148	C:T	4
RAB7A	chr3:128765157:T:C	128765157	A:G	4
TFDP2	chr3:142043689:A:G	142043689	A:G	4
TFDP2	chr3:142043699:A:G	142043699	A:G	4
TFDP2	chr3:142043794:G:A	142043794	C:T	4
TFDP2	chr3:142043827:A:G	142043827	A:G	4
PLSCR2	chr3:146454113:C:T	146454113	C:T	9
PLSCR2	chr3:146454120:C:T	146454120	C:T	9
PLSCR2	chr3:146454133:G:A	146454133	C:T	9
PLSCR2	chr3:146455257:C:T	146455257	C:T	9
PLSCR2	chr3:146455266:T:C	146455266	A:G	9
PLSCR2	chr3:146455270:A:G	146455270	A:G	9
PLSCR2	chr3:146455287:A:G	146455287	A:G	9
PLSCR2	chr3:146455313:G:A	146455313	C:T	9
PLSCR2	chr3:146455321:C:T	146455321	C:T	9
FGD5-AS1	chr3:14944573:A:G	14944573	A:G	9
FGD5-AS1	chr3:14944591:A:G	14944591	A:G	9
FGD5-AS1	chr3:14944603:A:G	14944603	A:G	9
FGD5-AS1	chr3:14944604:A:G	14944604	A:G	9
FGD5-AS1	chr3:14944631:A:G	14944631	A:G	9
FGD5-AS1	chr3:14944643:A:G	14944643	A:G	9
FGD5-AS1	chr3:14944940:A:G	14944940	A:G	9
FGD5-AS1	chr3:14944945:A:G	14944945	A:G	9
FGD5-AS1	chr3:14944946:A:G	14944946	A:G	9
SSR3	chr3:156540484:A:G	156540484	A:G	5
SSR3	chr3:156541574:A:G	156541574	A:G	5
SSR3	chr3:156541578:A:G	156541578	A:G	5
SSR3	chr3:156541617:A:G	156541617	A:G	5
SSR3	chr3:156541618:A:G	156541618	A:G	5
PA2G4P4	chr3:156809705:G:A	156809705	C:T	3
PA2G4P4	chr3:156809750:G:A	156809750	C:T	3
PA2G4P4	chr3:156809864:A:G	156809864	A:G	3
CCNL1	chr3:157159484:T:C	157159484	A:G	3
CCNL1	chr3:157159488:T:C	157159488	A:G	3
CCNL1	chr3:157159491:T:C	157159491	A:G	3
LINC02068	chr3:172603131:A:G	172603131	A:G	3
LINC02068	chr3:172603629:G:A	172603629	C:T	3
LINC02068	chr3:172603761:G:A	172603761	C:T	3
KCNMB3	chr3:179258902:C:T	179258902	C:T	3
KCNMB3	chr3:179260123:A:G	179260123	A:G	3
KCNMB3	chr3:179260162:G:A	179260162	C:T	3
GNB4	chr3:179399245:A:G	179399245	A:G	9
GNB4	chr3:179399314:A:G	179399314	A:G	9
GNB4	chr3:179399367:A:G	179399367	A:G	9
GNB4	chr3:179399376:A:G	179399376	A:G	9
GNB4	chr3:179399445:A:G	179399445	A:G	9
GNB4	chr3:179399453:A:G	179399453	A:G	9
GNB4	chr3:179399454:A:G	179399454	A:G	9
GNB4	chr3:179399476:A:G	179399476	A:G	9
GNB4	chr3:179399478:A:G	179399478	A:G	9
KLHL6	chr3:183490657:A:G	183490657	A:G	3
KLHL6	chr3:183491248:A:G	183491248	A:G	3
KLHL6	chr3:183491340:A:G	183491340	A:G	3
LRCH3	chr3:197884177:A:G	197884177	A:G	13
LRCH3	chr3:197884224:A:G	197884224	A:G	13
LRCH3	chr3:197884254:A:G	197884254	A:G	13
LRCH3	chr3:197884284:A:G	197884284	A:G	13
LRCH3	chr3:197884320:A:G	197884320	A:G	13
LRCH3	chr3:197884321:A:G	197884321	A:G	13
LRCH3	chr3:197884340:A:G	197884340	A:G	13
LRCH3	chr3:197884875:A:G	197884875	A:G	13
LRCH3	chr3:197885349:A:G	197885349	A:G	13
LRCH3	chr3:197885397:A:G	197885397	A:G	13
LRCH3	chr3:197885489:A:G	197885489	A:G	13
LRCH3	chr3:197885522:A:G	197885522	A:G	13
LRCH3	chr3:197885531:A:G	197885531	A:G	13
KIAA1143	chr3:44749144:A:G	44749144	A:G	3
KIAA1143	chr3:44749267:A:G	44749267	A:G	3
KIAA1143	chr3:44749905:A:G	44749905	A:G	3
LIMD1-AS1	chr3:45680368:T:C	45680368	A:G	15
LIMD1-AS1	chr3:45680399:T:C	45680399	A:G	15
LIMD1-AS1	chr3:45680425:T:C	45680425	A:G	15
LIMD1-AS1	chr3:45680442:T:C	45680442	A:G	15
LIMD1-AS1	chr3:45680497:T:C	45680497	A:G	15
LIMD1-AS1	chr3:45680498:T:C	45680498	A:G	15
LIMD1-AS1	chr3:45680555:T:C	45680555	A:G	15
LIMD1-AS1	chr3:45680563:T:C	45680563	A:G	15
LIMD1-AS1	chr3:45680761:T:C	45680761	A:G	15
LIMD1-AS1	chr3:45680795:T:C	45680795	A:G	15
LIMD1-AS1	chr3:45680849:T:C	45680849	A:G	15
LIMD1-AS1	chr3:45680889:T:C	45680889	A:G	15
LIMD1-AS1	chr3:45680895:T:C	45680895	A:G	15
LIMD1-AS1	chr3:45680904:T:C	45680904	A:G	15
LIMD1-AS1	chr3:45680916:T:C	45680916	A:G	15
CCR2	chr3:46357941:A:G	46357941	A:G	7
CCR2	chr3:46357953:T:C	46357953	A:G	7
CCR2	chr3:46358019:C:T	46358019	C:T	7
CCR2	chr3:46358064:T:C	46358064	A:G	7
CCR2	chr3:46358066:A:G	46358066	A:G	7
CCR2	chr3:46358070:C:T	46358070	C:T	7
CCR2	chr3:46358073:G:A	46358073	C:T	7
CCR5AS	chr3:46375779:T:C	46375779	A:G	3
CCR5AS	chr3:46375781:T:C	46375781	A:G	3
CCR5AS	chr3:46375792:T:C	46375792	A:G	3
PRKAR2A	chr3:48749558:A:G	48749558	A:G	8
PRKAR2A	chr3:48749609:A:G	48749609	A:G	8
PRKAR2A	chr3:48749685:A:G	48749685	A:G	8
PRKAR2A	chr3:48750129:A:G	48750129	A:G	8
PRKAR2A	chr3:48750241:A:G	48750241	A:G	8
PRKAR2A	chr3:48750251:A:G	48750251	A:G	8
PRKAR2A	chr3:48750423:A:G	48750423	A:G	8
PRKAR2A	chr3:48750476:A:G	48750476	A:G	8
GXYLT2	chr3:72929317:C:T	72929317	C:T	4
GXYLT2	chr3:72929341:G:A	72929341	C:T	4
GXYLT2	chr3:72929514:T:C	72929514	A:G	4
GXYLT2	chr3:72929679:T:C	72929679	A:G	4
MIR8060	chr3:96350851:T:C	96350851	A:G	3
MIR8060	chr3:96351359:T:C	96351359	A:G	3
MIR8060	chr3:96351833:G:A	96351833	C:T	3
MCUB	chr4:109674039:T:C	109674039	A:G	3
MCUB	chr4:109674919:C:T	109674919	C:T	3
MCUB	chr4:109674927:A:G	109674927	A:G	3
LINC01378	chr4:117574628:T:C	117574628	A:G	10
LINC01378	chr4:117574799:A:G	117574799	A:G	10
LINC01378	chr4:117574894:G:A	117574894	C:T	10
LINC01378	chr4:117575043:A:G	117575043	A:G	10
LINC01378	chr4:117575203:G:A	117575203	C:T	10
LINC01378	chr4:117575220:C:T	117575220	C:T	10
LINC01378	chr4:117575364:T:C	117575364	A:G	10
LINC01378	chr4:117575624:T:C	117575624	A:G	10
LINC01378	chr4:117575717:A:G	117575717	A:G	10
LINC01378	chr4:117575725:T:C	117575725	A:G	10
GAB1	chr4:143349869:A:G	143349869	A:G	3
GAB1	chr4:143349872:G:A	143349872	C:T	3
GAB1	chr4:143349902:A:G	143349902	A:G	3
TRIM60	chr4:165046148:C:T	165046148	C:T	3
TRIM60	chr4:165046191:A:G	165046191	A:G	3
TRIM60	chr4:165046202:T:C	165046202	A:G	3
SH3BP2	chr4:2839625:A:G	2839625	A:G	6
SH3BP2	chr4:2839661:A:G	2839661	A:G	6
SH3BP2	chr4:2839669:A:G	2839669	A:G	6
SH3BP2	chr4:2839671:A:G	2839671	A:G	6
SH3BP2	chr4:2840074:A:G	2840074	A:G	6
SH3BP2	chr4:2840118:A:G	2840118	A:G	6
NOP14-AS1	chr4:2938644:T:C	2938644	A:G	3
NOP14-AS1	chr4:2938670:T:C	2938670	A:G	3
NOP14-AS1	chr4:2938735:T:C	2938735	A:G	3
TLR6	chr4:38827285:A:G	38827285	A:G	5
TLR6	chr4:38827323:T:C	38827323	A:G	5
TLR6	chr4:38827344:G:A	38827344	C:T	5
TLR6	chr4:38827557:C:T	38827557	C:T	5
TLR6	chr4:38827762:C:T	38827762	C:T	5
UGDH-AS1	chr4:39548938:T:C	39548938	A:G	4
UGDH-AS1	chr4:39548944:T:C	39548944	A:G	4
UGDH-AS1	chr4:39548950:T:C	39548950	A:G	4
UGDH-AS1	chr4:39548951:T:C	39548951	A:G	4
SRD5A3-AS1	chr4:55370654:T:C	55370654	A:G	4
SRD5A3-AS1	chr4:55370822:T:C	55370822	A:G	4
SRD5A3-AS1	chr4:55371732:T:C	55371732	A:G	4
SRD5A3-AS1	chr4:55371781:T:C	55371781	A:G	4
SEPTIN11	chr4:76959016:C:T	76959016	C:T	3
SEPTIN11	chr4:76959019:T:C	76959019	A:G	3
SEPTIN11	chr4:76959083:T:C	76959083	A:G	3
HPSE	chr4:83294810:A:G	83294810	A:G	7
HPSE	chr4:83294811:A:G	83294811	A:G	7
HPSE	chr4:83294820:A:G	83294820	A:G	7
HPSE	chr4:83294837:A:G	83294837	A:G	7
HPSE	chr4:83294876:A:G	83294876	A:G	7
HPSE	chr4:83294884:A:G	83294884	A:G	7
HPSE	chr4:83294914:A:G	83294914	A:G	7
HERC6	chr4:88399651:A:G	88399651	A:G	4
HERC6	chr4:88399656:A:G	88399656	A:G	4
HERC6	chr4:88399696:A:G	88399696	A:G	4
HERC6	chr4:88400295:A:G	88400295	A:G	4
FEM1C	chr5:115513124:T:C	115513124	A:G	3
FEM1C	chr5:115513139:T:C	115513139	A:G	3
FEM1C	chr5:115513141:G:A	115513141	C:T	3
PHAX	chr5:126625476:A:G	126625476	A:G	16
PHAX	chr5:126625477:A:G	126625477	A:G	16
PHAX	chr5:126625512:A:G	126625512	A:G	16
PHAX	chr5:126625763:A:G	126625763	A:G	16
PHAX	chr5:126625771:A:G	126625771	A:G	16
PHAX	chr5:126625840:A:G	126625840	A:G	16
PHAX	chr5:126625856:A:G	126625856	A:G	16
PHAX	chr5:126625862:A:G	126625862	A:G	16
PHAX	chr5:126625931:A:G	126625931	A:G	16
PHAX	chr5:126625942:A:G	126625942	A:G	16
PHAX	chr5:126625955:A:G	126625955	A:G	16
PHAX	chr5:126625956:A:G	126625956	A:G	16
PHAX	chr5:126625957:A:G	126625957	A:G	16
PHAX	chr5:126625969:A:G	126625969	A:G	16
PHAX	chr5:126626338:A:G	126626338	A:G	16
PHAX	chr5:126626483:A:G	126626483	A:G	16
ARHGAP26	chr5:143225252:A:G	143225252	A:G	13
ARHGAP26	chr5:143225288:A:G	143225288	A:G	13
ARHGAP26	chr5:143225305:A:G	143225305	A:G	13
ARHGAP26	chr5:143225353:A:G	143225353	A:G	13
ARHGAP26	chr5:143225363:A:G	143225363	A:G	13
ARHGAP26	chr5:143225441:A:G	143225441	A:G	13
ARHGAP26	chr5:143226315:A:G	143226315	A:G	13
ARHGAP26	chr5:143226318:A:G	143226318	A:G	13
ARHGAP26	chr5:143226321:A:G	143226321	A:G	13
ARHGAP26	chr5:143226322:A:G	143226322	A:G	13
ARHGAP26	chr5:143226324:A:G	143226324	A:G	13
ARHGAP26	chr5:143226401:A:G	143226401	A:G	13
ARHGAP26	chr5:143226406:A:G	143226406	A:G	13
SLC26A2	chr5:149981840:A:G	149981840	A:G	3
SLC26A2	chr5:149983651:A:G	149983651	A:G	3
SLC26A2	chr5:149983656:A:G	149983656	A:G	3
HAVCR2	chr5:157090237:A:G	157090237	A:G	5
HAVCR2	chr5:157090250:A:G	157090250	A:G	5
HAVCR2	chr5:157090415:A:G	157090415	A:G	5
HAVCR2	chr5:157090650:A:G	157090650	A:G	5
HAVCR2	chr5:157090658:A:G	157090658	A:G	5
ZFP2	chr5:178922647:C:T	178922647	C:T	3
ZFP2	chr5:178922781:G:A	178922781	C:T	3
ZFP2	chr5:178922823:T:C	178922823	A:G	3
PDZD2	chr5:31923571:T:C	31923571	A:G	4
PDZD2	chr5:31923582:A:G	31923582	A:G	4
PDZD2	chr5:31923660:T:C	31923660	A:G	4
PDZD2	chr5:31923664:C:T	31923664	C:T	4
SGTB	chr5:65668049:A:G	65668049	A:G	31
SGTB	chr5:65668067:A:G	65668067	A:G	31
SGTB	chr5:65668091:A:G	65668091	A:G	31
SGTB	chr5:65668097:A:G	65668097	A:G	31
SGTB	chr5:65668117:A:G	65668117	A:G	31
SGTB	chr5:65668135:A:G	65668135	A:G	31
SGTB	chr5:65668179:A:G	65668179	A:G	31
SGTB	chr5:65668189:A:G	65668189	A:G	31
SGTB	chr5:65668203:A:G	65668203	A:G	31
SGTB	chr5:65668225:A:G	65668225	A:G	31
SGTB	chr5:65668226:A:G	65668226	A:G	31
SGTB	chr5:65668353:A:G	65668353	A:G	31
SGTB	chr5:65668365:A:G	65668365	A:G	31
SGTB	chr5:65668392:A:G	65668392	A:G	31
SGTB	chr5:65668393:A:G	65668393	A:G	31
SGTB	chr5:65668485:A:G	65668485	A:G	31
SGTB	chr5:65668487:A:G	65668487	A:G	31
SGTB	chr5:65668499:A:G	65668499	A:G	31
SGTB	chr5:65668575:A:G	65668575	A:G	31
SGTB	chr5:65668617:A:G	65668617	A:G	31
SGTB	chr5:65668641:A:G	65668641	A:G	31
SGTB	chr5:65668658:A:G	65668658	A:G	31
SGTB	chr5:65668659:A:G	65668659	A:G	31
SGTB	chr5:65668694:A:G	65668694	A:G	31
SGTB	chr5:65668796:A:G	65668796	A:G	31
SGTB	chr5:65668807:A:G	65668807	A:G	31
SGTB	chr5:65668808:A:G	65668808	A:G	31
SGTB	chr5:65668839:A:G	65668839	A:G	31
SGTB	chr5:65668856:A:G	65668856	A:G	31
SGTB	chr5:65668875:A:G	65668875	A:G	31
SGTB	chr5:65668891:A:G	65668891	A:G	31
VCAN	chr5:83514659:A:G	83514659	A:G	3
VCAN	chr5:83516045:A:G	83516045	A:G	3
VCAN	chr5:83516085:A:G	83516085	A:G	3
OSTM1	chr6:108042167:A:G	108042167	A:G	5
OSTM1	chr6:108042172:A:G	108042172	A:G	5
OSTM1	chr6:108042214:A:G	108042214	A:G	5
OSTM1	chr6:108042685:A:G	108042685	A:G	5
OSTM1	chr6:108042693:A:G	108042693	A:G	5
ZBTB24	chr6:109463083:A:G	109463083	A:G	3
ZBTB24	chr6:109463257:A:G	109463257	A:G	3
ZBTB24	chr6:109464743:A:G	109464743	A:G	3
NUP43	chr6:149724619:A:G	149724619	A:G	4
NUP43	chr6:149724620:A:G	149724620	A:G	4
NUP43	chr6:149724652:A:G	149724652	A:G	4
NUP43	chr6:149724682:A:G	149724682	A:G	4
RSPH3	chr6:158974286:A:G	158974286	A:G	8
RSPH3	chr6:158974288:A:G	158974288	A:G	8
RSPH3	chr6:158974326:A:G	158974326	A:G	8
RSPH3	chr6:158974328:A:G	158974328	A:G	8
RSPH3	chr6:158974333:A:G	158974333	A:G	8
RSPH3	chr6:158974389:A:G	158974389	A:G	8
RSPH3	chr6:158974390:A:G	158974390	A:G	8
RSPH3	chr6:158974394:A:G	158974394	A:G	8
GMPR	chr6:16255952:A:G	16255952	A:G	3
GMPR	chr6:16256038:A:G	16256038	A:G	3
GMPR	chr6:16256260:A:G	16256260	A:G	3
CAP2	chr6:17530860:T:C	17530860	A:G	5
CAP2	chr6:17530861:G:A	17530861	C:T	5
CAP2	chr6:17530986:T:C	17530986	A:G	5
CAP2	chr6:17530987:G:A	17530987	C:T	5
CAP2	chr6:17531002:T:C	17531002	A:G	5
HCG4B	chr6:29928513:G:A	29928513	C:T	3
HCG4B	chr6:29928525:C:T	29928525	C:T	3
HCG4B	chr6:29929717:A:G	29929717	A:G	3
HLA-J	chr6:30008323:G:A	30008323	C:T	5
HLA-J	chr6:30008329:C:T	30008329	C:T	5
HLA-J	chr6:30008344:C:T	30008344	C:T	5
HLA-J	chr6:30008345:A:G	30008345	A:G	5
HLA-J	chr6:30008383:A:G	30008383	A:G	5
HTATSF1P2	chr6:3020521:A:G	3020521	A:G	17
HTATSF1P2	chr6:3020602:A:G	3020602	A:G	17
HTATSF1P2	chr6:3021086:A:G	3021086	A:G	17
HTATSF1P2	chr6:3021096:A:G	3021096	A:G	17
HTATSF1P2	chr6:3021109:A:G	3021109	A:G	17
HTATSF1P2	chr6:3021118:A:G	3021118	A:G	17
HTATSF1P2	chr6:3021122:A:G	3021122	A:G	17
HTATSF1P2	chr6:3021141:A:G	3021141	A:G	17
HTATSF1P2	chr6:3021157:A:G	3021157	A:G	17
HTATSF1P2	chr6:3021231:A:G	3021231	A:G	17
HTATSF1P2	chr6:3021232:A:G	3021232	A:G	17
HTATSF1P2	chr6:3021947:A:G	3021947	A:G	17
HTATSF1P2	chr6:3021950:A:G	3021950	A:G	17
HTATSF1P2	chr6:3022002:A:G	3022002	A:G	17
HTATSF1P2	chr6:3022224:A:G	3022224	A:G	17
HTATSF1P2	chr6:3022234:A:G	3022234	A:G	17
HTATSF1P2	chr6:3022474:A:G	3022474	A:G	17
TUBB2A	chr6:3154097:C:T	3154097	C:T	3
TUBB2A	chr6:3154115:G:A	3154115	C:T	3
TUBB2A	chr6:3154127:C:T	3154127	C:T	3
TUBB2B	chr6:3224790:A:G	3224790	A:G	5
TUBB2B	chr6:3224802:G:A	3224802	C:T	5
TUBB2B	chr6:3224808:C:T	3224808	C:T	5
TUBB2B	chr6:3224841:C:T	3224841	C:T	5
TUBB2B	chr6:3224985:C:T	3224985	C:T	5
HLA-DOA	chr6:33005250:A:G	33005250	A:G	4
HLA-DOA	chr6:33005780:A:G	33005780	A:G	4
HLA-DOA	chr6:33005798:A:G	33005798	A:G	4
HLA-DOA	chr6:33005854:A:G	33005854	A:G	4
MAPK13	chr6:36141419:A:G	36141419	A:G	5
MAPK13	chr6:36141473:A:G	36141473	A:G	5
MAPK13	chr6:36141553:A:G	36141553	A:G	5
MAPK13	chr6:36141554:A:G	36141554	A:G	5
MAPK13	chr6:36141593:A:G	36141593	A:G	5
PANDAR	chr6:36673784:A:G	36673784	A:G	9
PANDAR	chr6:36673808:C:T	36673808	C:T	9
PANDAR	chr6:36673810:A:G	36673810	A:G	9
PANDAR	chr6:36674240:T:C	36674240	A:G	9
PANDAR	chr6:36674248:C:T	36674248	C:T	9
PANDAR	chr6:36674490:A:G	36674490	A:G	9
PANDAR	chr6:36674535:T:C	36674535	A:G	9
PANDAR	chr6:36674914:C:T	36674914	C:T	9
PANDAR	chr6:36674962:C:T	36674962	C:T	9
FGD2	chr6:37032732:T:C	37032732	A:G	6
FGD2	chr6:37032736:T:C	37032736	A:G	6
FGD2	chr6:37032868:T:C	37032868	A:G	6
FGD2	chr6:37033046:T:C	37033046	A:G	6
FGD2	chr6:37033147:T:C	37033147	A:G	6
FGD2	chr6:37033192:T:C	37033192	A:G	6
CGAS	chr6:73424191:A:G	73424191	A:G	11
CGAS	chr6:73424950:A:G	73424950	A:G	11
CGAS	chr6:73424951:A:G	73424951	A:G	11
CGAS	chr6:73424991:A:G	73424991	A:G	11
CGAS	chr6:73425031:A:G	73425031	A:G	11
CGAS	chr6:73425032:A:G	73425032	A:G	11
CGAS	chr6:73425033:A:G	73425033	A:G	11
CGAS	chr6:73425036:A:G	73425036	A:G	11
CGAS	chr6:73425057:A:G	73425057	A:G	11
CGAS	chr6:73425125:A:G	73425125	A:G	11
CGAS	chr6:73425148:A:G	73425148	A:G	11
SLC17A5	chr6:73593820:A:G	73593820	A:G	3
SLC17A5	chr6:73594290:A:G	73594290	A:G	3
SLC17A5	chr6:73594291:A:G	73594291	A:G	3
ELOVL4	chr6:79952985:T:C	79952985	A:G	3
ELOVL4	chr6:79953726:A:G	79953726	A:G	3
ELOVL4	chr6:79953730:T:C	79953730	A:G	3
TRIM56	chr7:101091517:A:G	101091517	A:G	6
TRIM56	chr7:101091573:A:G	101091573	A:G	6
TRIM56	chr7:101091593:A:G	101091593	A:G	6
TRIM56	chr7:101091606:A:G	101091606	A:G	6
TRIM56	chr7:101091607:A:G	101091607	A:G	6
TRIM56	chr7:101092018:A:G	101092018	A:G	6
TPI1P2	chr7:129056455:T:C	129056455	A:G	4
TPI1P2	chr7:129056482:T:C	129056482	A:G	4
TPI1P2	chr7:129056504:A:G	129056504	A:G	4
TPI1P2	chr7:129056507:T:C	129056507	A:G	4
LINC-PINT	chr7:130944865:A:G	130944865	A:G	5
LINC-PINT	chr7:130944866:A:G	130944866	A:G	5
LINC-PINT	chr7:130944867:A:G	130944867	A:G	5
LINC-PINT	chr7:130945233:A:G	130945233	A:G	5
LINC-PINT	chr7:130945478:A:G	130945478	A:G	5
DGKI	chr7:137722371:T:C	137722371	A:G	3
DGKI	chr7:137722502:C:T	137722502	C:T	3
DGKI	chr7:137722577:G:A	137722577	C:T	3
UBE3C	chr7:157192707:C:T	157192707	C:T	3
UBE3C	chr7:157192708:T:C	157192708	A:G	3
UBE3C	chr7:157192749:A:G	157192749	A:G	3
AHR	chr7:17344729:A:G	17344729	A:G	20
AHR	chr7:17344734:A:G	17344734	A:G	20
AHR	chr7:17344769:A:G	17344769	A:G	20
AHR	chr7:17344771:A:G	17344771	A:G	20
AHR	chr7:17344810:A:G	17344810	A:G	20
AHR	chr7:17344813:A:G	17344813	A:G	20
AHR	chr7:17344891:A:G	17344891	A:G	20
AHR	chr7:17344903:A:G	17344903	A:G	20
AHR	chr7:17345061:A:G	17345061	A:G	20
AHR	chr7:17345062:A:G	17345062	A:G	20
AHR	chr7:17345106:A:G	17345106	A:G	20
AHR	chr7:17345139:A:G	17345139	A:G	20
AHR	chr7:17345155:A:G	17345155	A:G	20
AHR	chr7:17345156:A:G	17345156	A:G	20
AHR	chr7:17345159:A:G	17345159	A:G	20
AHR	chr7:17345168:A:G	17345168	A:G	20
AHR	chr7:17345208:A:G	17345208	A:G	20
AHR	chr7:17345256:A:G	17345256	A:G	20
AHR	chr7:17345258:A:G	17345258	A:G	20
AHR	chr7:17345263:A:G	17345263	A:G	20
GPNMB	chr7:23275201:A:G	23275201	A:G	11
GPNMB	chr7:23275209:A:G	23275209	A:G	11
GPNMB	chr7:23275273:A:G	23275273	A:G	11
GPNMB	chr7:23275275:A:G	23275275	A:G	11
GPNMB	chr7:23275282:A:G	23275282	A:G	11
GPNMB	chr7:23275468:A:G	23275468	A:G	11
GPNMB	chr7:23275470:A:G	23275470	A:G	11
GPNMB	chr7:23275471:A:G	23275471	A:G	11
GPNMB	chr7:23275479:A:G	23275479	A:G	11
GPNMB	chr7:23275510:A:G	23275510	A:G	11
GPNMB	chr7:23275511:A:G	23275511	A:G	11
GPR141	chr7:37742260:A:G	37742260	A:G	6
GPR141	chr7:37742310:A:G	37742310	A:G	6
GPR141	chr7:37742790:A:G	37742790	A:G	6
GPR141	chr7:37742791:A:G	37742791	A:G	6
GPR141	chr7:37742804:A:G	37742804	A:G	6
GPR141	chr7:37742819:A:G	37742819	A:G	6
VPS41	chr7:38723468:A:G	38723468	A:G	5
VPS41	chr7:38724659:A:G	38724659	A:G	5
VPS41	chr7:38724722:A:G	38724722	A:G	5
VPS41	chr7:38724742:A:G	38724742	A:G	5
VPS41	chr7:38724758:A:G	38724758	A:G	5
PPIA	chr7:44801920:A:G	44801920	A:G	4
PPIA	chr7:44802249:A:G	44802249	A:G	4
PPIA	chr7:44802329:A:G	44802329	A:G	4
PPIA	chr7:44802500:A:G	44802500	A:G	4
SEPTIN7P2	chr7:45751614:A:G	45751614	A:G	3
SEPTIN7P2	chr7:45751619:A:G	45751619	A:G	3
SEPTIN7P2	chr7:45751620:C:T	45751620	C:T	3
CRCP	chr7:66154305:A:G	66154305	A:G	4
CRCP	chr7:66154357:A:G	66154357	A:G	4
CRCP	chr7:66154360:A:G	66154360	A:G	4
CRCP	chr7:66155772:A:G	66155772	A:G	4
NCF1B	chr7:73233230:A:G	73233230	A:G	3
NCF1B	chr7:73233235:A:G	73233235	A:G	3
NCF1B	chr7:73233241:A:G	73233241	A:G	3
LAT2	chr7:74217222:A:G	74217222	A:G	3
LAT2	chr7:74217267:A:G	74217267	A:G	3
LAT2	chr7:74217270:A:G	74217270	A:G	3
NCF1C	chr7:75159350:A:G	75159350	A:G	6
NCF1C	chr7:75159355:A:G	75159355	A:G	6
NCF1C	chr7:75159428:A:G	75159428	A:G	6
NCF1C	chr7:75159833:A:G	75159833	A:G	6
NCF1C	chr7:75159856:A:G	75159856	A:G	6
NCF1C	chr7:75160195:A:G	75160195	A:G	6
NACA4P	chr8:101369289:T:C	101369289	A:G	3
NACA4P	chr8:101369301:T:C	101369301	A:G	3
NACA4P	chr8:101369399:G:A	101369399	C:T	3
OXR1	chr8:106696872:T:C	106696872	A:G	8
OXR1	chr8:106696880:T:C	106696880	A:G	8
OXR1	chr8:106697286:T:C	106697286	A:G	8
OXR1	chr8:106697318:G:A	106697318	C:T	8
OXR1	chr8:106697326:A:G	106697326	A:G	8
OXR1	chr8:106697487:G:A	106697487	C:T	8
OXR1	chr8:106697950:C:T	106697950	C:T	8
OXR1	chr8:106697978:T:C	106697978	A:G	8
MSR1	chr8:16108146:A:G	16108146	A:G	3
MSR1	chr8:16108193:A:G	16108193	A:G	3
MSR1	chr8:16108226:A:G	16108226	A:G	3
ASAH1	chr8:18075054:C:T	18075054	C:T	3
ASAH1	chr8:18075099:G:A	18075099	C:T	3
ASAH1	chr8:18075101:A:G	18075101	A:G	3
GSR	chr8:30678436:A:G	30678436	A:G	11
GSR	chr8:30678458:A:G	30678458	A:G	11
GSR	chr8:30678463:A:G	30678463	A:G	11
GSR	chr8:30678498:A:G	30678498	A:G	11
GSR	chr8:30678499:A:G	30678499	A:G	11
GSR	chr8:30678634:A:G	30678634	A:G	11
GSR	chr8:30678635:A:G	30678635	A:G	11
GSR	chr8:30679027:A:G	30679027	A:G	11
GSR	chr8:30679037:A:G	30679037	A:G	11
GSR	chr8:30679066:A:G	30679066	A:G	11
GSR	chr8:30679086:A:G	30679086	A:G	11
SLC46A2	chr9:112880117:T:C	112880117	A:G	3
SLC46A2	chr9:112880166:T:C	112880166	A:G	3
SLC46A2	chr9:112880211:T:C	112880211	A:G	3
ASTN2	chr9:117180903:A:G	117180903	A:G	3
ASTN2	chr9:117180931:A:G	117180931	A:G	3
ASTN2	chr9:117180968:A:G	117180968	A:G	3
TTC39B	chr9:15167329:A:G	15167329	A:G	3
TTC39B	chr9:15167689:A:G	15167689	A:G	3
TTC39B	chr9:15167690:A:G	15167690	A:G	3
TRIM14	chr9:98117435:A:G	98117435	A:G	3
TRIM14	chr9:98117446:A:G	98117446	A:G	3
TRIM14	chr9:98118371:A:G	98118371	A:G	3
TBC1D2	chr9:98217784:A:G	98217784	A:G	17
TBC1D2	chr9:98217853:A:G	98217853	A:G	17
TBC1D2	chr9:98217915:A:G	98217915	A:G	17
TBC1D2	chr9:98218002:A:G	98218002	A:G	17
TBC1D2	chr9:98218005:A:G	98218005	A:G	17
TBC1D2	chr9:98218011:A:G	98218011	A:G	17
TBC1D2	chr9:98218046:A:G	98218046	A:G	17
TBC1D2	chr9:98218047:A:G	98218047	A:G	17
TBC1D2	chr9:98218050:A:G	98218050	A:G	17
TBC1D2	chr9:98218054:A:G	98218054	A:G	17
TBC1D2	chr9:98218147:A:G	98218147	A:G	17
TBC1D2	chr9:98218323:A:G	98218323	A:G	17
TBC1D2	chr9:98218385:A:G	98218385	A:G	17
TBC1D2	chr9:98218402:A:G	98218402	A:G	17
TBC1D2	chr9:98218445:A:G	98218445	A:G	17
TBC1D2	chr9:98218455:A:G	98218455	A:G	17
TBC1D2	chr9:98218467:A:G	98218467	A:G	17
MIR2114	chrX:150230876:T:C	150230876	A:G	22
MIR2114	chrX:150231041:T:C	150231041	A:G	22
MIR2114	chrX:150231060:A:G	150231060	A:G	22
MIR2114	chrX:150231061:T:C	150231061	A:G	22
MIR2114	chrX:150231074:A:G	150231074	A:G	22
MIR2114	chrX:150231160:A:G	150231160	A:G	22
MIR2114	chrX:150231188:G:A	150231188	C:T	22
MIR2114	chrX:150231197:A:G	150231197	A:G	22
MIR2114	chrX:150231340:G:A	150231340	C:T	22
MIR2114	chrX:150231359:T:C	150231359	A:G	22
MIR2114	chrX:150231401:T:C	150231401	A:G	22
MIR2114	chrX:150231505:T:C	150231505	A:G	22
MIR2114	chrX:150231522:T:C	150231522	A:G	22
MIR2114	chrX:150231800:A:G	150231800	A:G	22
MIR2114	chrX:150231801:G:A	150231801	C:T	22
MIR2114	chrX:150231975:T:C	150231975	A:G	22
MIR2114	chrX:150231978:T:C	150231978	A:G	22
MIR2114	chrX:150232026:A:G	150232026	A:G	22
MIR2114	chrX:150232274:T:C	150232274	A:G	22
MIR2114	chrX:150232289:A:G	150232289	A:G	22
MIR2114	chrX:150232407:T:C	150232407	A:G	22
MIR2114	chrX:150232592:A:G	150232592	A:G	22
ARSD	chrX:2906198:A:G	2906198	A:G	18
ARSD	chrX:2906205:A:G	2906205	A:G	18
ARSD	chrX:2906213:A:G	2906213	A:G	18
ARSD	chrX:2906270:A:G	2906270	A:G	18
ARSD	chrX:2906302:A:G	2906302	A:G	18
ARSD	chrX:2906313:A:G	2906313	A:G	18
ARSD	chrX:2906336:A:G	2906336	A:G	18
ARSD	chrX:2906392:A:G	2906392	A:G	18
ARSD	chrX:2906414:A:G	2906414	A:G	18
ARSD	chrX:2906415:A:G	2906415	A:G	18
ARSD	chrX:2906421:A:G	2906421	A:G	18
ARSD	chrX:2906433:A:G	2906433	A:G	18
ARSD	chrX:2906865:A:G	2906865	A:G	18
ARSD	chrX:2906927:A:G	2906927	A:G	18
ARSD	chrX:2906938:A:G	2906938	A:G	18
ARSD	chrX:2907035:A:G	2907035	A:G	18
ARSD	chrX:2907073:A:G	2907073	A:G	18
ARSD	chrX:2907083:A:G	2907083	A:G	18
KRBOX4	chrX:46439702:A:G	46439702	A:G	8
KRBOX4	chrX:46440516:A:G	46440516	A:G	8
KRBOX4	chrX:46440517:T:C	46440517	A:G	8
KRBOX4	chrX:46440537:T:C	46440537	A:G	8
KRBOX4	chrX:46440571:C:T	46440571	C:T	8
KRBOX4	chrX:46440583:G:A	46440583	C:T	8
KRBOX4	chrX:46440653:A:G	46440653	A:G	8
KRBOX4	chrX:46440672:T:C	46440672	A:G	8
BMP15	chrX:50905566:A:G	50905566	A:G	3
BMP15	chrX:50905598:A:G	50905598	A:G	3
BMP15	chrX:50906281:T:C	50906281	A:G	3
OPHN1	chrX:68070513:T:C	68070513	A:G	4
OPHN1	chrX:68070925:A:G	68070925	A:G	4
OPHN1	chrX:68071017:C:T	68071017	C:T	4
OPHN1	chrX:68071478:A:G	68071478	A:G	4
MAGT1	chrX:77827502:A:G	77827502	A:G	20
MAGT1	chrX:77827509:A:G	77827509	A:G	20
MAGT1	chrX:77827510:A:G	77827510	A:G	20
MAGT1	chrX:77827544:A:G	77827544	A:G	20
MAGT1	chrX:77827624:A:G	77827624	A:G	20
MAGT1	chrX:77828118:A:G	77828118	A:G	20
MAGT1	chrX:77828148:A:G	77828148	A:G	20
MAGT1	chrX:77828156:A:G	77828156	A:G	20
MAGT1	chrX:77828173:A:G	77828173	A:G	20
MAGT1	chrX:77828175:A:G	77828175	A:G	20
MAGT1	chrX:77828226:A:G	77828226	A:G	20
MAGT1	chrX:77828331:A:G	77828331	A:G	20
MAGT1	chrX:77828382:A:G	77828382	A:G	20
MAGT1	chrX:77828400:A:G	77828400	A:G	20
MAGT1	chrX:77828403:A:G	77828403	A:G	20
MAGT1	chrX:77828417:A:G	77828417	A:G	20
MAGT1	chrX:77828418:A:G	77828418	A:G	20
MAGT1	chrX:77828484:A:G	77828484	A:G	20
MAGT1	chrX:77828504:A:G	77828504	A:G	20
MAGT1	chrX:77828545:A:G	77828545	A:G	20
