Cluster	Category	ID	Description	p.adjust	query_size	Count	term_size	effective_domain_size	geneID	GeneRatio	BgRatio
all-regulated	KEGG	KEGG:05169	Epstein-Barr virus infection	5.160001729290746e-4	44	8	198	8484	CASP9/EIF2AK2/MAPK13/IRAK4/MDM2/APAF1/MAVS/IFNAR2	8/44	198/8484
all-regulated	KEGG	KEGG:05162	Measles	0.005527693411155185	44	6	138	8484	CASP9/EIF2AK2/IRAK4/APAF1/MAVS/IFNAR2	6/44	138/8484
all-regulated	KEGG	KEGG:05160	Hepatitis C	0.011690320533417741	44	6	158	8484	CASP9/CFLAR/EIF2AK2/APAF1/MAVS/IFNAR2	6/44	158/8484
all-regulated	KEGG	KEGG:05161	Hepatitis B	0.013406406533229076	44	6	162	8484	CASP9/CASP10/MAPK13/IRAK4/APAF1/MAVS	6/44	162/8484
all-regulated	KEGG	KEGG:05164	Influenza A	0.015826059778947205	44	6	167	8484	CASP9/EIF2AK2/IRAK4/APAF1/MAVS/IFNAR2	6/44	167/8484
all-regulated	KEGG	KEGG:05152	Tuberculosis	0.020404045113845824	44	6	175	8484	CTSS/CASP9/CASP10/MAPK13/IRAK4/APAF1	6/44	175/8484
all-regulated	KEGG	KEGG:04622	RIG-I-like receptor signaling pathway	0.037216270041107793	44	4	71	8484	CASP10/MAPK13/RNF125/MAVS	4/44	71/8484
all-regulated	KEGG	KEGG:04115	p53 signaling pathway	0.04357728972182809	44	4	74	8484	MDM4/CASP9/MDM2/APAF1	4/44	74/8484
all-regulated	KEGG	KEGG:04210	Apoptosis	0.048978679647441736	44	5	135	8484	CTSS/CASP9/CFLAR/CASP10/APAF1	5/44	135/8484
