gene	sample	TPM
ADAR	AD-1-Basal	20.65
ADAR	AD-1-IFNb	45.5
ADAR	AD-1-LPS	16.94
ADAR	AD-10-Basal	45.99
ADAR	AD-10-IFNb	126.65
ADAR	AD-10-LPS	96.87
ADAR	AD-11-Basal	39.01
ADAR	AD-11-IFNb	118.98
ADAR	AD-11-LPS	72.03
ADAR	AD-2-Basal	109.85
ADAR	AD-2-IFNb	278.07
ADAR	AD-2-LPS	150.19
ADAR	AD-3-Basal	23.74
ADAR	AD-3-IFNb	160.12
ADAR	AD-3-LPS	112.5
ADAR	AD-4-Basal	101.98
ADAR	AD-4-IFNb	270.58
ADAR	AD-4-LPS	147.63
ADAR	AD-5-Basal	76
ADAR	AD-5-IFNb	273.33
ADAR	AD-5-LPS	87.21
ADAR	AD-6-Basal	108.75
ADAR	AD-6-IFNb	296.29
ADAR	AD-6-LPS	189.38
ADAR	AD-7-Basal	98.58
ADAR	AD-7-IFNb	242.79
ADAR	AD-7-LPS	123.94
ADAR	AD-8-Basal	123.08
ADAR	AD-8-IFNb	147.2
ADAR	AD-8-LPS	124.91
ADAR	AD-9-Basal	28.21
ADAR	AD-9-IFNb	56.07
ADAR	AD-9-LPS	60.69
ADAR	Control-1-Basal	22.25
ADAR	Control-1-IFNb	44.04
ADAR	Control-1-LPS	29.36
ADAR	Control-10-Basal	29.63
ADAR	Control-10-IFNb	105.31
ADAR	Control-10-LPS	47.49
ADAR	Control-11-Basal	31.28
ADAR	Control-11-IFNb	93.71
ADAR	Control-11-LPS	48.03
ADAR	Control-2-Basal	65.73
ADAR	Control-2-IFNb	259.03
ADAR	Control-2-LPS	87.49
ADAR	Control-3-Basal	92
ADAR	Control-3-IFNb	249.44
ADAR	Control-3-LPS	99.43
ADAR	Control-4-Basal	55.72
ADAR	Control-4-IFNb	294.33
ADAR	Control-4-LPS	102.65
ADAR	Control-5-Basal	140.39
ADAR	Control-5-IFNb	229.83
ADAR	Control-5-LPS	266.55
ADAR	Control-6-Basal	49.58
ADAR	Control-6-IFNb	258.94
ADAR	Control-6-LPS	39.13
ADAR	Control-7-Basal	71.89
ADAR	Control-7-IFNb	123.7
ADAR	Control-7-LPS	100.58
ADAR	Control-8-Basal	70.01
ADAR	Control-8-IFNb	164.34
ADAR	Control-8-LPS	50.68
ADAR	Control-9-Basal	23.2
ADAR	Control-9-IFNb	70.79
ADAR	Control-9-LPS	21.82
ADAR	MCI-1-Basal	12.42
ADAR	MCI-1-IFNb	44.82
ADAR	MCI-1-LPS	13.54
ADAR	MCI-10-Basal	53.83
ADAR	MCI-10-IFNb	206.84
ADAR	MCI-10-LPS	50.97
ADAR	MCI-11-Basal	67.33
ADAR	MCI-11-IFNb	175.15
ADAR	MCI-11-LPS	55.98
ADAR	MCI-2-Basal	105.42
ADAR	MCI-2-IFNb	282.29
ADAR	MCI-2-LPS	172.23
ADAR	MCI-3-Basal	109.09
ADAR	MCI-3-IFNb	203.09
ADAR	MCI-3-LPS	104.61
ADAR	MCI-4-Basal	127.2
ADAR	MCI-4-IFNb	278.69
ADAR	MCI-4-LPS	88.74
ADAR	MCI-5-Basal	125.93
ADAR	MCI-5-IFNb	265.56
ADAR	MCI-5-LPS	201.18
ADAR	MCI-6-Basal	152.48
ADAR	MCI-6-IFNb	296.96
ADAR	MCI-6-LPS	142.8
ADAR	MCI-7-Basal	76.05
ADAR	MCI-7-IFNb	160.01
ADAR	MCI-7-LPS	67.52
ADAR	MCI-8-Basal	130.53
ADAR	MCI-8-IFNb	165.34
ADAR	MCI-8-LPS	126.19
ADAR	MCI-9-Basal	19.87
ADAR	MCI-9-IFNb	67.54
ADAR	MCI-9-LPS	48.49
ADAR	PD-1-Basal	15.4
ADAR	PD-1-IFNb	44.46
ADAR	PD-1-LPS	16.04
ADAR	PD-10-Basal	34.7
ADAR	PD-10-IFNb	96.56
ADAR	PD-10-LPS	50
ADAR	PD-11-Basal	63.2
ADAR	PD-11-IFNb	185.65
ADAR	PD-11-LPS	34.14
ADAR	PD-2-Basal	106.12
ADAR	PD-2-IFNb	272.14
ADAR	PD-2-LPS	127.89
ADAR	PD-3-Basal	113.12
ADAR	PD-3-IFNb	281.71
ADAR	PD-3-LPS	160.95
ADAR	PD-4-Basal	87.84
ADAR	PD-4-IFNb	321.68
ADAR	PD-4-LPS	59.84
ADAR	PD-5-Basal	91.35
ADAR	PD-5-IFNb	289.14
ADAR	PD-5-LPS	137.57
ADAR	PD-6-Basal	108.86
ADAR	PD-6-IFNb	352.57
ADAR	PD-6-LPS	241.32
ADAR	PD-7-Basal	77.27
ADAR	PD-7-IFNb	178.55
ADAR	PD-7-LPS	116.1
ADAR	PD-8-Basal	76.79
ADAR	PD-8-IFNb	150.88
ADAR	PD-8-LPS	82.97
ADAR	PD-9-Basal	14.78
ADAR	PD-9-IFNb	67.34
ADAR	PD-9-LPS	32.86
ADAR	YC-1-Basal	14.43
ADAR	YC-1-IFNb	38.98
ADAR	YC-1-LPS	13.68
ADAR	YC-10-Basal	28.61
ADAR	YC-10-IFNb	95.98
ADAR	YC-10-LPS	40.73
ADAR	YC-11-Basal	52.48
ADAR	YC-11-IFNb	110.14
ADAR	YC-11-LPS	52.88
ADAR	YC-2-Basal	71.31
ADAR	YC-2-IFNb	257.52
ADAR	YC-2-LPS	54.05
ADAR	YC-3-Basal	84.26
ADAR	YC-3-IFNb	212.47
ADAR	YC-3-LPS	125.57
ADAR	YC-4-Basal	207.6
ADAR	YC-4-IFNb	317.48
ADAR	YC-4-LPS	189.22
ADAR	YC-5-Basal	189.61
ADAR	YC-5-IFNb	284.88
ADAR	YC-5-LPS	149.68
ADAR	YC-6-Basal	177.52
ADAR	YC-6-IFNb	251.89
ADAR	YC-6-LPS	175.37
ADAR	YC-7-Basal	133.08
ADAR	YC-7-IFNb	221.16
ADAR	YC-7-LPS	119.02
ADAR	YC-8-Basal	46.51
ADAR	YC-8-IFNb	177.21
ADAR	YC-8-LPS	87.1
ADAR	YC-9-Basal	40.04
ADAR	YC-9-IFNb	76.13
ADAR	YC-9-LPS	47.54
APOBEC4	AD-1-Basal	0
APOBEC4	AD-1-IFNb	0
APOBEC4	AD-1-LPS	0
APOBEC4	AD-10-Basal	0
APOBEC4	AD-10-IFNb	0
APOBEC4	AD-10-LPS	0
APOBEC4	AD-11-Basal	0
APOBEC4	AD-11-IFNb	0
APOBEC4	AD-11-LPS	0.67
APOBEC4	AD-2-Basal	0
APOBEC4	AD-2-IFNb	0
APOBEC4	AD-2-LPS	0
APOBEC4	AD-3-Basal	0
APOBEC4	AD-3-IFNb	0
APOBEC4	AD-3-LPS	0
APOBEC4	AD-4-Basal	0
APOBEC4	AD-4-IFNb	0
APOBEC4	AD-4-LPS	0
APOBEC4	AD-5-Basal	0
APOBEC4	AD-5-IFNb	0
APOBEC4	AD-5-LPS	0
APOBEC4	AD-6-Basal	0
APOBEC4	AD-6-IFNb	0
APOBEC4	AD-6-LPS	0
APOBEC4	AD-7-Basal	0
APOBEC4	AD-7-IFNb	0
APOBEC4	AD-7-LPS	0
APOBEC4	AD-8-Basal	0
APOBEC4	AD-8-IFNb	0
APOBEC4	AD-8-LPS	0
APOBEC4	AD-9-Basal	0
APOBEC4	AD-9-IFNb	0
APOBEC4	AD-9-LPS	0.05
APOBEC4	Control-1-Basal	0
APOBEC4	Control-1-IFNb	0
APOBEC4	Control-1-LPS	0
APOBEC4	Control-10-Basal	0.12
APOBEC4	Control-10-IFNb	0
APOBEC4	Control-10-LPS	0
APOBEC4	Control-11-Basal	0
APOBEC4	Control-11-IFNb	0
APOBEC4	Control-11-LPS	0.29
APOBEC4	Control-2-Basal	0
APOBEC4	Control-2-IFNb	0
APOBEC4	Control-2-LPS	0
APOBEC4	Control-3-Basal	0
APOBEC4	Control-3-IFNb	0
APOBEC4	Control-3-LPS	0
APOBEC4	Control-4-Basal	0
APOBEC4	Control-4-IFNb	0
APOBEC4	Control-4-LPS	0
APOBEC4	Control-5-Basal	0
APOBEC4	Control-5-IFNb	0
APOBEC4	Control-5-LPS	0
APOBEC4	Control-6-Basal	0
APOBEC4	Control-6-IFNb	0
APOBEC4	Control-6-LPS	0
APOBEC4	Control-7-Basal	0
APOBEC4	Control-7-IFNb	0
APOBEC4	Control-7-LPS	0
APOBEC4	Control-8-Basal	0
APOBEC4	Control-8-IFNb	0
APOBEC4	Control-8-LPS	0
APOBEC4	Control-9-Basal	0
APOBEC4	Control-9-IFNb	0
APOBEC4	Control-9-LPS	0
APOBEC4	MCI-1-Basal	0
APOBEC4	MCI-1-IFNb	0
APOBEC4	MCI-1-LPS	0
APOBEC4	MCI-10-Basal	0
APOBEC4	MCI-10-IFNb	0
APOBEC4	MCI-10-LPS	0
APOBEC4	MCI-11-Basal	0
APOBEC4	MCI-11-IFNb	0
APOBEC4	MCI-11-LPS	0
APOBEC4	MCI-2-Basal	0
APOBEC4	MCI-2-IFNb	0
APOBEC4	MCI-2-LPS	0
APOBEC4	MCI-3-Basal	0
APOBEC4	MCI-3-IFNb	0
APOBEC4	MCI-3-LPS	0
APOBEC4	MCI-4-Basal	0
APOBEC4	MCI-4-IFNb	0
APOBEC4	MCI-4-LPS	0
APOBEC4	MCI-5-Basal	0
APOBEC4	MCI-5-IFNb	0
APOBEC4	MCI-5-LPS	0
APOBEC4	MCI-6-Basal	0
APOBEC4	MCI-6-IFNb	0
APOBEC4	MCI-6-LPS	0
APOBEC4	MCI-7-Basal	0
APOBEC4	MCI-7-IFNb	0
APOBEC4	MCI-7-LPS	0
APOBEC4	MCI-8-Basal	0
APOBEC4	MCI-8-IFNb	0
APOBEC4	MCI-8-LPS	0
APOBEC4	MCI-9-Basal	0
APOBEC4	MCI-9-IFNb	0
APOBEC4	MCI-9-LPS	0
APOBEC4	PD-1-Basal	0
APOBEC4	PD-1-IFNb	0
APOBEC4	PD-1-LPS	0
APOBEC4	PD-10-Basal	0
APOBEC4	PD-10-IFNb	0
APOBEC4	PD-10-LPS	0
APOBEC4	PD-11-Basal	0
APOBEC4	PD-11-IFNb	0
APOBEC4	PD-11-LPS	0
APOBEC4	PD-2-Basal	0
APOBEC4	PD-2-IFNb	0
APOBEC4	PD-2-LPS	0
APOBEC4	PD-3-Basal	0
APOBEC4	PD-3-IFNb	0
APOBEC4	PD-3-LPS	0
APOBEC4	PD-4-Basal	0
APOBEC4	PD-4-IFNb	0
APOBEC4	PD-4-LPS	0
APOBEC4	PD-5-Basal	0
APOBEC4	PD-5-IFNb	0
APOBEC4	PD-5-LPS	0
APOBEC4	PD-6-Basal	0
APOBEC4	PD-6-IFNb	0
APOBEC4	PD-6-LPS	0
APOBEC4	PD-7-Basal	0
APOBEC4	PD-7-IFNb	0
APOBEC4	PD-7-LPS	0
APOBEC4	PD-8-Basal	0
APOBEC4	PD-8-IFNb	0
APOBEC4	PD-8-LPS	0
APOBEC4	PD-9-Basal	0
APOBEC4	PD-9-IFNb	0
APOBEC4	PD-9-LPS	0
APOBEC4	YC-1-Basal	0
APOBEC4	YC-1-IFNb	0
APOBEC4	YC-1-LPS	0
APOBEC4	YC-10-Basal	0
APOBEC4	YC-10-IFNb	0
APOBEC4	YC-10-LPS	0
APOBEC4	YC-11-Basal	0
APOBEC4	YC-11-IFNb	0.06
APOBEC4	YC-11-LPS	0
APOBEC4	YC-2-Basal	0
APOBEC4	YC-2-IFNb	0
APOBEC4	YC-2-LPS	0
APOBEC4	YC-3-Basal	0
APOBEC4	YC-3-IFNb	0
APOBEC4	YC-3-LPS	0
APOBEC4	YC-4-Basal	0
APOBEC4	YC-4-IFNb	0
APOBEC4	YC-4-LPS	0
APOBEC4	YC-5-Basal	0
APOBEC4	YC-5-IFNb	0
APOBEC4	YC-5-LPS	0
APOBEC4	YC-6-Basal	0
APOBEC4	YC-6-IFNb	0
APOBEC4	YC-6-LPS	0
APOBEC4	YC-7-Basal	0
APOBEC4	YC-7-IFNb	0
APOBEC4	YC-7-LPS	0
APOBEC4	YC-8-Basal	0
APOBEC4	YC-8-IFNb	0
APOBEC4	YC-8-LPS	0
APOBEC4	YC-9-Basal	0
APOBEC4	YC-9-IFNb	0
APOBEC4	YC-9-LPS	0
APOBEC3AP1	AD-1-Basal	0
APOBEC3AP1	AD-1-IFNb	0
APOBEC3AP1	AD-1-LPS	0
APOBEC3AP1	AD-10-Basal	0
APOBEC3AP1	AD-10-IFNb	0
APOBEC3AP1	AD-10-LPS	0
APOBEC3AP1	AD-11-Basal	0
APOBEC3AP1	AD-11-IFNb	0
APOBEC3AP1	AD-11-LPS	0
APOBEC3AP1	AD-2-Basal	0
APOBEC3AP1	AD-2-IFNb	0
APOBEC3AP1	AD-2-LPS	0
APOBEC3AP1	AD-3-Basal	0
APOBEC3AP1	AD-3-IFNb	0
APOBEC3AP1	AD-3-LPS	0
APOBEC3AP1	AD-4-Basal	0
APOBEC3AP1	AD-4-IFNb	0
APOBEC3AP1	AD-4-LPS	0
APOBEC3AP1	AD-5-Basal	0
APOBEC3AP1	AD-5-IFNb	0
APOBEC3AP1	AD-5-LPS	0
APOBEC3AP1	AD-6-Basal	0
APOBEC3AP1	AD-6-IFNb	0
APOBEC3AP1	AD-6-LPS	0
APOBEC3AP1	AD-7-Basal	0
APOBEC3AP1	AD-7-IFNb	0
APOBEC3AP1	AD-7-LPS	0
APOBEC3AP1	AD-8-Basal	0
APOBEC3AP1	AD-8-IFNb	0
APOBEC3AP1	AD-8-LPS	0
APOBEC3AP1	AD-9-Basal	0
APOBEC3AP1	AD-9-IFNb	0
APOBEC3AP1	AD-9-LPS	0
APOBEC3AP1	Control-1-Basal	0
APOBEC3AP1	Control-1-IFNb	0
APOBEC3AP1	Control-1-LPS	0
APOBEC3AP1	Control-10-Basal	0
APOBEC3AP1	Control-10-IFNb	0
APOBEC3AP1	Control-10-LPS	0
APOBEC3AP1	Control-11-Basal	0
APOBEC3AP1	Control-11-IFNb	0
APOBEC3AP1	Control-11-LPS	0
APOBEC3AP1	Control-2-Basal	0
APOBEC3AP1	Control-2-IFNb	0
APOBEC3AP1	Control-2-LPS	0
APOBEC3AP1	Control-3-Basal	0
APOBEC3AP1	Control-3-IFNb	0
APOBEC3AP1	Control-3-LPS	0
APOBEC3AP1	Control-4-Basal	0
APOBEC3AP1	Control-4-IFNb	0
APOBEC3AP1	Control-4-LPS	0
APOBEC3AP1	Control-5-Basal	0
APOBEC3AP1	Control-5-IFNb	0
APOBEC3AP1	Control-5-LPS	0
APOBEC3AP1	Control-6-Basal	0
APOBEC3AP1	Control-6-IFNb	0
APOBEC3AP1	Control-6-LPS	0
APOBEC3AP1	Control-7-Basal	0
APOBEC3AP1	Control-7-IFNb	0
APOBEC3AP1	Control-7-LPS	0
APOBEC3AP1	Control-8-Basal	0
APOBEC3AP1	Control-8-IFNb	0
APOBEC3AP1	Control-8-LPS	0
APOBEC3AP1	Control-9-Basal	0
APOBEC3AP1	Control-9-IFNb	0
APOBEC3AP1	Control-9-LPS	0
APOBEC3AP1	MCI-1-Basal	0
APOBEC3AP1	MCI-1-IFNb	0
APOBEC3AP1	MCI-1-LPS	0
APOBEC3AP1	MCI-10-Basal	0
APOBEC3AP1	MCI-10-IFNb	0
APOBEC3AP1	MCI-10-LPS	0
APOBEC3AP1	MCI-11-Basal	0
APOBEC3AP1	MCI-11-IFNb	0
APOBEC3AP1	MCI-11-LPS	0
APOBEC3AP1	MCI-2-Basal	0
APOBEC3AP1	MCI-2-IFNb	0
APOBEC3AP1	MCI-2-LPS	0
APOBEC3AP1	MCI-3-Basal	0
APOBEC3AP1	MCI-3-IFNb	0
APOBEC3AP1	MCI-3-LPS	0
APOBEC3AP1	MCI-4-Basal	0
APOBEC3AP1	MCI-4-IFNb	0
APOBEC3AP1	MCI-4-LPS	0
APOBEC3AP1	MCI-5-Basal	0
APOBEC3AP1	MCI-5-IFNb	0
APOBEC3AP1	MCI-5-LPS	0
APOBEC3AP1	MCI-6-Basal	0
APOBEC3AP1	MCI-6-IFNb	0
APOBEC3AP1	MCI-6-LPS	0
APOBEC3AP1	MCI-7-Basal	0
APOBEC3AP1	MCI-7-IFNb	0
APOBEC3AP1	MCI-7-LPS	0
APOBEC3AP1	MCI-8-Basal	0
APOBEC3AP1	MCI-8-IFNb	0
APOBEC3AP1	MCI-8-LPS	0
APOBEC3AP1	MCI-9-Basal	0
APOBEC3AP1	MCI-9-IFNb	0
APOBEC3AP1	MCI-9-LPS	0
APOBEC3AP1	PD-1-Basal	0
APOBEC3AP1	PD-1-IFNb	0
APOBEC3AP1	PD-1-LPS	0
APOBEC3AP1	PD-10-Basal	0
APOBEC3AP1	PD-10-IFNb	0
APOBEC3AP1	PD-10-LPS	0
APOBEC3AP1	PD-11-Basal	0
APOBEC3AP1	PD-11-IFNb	0
APOBEC3AP1	PD-11-LPS	0
APOBEC3AP1	PD-2-Basal	0
APOBEC3AP1	PD-2-IFNb	0
APOBEC3AP1	PD-2-LPS	0
APOBEC3AP1	PD-3-Basal	0
APOBEC3AP1	PD-3-IFNb	0
APOBEC3AP1	PD-3-LPS	0
APOBEC3AP1	PD-4-Basal	0
APOBEC3AP1	PD-4-IFNb	0
APOBEC3AP1	PD-4-LPS	0
APOBEC3AP1	PD-5-Basal	0
APOBEC3AP1	PD-5-IFNb	0
APOBEC3AP1	PD-5-LPS	0
APOBEC3AP1	PD-6-Basal	0
APOBEC3AP1	PD-6-IFNb	0
APOBEC3AP1	PD-6-LPS	0
APOBEC3AP1	PD-7-Basal	0
APOBEC3AP1	PD-7-IFNb	0
APOBEC3AP1	PD-7-LPS	0
APOBEC3AP1	PD-8-Basal	0
APOBEC3AP1	PD-8-IFNb	0
APOBEC3AP1	PD-8-LPS	0
APOBEC3AP1	PD-9-Basal	0
APOBEC3AP1	PD-9-IFNb	0
APOBEC3AP1	PD-9-LPS	0
APOBEC3AP1	YC-1-Basal	0
APOBEC3AP1	YC-1-IFNb	0
APOBEC3AP1	YC-1-LPS	0
APOBEC3AP1	YC-10-Basal	0
APOBEC3AP1	YC-10-IFNb	0
APOBEC3AP1	YC-10-LPS	0
APOBEC3AP1	YC-11-Basal	0
APOBEC3AP1	YC-11-IFNb	0
APOBEC3AP1	YC-11-LPS	0
APOBEC3AP1	YC-2-Basal	0
APOBEC3AP1	YC-2-IFNb	0
APOBEC3AP1	YC-2-LPS	0
APOBEC3AP1	YC-3-Basal	0
APOBEC3AP1	YC-3-IFNb	0
APOBEC3AP1	YC-3-LPS	0
APOBEC3AP1	YC-4-Basal	0
APOBEC3AP1	YC-4-IFNb	0
APOBEC3AP1	YC-4-LPS	0
APOBEC3AP1	YC-5-Basal	0
APOBEC3AP1	YC-5-IFNb	0
APOBEC3AP1	YC-5-LPS	0
APOBEC3AP1	YC-6-Basal	0
APOBEC3AP1	YC-6-IFNb	0
APOBEC3AP1	YC-6-LPS	0
APOBEC3AP1	YC-7-Basal	0
APOBEC3AP1	YC-7-IFNb	0
APOBEC3AP1	YC-7-LPS	0
APOBEC3AP1	YC-8-Basal	0
APOBEC3AP1	YC-8-IFNb	0
APOBEC3AP1	YC-8-LPS	0
APOBEC3AP1	YC-9-Basal	0
APOBEC3AP1	YC-9-IFNb	0
APOBEC3AP1	YC-9-LPS	0
APOBEC2	AD-1-Basal	0.43
APOBEC2	AD-1-IFNb	0.5
APOBEC2	AD-1-LPS	1.55
APOBEC2	AD-10-Basal	0
APOBEC2	AD-10-IFNb	0.71
APOBEC2	AD-10-LPS	1.25
APOBEC2	AD-11-Basal	0.55
APOBEC2	AD-11-IFNb	0
APOBEC2	AD-11-LPS	0.17
APOBEC2	AD-2-Basal	0.89
APOBEC2	AD-2-IFNb	0
APOBEC2	AD-2-LPS	0
APOBEC2	AD-3-Basal	0.28
APOBEC2	AD-3-IFNb	0.14
APOBEC2	AD-3-LPS	0.54
APOBEC2	AD-4-Basal	0.21
APOBEC2	AD-4-IFNb	0
APOBEC2	AD-4-LPS	0
APOBEC2	AD-5-Basal	0.16
APOBEC2	AD-5-IFNb	0
APOBEC2	AD-5-LPS	0.18
APOBEC2	AD-6-Basal	0.43
APOBEC2	AD-6-IFNb	0
APOBEC2	AD-6-LPS	0.4
APOBEC2	AD-7-Basal	0.46
APOBEC2	AD-7-IFNb	0.36
APOBEC2	AD-7-LPS	0.36
APOBEC2	AD-8-Basal	1.84
APOBEC2	AD-8-IFNb	0.12
APOBEC2	AD-8-LPS	0
APOBEC2	AD-9-Basal	0.84
APOBEC2	AD-9-IFNb	0.56
APOBEC2	AD-9-LPS	0
APOBEC2	Control-1-Basal	1.07
APOBEC2	Control-1-IFNb	0.61
APOBEC2	Control-1-LPS	1.3
APOBEC2	Control-10-Basal	0.68
APOBEC2	Control-10-IFNb	0.55
APOBEC2	Control-10-LPS	0.81
APOBEC2	Control-11-Basal	0.83
APOBEC2	Control-11-IFNb	0.3
APOBEC2	Control-11-LPS	0
APOBEC2	Control-2-Basal	0.78
APOBEC2	Control-2-IFNb	0.55
APOBEC2	Control-2-LPS	0
APOBEC2	Control-3-Basal	0.88
APOBEC2	Control-3-IFNb	0
APOBEC2	Control-3-LPS	0.16
APOBEC2	Control-4-Basal	0
APOBEC2	Control-4-IFNb	0
APOBEC2	Control-4-LPS	0.27
APOBEC2	Control-5-Basal	0.48
APOBEC2	Control-5-IFNb	0.15
APOBEC2	Control-5-LPS	0
APOBEC2	Control-6-Basal	0.7
APOBEC2	Control-6-IFNb	0.21
APOBEC2	Control-6-LPS	0
APOBEC2	Control-7-Basal	0.26
APOBEC2	Control-7-IFNb	0.52
APOBEC2	Control-7-LPS	0.84
APOBEC2	Control-8-Basal	0.51
APOBEC2	Control-8-IFNb	0
APOBEC2	Control-8-LPS	0.29
APOBEC2	Control-9-Basal	1.08
APOBEC2	Control-9-IFNb	1.65
APOBEC2	Control-9-LPS	1.35
APOBEC2	MCI-1-Basal	1.03
APOBEC2	MCI-1-IFNb	0.41
APOBEC2	MCI-1-LPS	0.65
APOBEC2	MCI-10-Basal	1.16
APOBEC2	MCI-10-IFNb	0.83
APOBEC2	MCI-10-LPS	0.2
APOBEC2	MCI-11-Basal	0.14
APOBEC2	MCI-11-IFNb	0.18
APOBEC2	MCI-11-LPS	0.31
APOBEC2	MCI-2-Basal	0.54
APOBEC2	MCI-2-IFNb	0
APOBEC2	MCI-2-LPS	0.21
APOBEC2	MCI-3-Basal	0
APOBEC2	MCI-3-IFNb	0.19
APOBEC2	MCI-3-LPS	0
APOBEC2	MCI-4-Basal	0.34
APOBEC2	MCI-4-IFNb	0
APOBEC2	MCI-4-LPS	0
APOBEC2	MCI-5-Basal	0.33
APOBEC2	MCI-5-IFNb	0
APOBEC2	MCI-5-LPS	0.34
APOBEC2	MCI-6-Basal	0.21
APOBEC2	MCI-6-IFNb	0.43
APOBEC2	MCI-6-LPS	0.19
APOBEC2	MCI-7-Basal	0.4
APOBEC2	MCI-7-IFNb	0.25
APOBEC2	MCI-7-LPS	0.12
APOBEC2	MCI-8-Basal	0
APOBEC2	MCI-8-IFNb	0.18
APOBEC2	MCI-8-LPS	0.34
APOBEC2	MCI-9-Basal	1.74
APOBEC2	MCI-9-IFNb	0.53
APOBEC2	MCI-9-LPS	1.9
APOBEC2	PD-1-Basal	0.98
APOBEC2	PD-1-IFNb	0.16
APOBEC2	PD-1-LPS	1.05
APOBEC2	PD-10-Basal	0.18
APOBEC2	PD-10-IFNb	0.19
APOBEC2	PD-10-LPS	0.54
APOBEC2	PD-11-Basal	0.19
APOBEC2	PD-11-IFNb	0
APOBEC2	PD-11-LPS	1.04
APOBEC2	PD-2-Basal	1.19
APOBEC2	PD-2-IFNb	0.4
APOBEC2	PD-2-LPS	0.21
APOBEC2	PD-3-Basal	0.3
APOBEC2	PD-3-IFNb	0
APOBEC2	PD-3-LPS	0.38
APOBEC2	PD-4-Basal	0.31
APOBEC2	PD-4-IFNb	0
APOBEC2	PD-4-LPS	0.15
APOBEC2	PD-5-Basal	0.34
APOBEC2	PD-5-IFNb	0
APOBEC2	PD-5-LPS	0.34
APOBEC2	PD-6-Basal	0.58
APOBEC2	PD-6-IFNb	0
APOBEC2	PD-6-LPS	0.71
APOBEC2	PD-7-Basal	0.53
APOBEC2	PD-7-IFNb	0.44
APOBEC2	PD-7-LPS	0.59
APOBEC2	PD-8-Basal	0.92
APOBEC2	PD-8-IFNb	0.47
APOBEC2	PD-8-LPS	0.13
APOBEC2	PD-9-Basal	2.33
APOBEC2	PD-9-IFNb	0.52
APOBEC2	PD-9-LPS	0.31
APOBEC2	YC-1-Basal	1.39
APOBEC2	YC-1-IFNb	0.4
APOBEC2	YC-1-LPS	1.6
APOBEC2	YC-10-Basal	1.97
APOBEC2	YC-10-IFNb	0.18
APOBEC2	YC-10-LPS	0.2
APOBEC2	YC-11-Basal	0.15
APOBEC2	YC-11-IFNb	0.53
APOBEC2	YC-11-LPS	0.5
APOBEC2	YC-2-Basal	0.16
APOBEC2	YC-2-IFNb	0
APOBEC2	YC-2-LPS	0
APOBEC2	YC-3-Basal	0
APOBEC2	YC-3-IFNb	0.14
APOBEC2	YC-3-LPS	0
APOBEC2	YC-4-Basal	0.48
APOBEC2	YC-4-IFNb	0.13
APOBEC2	YC-4-LPS	0.41
APOBEC2	YC-5-Basal	0.38
APOBEC2	YC-5-IFNb	0
APOBEC2	YC-5-LPS	0
APOBEC2	YC-6-Basal	0
APOBEC2	YC-6-IFNb	0.14
APOBEC2	YC-6-LPS	0
APOBEC2	YC-7-Basal	0.53
APOBEC2	YC-7-IFNb	0
APOBEC2	YC-7-LPS	0.79
APOBEC2	YC-8-Basal	0.37
APOBEC2	YC-8-IFNb	0.37
APOBEC2	YC-8-LPS	0
APOBEC2	YC-9-Basal	1.88
APOBEC2	YC-9-IFNb	0.37
APOBEC2	YC-9-LPS	0.33
ADARB2-AS1	AD-1-Basal	0
ADARB2-AS1	AD-1-IFNb	0
ADARB2-AS1	AD-1-LPS	0
ADARB2-AS1	AD-10-Basal	0
ADARB2-AS1	AD-10-IFNb	0
ADARB2-AS1	AD-10-LPS	0
ADARB2-AS1	AD-11-Basal	0
ADARB2-AS1	AD-11-IFNb	0
ADARB2-AS1	AD-11-LPS	0
ADARB2-AS1	AD-2-Basal	0
ADARB2-AS1	AD-2-IFNb	0
ADARB2-AS1	AD-2-LPS	0
ADARB2-AS1	AD-3-Basal	0
ADARB2-AS1	AD-3-IFNb	0
ADARB2-AS1	AD-3-LPS	0
ADARB2-AS1	AD-4-Basal	0
ADARB2-AS1	AD-4-IFNb	0
ADARB2-AS1	AD-4-LPS	0
ADARB2-AS1	AD-5-Basal	0
ADARB2-AS1	AD-5-IFNb	0
ADARB2-AS1	AD-5-LPS	0
ADARB2-AS1	AD-6-Basal	0
ADARB2-AS1	AD-6-IFNb	0
ADARB2-AS1	AD-6-LPS	0
ADARB2-AS1	AD-7-Basal	0
ADARB2-AS1	AD-7-IFNb	0
ADARB2-AS1	AD-7-LPS	0
ADARB2-AS1	AD-8-Basal	0
ADARB2-AS1	AD-8-IFNb	0
ADARB2-AS1	AD-8-LPS	0
ADARB2-AS1	AD-9-Basal	0
ADARB2-AS1	AD-9-IFNb	0
ADARB2-AS1	AD-9-LPS	0
ADARB2-AS1	Control-1-Basal	0
ADARB2-AS1	Control-1-IFNb	0
ADARB2-AS1	Control-1-LPS	0
ADARB2-AS1	Control-10-Basal	0
ADARB2-AS1	Control-10-IFNb	0
ADARB2-AS1	Control-10-LPS	0
ADARB2-AS1	Control-11-Basal	0
ADARB2-AS1	Control-11-IFNb	0
ADARB2-AS1	Control-11-LPS	0
ADARB2-AS1	Control-2-Basal	0
ADARB2-AS1	Control-2-IFNb	0
ADARB2-AS1	Control-2-LPS	0
ADARB2-AS1	Control-3-Basal	0
ADARB2-AS1	Control-3-IFNb	0
ADARB2-AS1	Control-3-LPS	0
ADARB2-AS1	Control-4-Basal	0
ADARB2-AS1	Control-4-IFNb	0
ADARB2-AS1	Control-4-LPS	0
ADARB2-AS1	Control-5-Basal	0
ADARB2-AS1	Control-5-IFNb	0
ADARB2-AS1	Control-5-LPS	0
ADARB2-AS1	Control-6-Basal	0
ADARB2-AS1	Control-6-IFNb	0
ADARB2-AS1	Control-6-LPS	0
ADARB2-AS1	Control-7-Basal	0
ADARB2-AS1	Control-7-IFNb	0
ADARB2-AS1	Control-7-LPS	0
ADARB2-AS1	Control-8-Basal	0
ADARB2-AS1	Control-8-IFNb	0
ADARB2-AS1	Control-8-LPS	0
ADARB2-AS1	Control-9-Basal	0
ADARB2-AS1	Control-9-IFNb	0
ADARB2-AS1	Control-9-LPS	0
ADARB2-AS1	MCI-1-Basal	0
ADARB2-AS1	MCI-1-IFNb	0
ADARB2-AS1	MCI-1-LPS	0
ADARB2-AS1	MCI-10-Basal	0
ADARB2-AS1	MCI-10-IFNb	0
ADARB2-AS1	MCI-10-LPS	0
ADARB2-AS1	MCI-11-Basal	0
ADARB2-AS1	MCI-11-IFNb	0
ADARB2-AS1	MCI-11-LPS	0
ADARB2-AS1	MCI-2-Basal	0
ADARB2-AS1	MCI-2-IFNb	0
ADARB2-AS1	MCI-2-LPS	0
ADARB2-AS1	MCI-3-Basal	0
ADARB2-AS1	MCI-3-IFNb	0
ADARB2-AS1	MCI-3-LPS	0
ADARB2-AS1	MCI-4-Basal	0
ADARB2-AS1	MCI-4-IFNb	0
ADARB2-AS1	MCI-4-LPS	0
ADARB2-AS1	MCI-5-Basal	0
ADARB2-AS1	MCI-5-IFNb	0
ADARB2-AS1	MCI-5-LPS	0
ADARB2-AS1	MCI-6-Basal	0
ADARB2-AS1	MCI-6-IFNb	0
ADARB2-AS1	MCI-6-LPS	0
ADARB2-AS1	MCI-7-Basal	0
ADARB2-AS1	MCI-7-IFNb	0
ADARB2-AS1	MCI-7-LPS	0
ADARB2-AS1	MCI-8-Basal	0
ADARB2-AS1	MCI-8-IFNb	0
ADARB2-AS1	MCI-8-LPS	0
ADARB2-AS1	MCI-9-Basal	0
ADARB2-AS1	MCI-9-IFNb	0
ADARB2-AS1	MCI-9-LPS	0
ADARB2-AS1	PD-1-Basal	0
ADARB2-AS1	PD-1-IFNb	0
ADARB2-AS1	PD-1-LPS	0
ADARB2-AS1	PD-10-Basal	0
ADARB2-AS1	PD-10-IFNb	0
ADARB2-AS1	PD-10-LPS	0
ADARB2-AS1	PD-11-Basal	0
ADARB2-AS1	PD-11-IFNb	0
ADARB2-AS1	PD-11-LPS	0
ADARB2-AS1	PD-2-Basal	0
ADARB2-AS1	PD-2-IFNb	0
ADARB2-AS1	PD-2-LPS	0
ADARB2-AS1	PD-3-Basal	0
ADARB2-AS1	PD-3-IFNb	0
ADARB2-AS1	PD-3-LPS	0
ADARB2-AS1	PD-4-Basal	0
ADARB2-AS1	PD-4-IFNb	0
ADARB2-AS1	PD-4-LPS	0
ADARB2-AS1	PD-5-Basal	0
ADARB2-AS1	PD-5-IFNb	0
ADARB2-AS1	PD-5-LPS	0
ADARB2-AS1	PD-6-Basal	0
ADARB2-AS1	PD-6-IFNb	0
ADARB2-AS1	PD-6-LPS	0
ADARB2-AS1	PD-7-Basal	0
ADARB2-AS1	PD-7-IFNb	0
ADARB2-AS1	PD-7-LPS	0
ADARB2-AS1	PD-8-Basal	0
ADARB2-AS1	PD-8-IFNb	0
ADARB2-AS1	PD-8-LPS	0
ADARB2-AS1	PD-9-Basal	0
ADARB2-AS1	PD-9-IFNb	0
ADARB2-AS1	PD-9-LPS	0
ADARB2-AS1	YC-1-Basal	0
ADARB2-AS1	YC-1-IFNb	0
ADARB2-AS1	YC-1-LPS	0
ADARB2-AS1	YC-10-Basal	0
ADARB2-AS1	YC-10-IFNb	0
ADARB2-AS1	YC-10-LPS	0
ADARB2-AS1	YC-11-Basal	0
ADARB2-AS1	YC-11-IFNb	0
ADARB2-AS1	YC-11-LPS	0
ADARB2-AS1	YC-2-Basal	0
ADARB2-AS1	YC-2-IFNb	0
ADARB2-AS1	YC-2-LPS	0
ADARB2-AS1	YC-3-Basal	0
ADARB2-AS1	YC-3-IFNb	0
ADARB2-AS1	YC-3-LPS	0
ADARB2-AS1	YC-4-Basal	0
ADARB2-AS1	YC-4-IFNb	0
ADARB2-AS1	YC-4-LPS	0
ADARB2-AS1	YC-5-Basal	0
ADARB2-AS1	YC-5-IFNb	0
ADARB2-AS1	YC-5-LPS	0
ADARB2-AS1	YC-6-Basal	0
ADARB2-AS1	YC-6-IFNb	0
ADARB2-AS1	YC-6-LPS	0
ADARB2-AS1	YC-7-Basal	0
ADARB2-AS1	YC-7-IFNb	0
ADARB2-AS1	YC-7-LPS	0
ADARB2-AS1	YC-8-Basal	0
ADARB2-AS1	YC-8-IFNb	0
ADARB2-AS1	YC-8-LPS	0
ADARB2-AS1	YC-9-Basal	0
ADARB2-AS1	YC-9-IFNb	0
ADARB2-AS1	YC-9-LPS	0
ADARB2	AD-1-Basal	0.09
ADARB2	AD-1-IFNb	0
ADARB2	AD-1-LPS	0.1
ADARB2	AD-10-Basal	0.63
ADARB2	AD-10-IFNb	0.64
ADARB2	AD-10-LPS	0.11
ADARB2	AD-11-Basal	0
ADARB2	AD-11-IFNb	0
ADARB2	AD-11-LPS	0
ADARB2	AD-2-Basal	0.57
ADARB2	AD-2-IFNb	0.02
ADARB2	AD-2-LPS	0.1
ADARB2	AD-3-Basal	0
ADARB2	AD-3-IFNb	0
ADARB2	AD-3-LPS	0
ADARB2	AD-4-Basal	0
ADARB2	AD-4-IFNb	0
ADARB2	AD-4-LPS	0
ADARB2	AD-5-Basal	0
ADARB2	AD-5-IFNb	0
ADARB2	AD-5-LPS	0
ADARB2	AD-6-Basal	0
ADARB2	AD-6-IFNb	0
ADARB2	AD-6-LPS	0
ADARB2	AD-7-Basal	0
ADARB2	AD-7-IFNb	0
ADARB2	AD-7-LPS	0
ADARB2	AD-8-Basal	0.4
ADARB2	AD-8-IFNb	0.04
ADARB2	AD-8-LPS	1
ADARB2	AD-9-Basal	0
ADARB2	AD-9-IFNb	0
ADARB2	AD-9-LPS	0
ADARB2	Control-1-Basal	0
ADARB2	Control-1-IFNb	0
ADARB2	Control-1-LPS	0
ADARB2	Control-10-Basal	0
ADARB2	Control-10-IFNb	0
ADARB2	Control-10-LPS	0
ADARB2	Control-11-Basal	0.84
ADARB2	Control-11-IFNb	0.79
ADARB2	Control-11-LPS	0.2
ADARB2	Control-2-Basal	0
ADARB2	Control-2-IFNb	0.22
ADARB2	Control-2-LPS	0.49
ADARB2	Control-3-Basal	0.09
ADARB2	Control-3-IFNb	0
ADARB2	Control-3-LPS	0
ADARB2	Control-4-Basal	0
ADARB2	Control-4-IFNb	0
ADARB2	Control-4-LPS	0
ADARB2	Control-5-Basal	0
ADARB2	Control-5-IFNb	0.02
ADARB2	Control-5-LPS	0.02
ADARB2	Control-6-Basal	0
ADARB2	Control-6-IFNb	0
ADARB2	Control-6-LPS	0
ADARB2	Control-7-Basal	0
ADARB2	Control-7-IFNb	0
ADARB2	Control-7-LPS	0
ADARB2	Control-8-Basal	0
ADARB2	Control-8-IFNb	0
ADARB2	Control-8-LPS	0
ADARB2	Control-9-Basal	0
ADARB2	Control-9-IFNb	0
ADARB2	Control-9-LPS	0
ADARB2	MCI-1-Basal	0
ADARB2	MCI-1-IFNb	0
ADARB2	MCI-1-LPS	0
ADARB2	MCI-10-Basal	0
ADARB2	MCI-10-IFNb	0
ADARB2	MCI-10-LPS	0
ADARB2	MCI-11-Basal	0.79
ADARB2	MCI-11-IFNb	0.31
ADARB2	MCI-11-LPS	1.18
ADARB2	MCI-2-Basal	0.13
ADARB2	MCI-2-IFNb	0
ADARB2	MCI-2-LPS	0
ADARB2	MCI-3-Basal	0
ADARB2	MCI-3-IFNb	0
ADARB2	MCI-3-LPS	0
ADARB2	MCI-4-Basal	0
ADARB2	MCI-4-IFNb	0
ADARB2	MCI-4-LPS	0.04
ADARB2	MCI-5-Basal	0.43
ADARB2	MCI-5-IFNb	0.19
ADARB2	MCI-5-LPS	0.14
ADARB2	MCI-6-Basal	0.67
ADARB2	MCI-6-IFNb	0
ADARB2	MCI-6-LPS	0.1
ADARB2	MCI-7-Basal	0.47
ADARB2	MCI-7-IFNb	0.03
ADARB2	MCI-7-LPS	0
ADARB2	MCI-8-Basal	0.1
ADARB2	MCI-8-IFNb	0.11
ADARB2	MCI-8-LPS	0.04
ADARB2	MCI-9-Basal	0.7
ADARB2	MCI-9-IFNb	0.52
ADARB2	MCI-9-LPS	0.6
ADARB2	PD-1-Basal	0
ADARB2	PD-1-IFNb	0
ADARB2	PD-1-LPS	0
ADARB2	PD-10-Basal	0
ADARB2	PD-10-IFNb	0
ADARB2	PD-10-LPS	0
ADARB2	PD-11-Basal	0.04
ADARB2	PD-11-IFNb	0
ADARB2	PD-11-LPS	0
ADARB2	PD-2-Basal	0
ADARB2	PD-2-IFNb	0
ADARB2	PD-2-LPS	0
ADARB2	PD-3-Basal	0
ADARB2	PD-3-IFNb	0
ADARB2	PD-3-LPS	0.11
ADARB2	PD-4-Basal	0
ADARB2	PD-4-IFNb	0
ADARB2	PD-4-LPS	0
ADARB2	PD-5-Basal	0.78
ADARB2	PD-5-IFNb	0
ADARB2	PD-5-LPS	0
ADARB2	PD-6-Basal	0
ADARB2	PD-6-IFNb	0
ADARB2	PD-6-LPS	0
ADARB2	PD-7-Basal	0.44
ADARB2	PD-7-IFNb	0.09
ADARB2	PD-7-LPS	0.64
ADARB2	PD-8-Basal	0
ADARB2	PD-8-IFNb	0.07
ADARB2	PD-8-LPS	0.15
ADARB2	PD-9-Basal	0.57
ADARB2	PD-9-IFNb	0.21
ADARB2	PD-9-LPS	0.19
ADARB2	YC-1-Basal	0
ADARB2	YC-1-IFNb	0
ADARB2	YC-1-LPS	0
ADARB2	YC-10-Basal	0.28
ADARB2	YC-10-IFNb	0
ADARB2	YC-10-LPS	0.33
ADARB2	YC-11-Basal	0
ADARB2	YC-11-IFNb	0
ADARB2	YC-11-LPS	0
ADARB2	YC-2-Basal	0.5
ADARB2	YC-2-IFNb	0.18
ADARB2	YC-2-LPS	0.11
ADARB2	YC-3-Basal	0
ADARB2	YC-3-IFNb	0
ADARB2	YC-3-LPS	0
ADARB2	YC-4-Basal	0.19
ADARB2	YC-4-IFNb	0
ADARB2	YC-4-LPS	0.38
ADARB2	YC-5-Basal	0.36
ADARB2	YC-5-IFNb	0
ADARB2	YC-5-LPS	0
ADARB2	YC-6-Basal	0.99
ADARB2	YC-6-IFNb	0
ADARB2	YC-6-LPS	0
ADARB2	YC-7-Basal	0
ADARB2	YC-7-IFNb	0
ADARB2	YC-7-LPS	0
ADARB2	YC-8-Basal	0.61
ADARB2	YC-8-IFNb	0.01
ADARB2	YC-8-LPS	0.35
ADARB2	YC-9-Basal	0.24
ADARB2	YC-9-IFNb	0.11
ADARB2	YC-9-LPS	0.2
APOBEC1	AD-1-Basal	0
APOBEC1	AD-1-IFNb	0
APOBEC1	AD-1-LPS	0
APOBEC1	AD-10-Basal	0
APOBEC1	AD-10-IFNb	0
APOBEC1	AD-10-LPS	0
APOBEC1	AD-11-Basal	0
APOBEC1	AD-11-IFNb	0
APOBEC1	AD-11-LPS	0
APOBEC1	AD-2-Basal	0
APOBEC1	AD-2-IFNb	0
APOBEC1	AD-2-LPS	0
APOBEC1	AD-3-Basal	0
APOBEC1	AD-3-IFNb	0
APOBEC1	AD-3-LPS	0
APOBEC1	AD-4-Basal	0
APOBEC1	AD-4-IFNb	0
APOBEC1	AD-4-LPS	0
APOBEC1	AD-5-Basal	0
APOBEC1	AD-5-IFNb	0
APOBEC1	AD-5-LPS	0
APOBEC1	AD-6-Basal	0
APOBEC1	AD-6-IFNb	0
APOBEC1	AD-6-LPS	0
APOBEC1	AD-7-Basal	0
APOBEC1	AD-7-IFNb	0
APOBEC1	AD-7-LPS	0
APOBEC1	AD-8-Basal	0
APOBEC1	AD-8-IFNb	0
APOBEC1	AD-8-LPS	0
APOBEC1	AD-9-Basal	0
APOBEC1	AD-9-IFNb	0
APOBEC1	AD-9-LPS	0
APOBEC1	Control-1-Basal	0
APOBEC1	Control-1-IFNb	0
APOBEC1	Control-1-LPS	0
APOBEC1	Control-10-Basal	0
APOBEC1	Control-10-IFNb	0
APOBEC1	Control-10-LPS	0
APOBEC1	Control-11-Basal	0
APOBEC1	Control-11-IFNb	0
APOBEC1	Control-11-LPS	0
APOBEC1	Control-2-Basal	0
APOBEC1	Control-2-IFNb	0
APOBEC1	Control-2-LPS	0
APOBEC1	Control-3-Basal	0
APOBEC1	Control-3-IFNb	0
APOBEC1	Control-3-LPS	0
APOBEC1	Control-4-Basal	0
APOBEC1	Control-4-IFNb	0
APOBEC1	Control-4-LPS	0
APOBEC1	Control-5-Basal	0
APOBEC1	Control-5-IFNb	0
APOBEC1	Control-5-LPS	0
APOBEC1	Control-6-Basal	0
APOBEC1	Control-6-IFNb	0
APOBEC1	Control-6-LPS	0
APOBEC1	Control-7-Basal	0
APOBEC1	Control-7-IFNb	0
APOBEC1	Control-7-LPS	0
APOBEC1	Control-8-Basal	0
APOBEC1	Control-8-IFNb	0
APOBEC1	Control-8-LPS	0
APOBEC1	Control-9-Basal	0
APOBEC1	Control-9-IFNb	0
APOBEC1	Control-9-LPS	0
APOBEC1	MCI-1-Basal	0
APOBEC1	MCI-1-IFNb	0
APOBEC1	MCI-1-LPS	0
APOBEC1	MCI-10-Basal	0
APOBEC1	MCI-10-IFNb	0
APOBEC1	MCI-10-LPS	0
APOBEC1	MCI-11-Basal	0
APOBEC1	MCI-11-IFNb	0
APOBEC1	MCI-11-LPS	0
APOBEC1	MCI-2-Basal	0
APOBEC1	MCI-2-IFNb	0
APOBEC1	MCI-2-LPS	0
APOBEC1	MCI-3-Basal	0
APOBEC1	MCI-3-IFNb	0
APOBEC1	MCI-3-LPS	0
APOBEC1	MCI-4-Basal	0
APOBEC1	MCI-4-IFNb	0
APOBEC1	MCI-4-LPS	0
APOBEC1	MCI-5-Basal	0
APOBEC1	MCI-5-IFNb	0
APOBEC1	MCI-5-LPS	0
APOBEC1	MCI-6-Basal	0
APOBEC1	MCI-6-IFNb	0
APOBEC1	MCI-6-LPS	0
APOBEC1	MCI-7-Basal	0
APOBEC1	MCI-7-IFNb	0
APOBEC1	MCI-7-LPS	0
APOBEC1	MCI-8-Basal	0
APOBEC1	MCI-8-IFNb	0
APOBEC1	MCI-8-LPS	0
APOBEC1	MCI-9-Basal	0
APOBEC1	MCI-9-IFNb	0
APOBEC1	MCI-9-LPS	0
APOBEC1	PD-1-Basal	0
APOBEC1	PD-1-IFNb	0
APOBEC1	PD-1-LPS	0
APOBEC1	PD-10-Basal	0
APOBEC1	PD-10-IFNb	0
APOBEC1	PD-10-LPS	0
APOBEC1	PD-11-Basal	0
APOBEC1	PD-11-IFNb	0
APOBEC1	PD-11-LPS	0
APOBEC1	PD-2-Basal	0
APOBEC1	PD-2-IFNb	0
APOBEC1	PD-2-LPS	0
APOBEC1	PD-3-Basal	0
APOBEC1	PD-3-IFNb	0
APOBEC1	PD-3-LPS	0
APOBEC1	PD-4-Basal	0
APOBEC1	PD-4-IFNb	0
APOBEC1	PD-4-LPS	0
APOBEC1	PD-5-Basal	0
APOBEC1	PD-5-IFNb	0
APOBEC1	PD-5-LPS	0
APOBEC1	PD-6-Basal	0
APOBEC1	PD-6-IFNb	0
APOBEC1	PD-6-LPS	0
APOBEC1	PD-7-Basal	0
APOBEC1	PD-7-IFNb	0
APOBEC1	PD-7-LPS	0
APOBEC1	PD-8-Basal	0
APOBEC1	PD-8-IFNb	0
APOBEC1	PD-8-LPS	0
APOBEC1	PD-9-Basal	0
APOBEC1	PD-9-IFNb	0
APOBEC1	PD-9-LPS	0
APOBEC1	YC-1-Basal	0
APOBEC1	YC-1-IFNb	0
APOBEC1	YC-1-LPS	0
APOBEC1	YC-10-Basal	0
APOBEC1	YC-10-IFNb	0
APOBEC1	YC-10-LPS	0
APOBEC1	YC-11-Basal	0
APOBEC1	YC-11-IFNb	0
APOBEC1	YC-11-LPS	0
APOBEC1	YC-2-Basal	0
APOBEC1	YC-2-IFNb	0
APOBEC1	YC-2-LPS	0
APOBEC1	YC-3-Basal	0
APOBEC1	YC-3-IFNb	0
APOBEC1	YC-3-LPS	0
APOBEC1	YC-4-Basal	0
APOBEC1	YC-4-IFNb	0
APOBEC1	YC-4-LPS	0
APOBEC1	YC-5-Basal	0
APOBEC1	YC-5-IFNb	0
APOBEC1	YC-5-LPS	0
APOBEC1	YC-6-Basal	0
APOBEC1	YC-6-IFNb	0
APOBEC1	YC-6-LPS	0
APOBEC1	YC-7-Basal	0
APOBEC1	YC-7-IFNb	0
APOBEC1	YC-7-LPS	0
APOBEC1	YC-8-Basal	0
APOBEC1	YC-8-IFNb	0
APOBEC1	YC-8-LPS	0
APOBEC1	YC-9-Basal	0
APOBEC1	YC-9-IFNb	0
APOBEC1	YC-9-LPS	0
ADARB1	AD-1-Basal	1.58
ADARB1	AD-1-IFNb	0.88
ADARB1	AD-1-LPS	4.67
ADARB1	AD-10-Basal	1.9
ADARB1	AD-10-IFNb	2.34
ADARB1	AD-10-LPS	6.3
ADARB1	AD-11-Basal	0.92
ADARB1	AD-11-IFNb	0.77
ADARB1	AD-11-LPS	4.06
ADARB1	AD-2-Basal	3.28
ADARB1	AD-2-IFNb	3.31
ADARB1	AD-2-LPS	6.79
ADARB1	AD-3-Basal	5.74
ADARB1	AD-3-IFNb	7.81
ADARB1	AD-3-LPS	5.8
ADARB1	AD-4-Basal	1.39
ADARB1	AD-4-IFNb	6.88
ADARB1	AD-4-LPS	5.12
ADARB1	AD-5-Basal	2.88
ADARB1	AD-5-IFNb	4.19
ADARB1	AD-5-LPS	5.86
ADARB1	AD-6-Basal	2.14
ADARB1	AD-6-IFNb	5.2
ADARB1	AD-6-LPS	1.31
ADARB1	AD-7-Basal	0.67
ADARB1	AD-7-IFNb	4.55
ADARB1	AD-7-LPS	4.15
ADARB1	AD-8-Basal	0.53
ADARB1	AD-8-IFNb	3.65
ADARB1	AD-8-LPS	3.4
ADARB1	AD-9-Basal	0.74
ADARB1	AD-9-IFNb	1.3
ADARB1	AD-9-LPS	2.19
ADARB1	Control-1-Basal	2.07
ADARB1	Control-1-IFNb	1.59
ADARB1	Control-1-LPS	2.72
ADARB1	Control-10-Basal	2.63
ADARB1	Control-10-IFNb	3.47
ADARB1	Control-10-LPS	4.91
ADARB1	Control-11-Basal	1.7
ADARB1	Control-11-IFNb	0.4
ADARB1	Control-11-LPS	2.5
ADARB1	Control-2-Basal	1.56
ADARB1	Control-2-IFNb	3.24
ADARB1	Control-2-LPS	6.48
ADARB1	Control-3-Basal	1.59
ADARB1	Control-3-IFNb	4.17
ADARB1	Control-3-LPS	7.37
ADARB1	Control-4-Basal	6.26
ADARB1	Control-4-IFNb	4.2
ADARB1	Control-4-LPS	3.73
ADARB1	Control-5-Basal	2.23
ADARB1	Control-5-IFNb	2.97
ADARB1	Control-5-LPS	2.32
ADARB1	Control-6-Basal	9.15
ADARB1	Control-6-IFNb	2.92
ADARB1	Control-6-LPS	3.44
ADARB1	Control-7-Basal	4.35
ADARB1	Control-7-IFNb	1.5
ADARB1	Control-7-LPS	2.43
ADARB1	Control-8-Basal	0.95
ADARB1	Control-8-IFNb	6.4
ADARB1	Control-8-LPS	6.54
ADARB1	Control-9-Basal	4.79
ADARB1	Control-9-IFNb	1.81
ADARB1	Control-9-LPS	4.14
ADARB1	MCI-1-Basal	1.4
ADARB1	MCI-1-IFNb	3.47
ADARB1	MCI-1-LPS	5.05
ADARB1	MCI-10-Basal	2.83
ADARB1	MCI-10-IFNb	2.72
ADARB1	MCI-10-LPS	9.89
ADARB1	MCI-11-Basal	2.61
ADARB1	MCI-11-IFNb	0.99
ADARB1	MCI-11-LPS	3.23
ADARB1	MCI-2-Basal	2.83
ADARB1	MCI-2-IFNb	5.3
ADARB1	MCI-2-LPS	6.22
ADARB1	MCI-3-Basal	1.57
ADARB1	MCI-3-IFNb	10.89
ADARB1	MCI-3-LPS	6.98
ADARB1	MCI-4-Basal	1.98
ADARB1	MCI-4-IFNb	3.71
ADARB1	MCI-4-LPS	9.51
ADARB1	MCI-5-Basal	1.37
ADARB1	MCI-5-IFNb	1.72
ADARB1	MCI-5-LPS	2.44
ADARB1	MCI-6-Basal	2.17
ADARB1	MCI-6-IFNb	3.76
ADARB1	MCI-6-LPS	2.18
ADARB1	MCI-7-Basal	2.58
ADARB1	MCI-7-IFNb	1.71
ADARB1	MCI-7-LPS	4.91
ADARB1	MCI-8-Basal	2.59
ADARB1	MCI-8-IFNb	5.5
ADARB1	MCI-8-LPS	13.45
ADARB1	MCI-9-Basal	0.88
ADARB1	MCI-9-IFNb	5.33
ADARB1	MCI-9-LPS	1.9
ADARB1	PD-1-Basal	0.68
ADARB1	PD-1-IFNb	1.26
ADARB1	PD-1-LPS	4.82
ADARB1	PD-10-Basal	1.33
ADARB1	PD-10-IFNb	3.16
ADARB1	PD-10-LPS	4.21
ADARB1	PD-11-Basal	0.76
ADARB1	PD-11-IFNb	1.61
ADARB1	PD-11-LPS	7.35
ADARB1	PD-2-Basal	1.69
ADARB1	PD-2-IFNb	2.12
ADARB1	PD-2-LPS	7.61
ADARB1	PD-3-Basal	3.37
ADARB1	PD-3-IFNb	2.41
ADARB1	PD-3-LPS	5.36
ADARB1	PD-4-Basal	2
ADARB1	PD-4-IFNb	1.85
ADARB1	PD-4-LPS	3.24
ADARB1	PD-5-Basal	2.23
ADARB1	PD-5-IFNb	1.77
ADARB1	PD-5-LPS	0.87
ADARB1	PD-6-Basal	4.29
ADARB1	PD-6-IFNb	4.38
ADARB1	PD-6-LPS	2.62
ADARB1	PD-7-Basal	1.73
ADARB1	PD-7-IFNb	2.19
ADARB1	PD-7-LPS	2.57
ADARB1	PD-8-Basal	1.18
ADARB1	PD-8-IFNb	1.5
ADARB1	PD-8-LPS	1.53
ADARB1	PD-9-Basal	2.17
ADARB1	PD-9-IFNb	0.85
ADARB1	PD-9-LPS	0.49
ADARB1	YC-1-Basal	0.91
ADARB1	YC-1-IFNb	2.31
ADARB1	YC-1-LPS	5.23
ADARB1	YC-10-Basal	1.11
ADARB1	YC-10-IFNb	5.17
ADARB1	YC-10-LPS	9.67
ADARB1	YC-11-Basal	1.07
ADARB1	YC-11-IFNb	8.4
ADARB1	YC-11-LPS	2.56
ADARB1	YC-2-Basal	1.29
ADARB1	YC-2-IFNb	2.91
ADARB1	YC-2-LPS	9.16
ADARB1	YC-3-Basal	2.29
ADARB1	YC-3-IFNb	2.52
ADARB1	YC-3-LPS	4.08
ADARB1	YC-4-Basal	2.45
ADARB1	YC-4-IFNb	6.68
ADARB1	YC-4-LPS	5.39
ADARB1	YC-5-Basal	1.85
ADARB1	YC-5-IFNb	3.16
ADARB1	YC-5-LPS	3.75
ADARB1	YC-6-Basal	3.17
ADARB1	YC-6-IFNb	2.93
ADARB1	YC-6-LPS	1.45
ADARB1	YC-7-Basal	1.99
ADARB1	YC-7-IFNb	6.55
ADARB1	YC-7-LPS	5.42
ADARB1	YC-8-Basal	1.54
ADARB1	YC-8-IFNb	4.67
ADARB1	YC-8-LPS	3.1
ADARB1	YC-9-Basal	0.47
ADARB1	YC-9-IFNb	1.85
ADARB1	YC-9-LPS	0.85
APOBEC3A	AD-1-Basal	83.31
APOBEC3A	AD-1-IFNb	11552.56
APOBEC3A	AD-1-LPS	85.31
APOBEC3A	AD-10-Basal	69.76
APOBEC3A	AD-10-IFNb	8213.29
APOBEC3A	AD-10-LPS	502.36
APOBEC3A	AD-11-Basal	55.22
APOBEC3A	AD-11-IFNb	8377.39
APOBEC3A	AD-11-LPS	762
APOBEC3A	AD-2-Basal	51.51
APOBEC3A	AD-2-IFNb	9239.3
APOBEC3A	AD-2-LPS	608.81
APOBEC3A	AD-3-Basal	284.67
APOBEC3A	AD-3-IFNb	9974.41
APOBEC3A	AD-3-LPS	803.42
APOBEC3A	AD-4-Basal	71.13
APOBEC3A	AD-4-IFNb	9893.78
APOBEC3A	AD-4-LPS	315.63
APOBEC3A	AD-5-Basal	43.25
APOBEC3A	AD-5-IFNb	10137.54
APOBEC3A	AD-5-LPS	78.93
APOBEC3A	AD-6-Basal	96.66
APOBEC3A	AD-6-IFNb	7581.11
APOBEC3A	AD-6-LPS	1381.44
APOBEC3A	AD-7-Basal	448.38
APOBEC3A	AD-7-IFNb	8198.48
APOBEC3A	AD-7-LPS	971.08
APOBEC3A	AD-8-Basal	1902.34
APOBEC3A	AD-8-IFNb	11687.02
APOBEC3A	AD-8-LPS	4702.26
APOBEC3A	AD-9-Basal	61.13
APOBEC3A	AD-9-IFNb	7517.08
APOBEC3A	AD-9-LPS	840.29
APOBEC3A	Control-1-Basal	282.62
APOBEC3A	Control-1-IFNb	10291.31
APOBEC3A	Control-1-LPS	601.13
APOBEC3A	Control-10-Basal	54.98
APOBEC3A	Control-10-IFNb	6615.93
APOBEC3A	Control-10-LPS	358.59
APOBEC3A	Control-11-Basal	25.77
APOBEC3A	Control-11-IFNb	7209.19
APOBEC3A	Control-11-LPS	355.59
APOBEC3A	Control-2-Basal	23.14
APOBEC3A	Control-2-IFNb	8148.66
APOBEC3A	Control-2-LPS	100.76
APOBEC3A	Control-3-Basal	58.18
APOBEC3A	Control-3-IFNb	9936.72
APOBEC3A	Control-3-LPS	323.18
APOBEC3A	Control-4-Basal	74.75
APOBEC3A	Control-4-IFNb	9593.67
APOBEC3A	Control-4-LPS	330.2
APOBEC3A	Control-5-Basal	553.18
APOBEC3A	Control-5-IFNb	11016.73
APOBEC3A	Control-5-LPS	1897.93
APOBEC3A	Control-6-Basal	16.95
APOBEC3A	Control-6-IFNb	9920.33
APOBEC3A	Control-6-LPS	12.97
APOBEC3A	Control-7-Basal	232.73
APOBEC3A	Control-7-IFNb	12457.07
APOBEC3A	Control-7-LPS	2667.59
APOBEC3A	Control-8-Basal	162.29
APOBEC3A	Control-8-IFNb	8887.93
APOBEC3A	Control-8-LPS	143.34
APOBEC3A	Control-9-Basal	17.38
APOBEC3A	Control-9-IFNb	8175.89
APOBEC3A	Control-9-LPS	35.59
APOBEC3A	MCI-1-Basal	19.4
APOBEC3A	MCI-1-IFNb	8073.67
APOBEC3A	MCI-1-LPS	9.87
APOBEC3A	MCI-10-Basal	63.92
APOBEC3A	MCI-10-IFNb	10419.1
APOBEC3A	MCI-10-LPS	208.36
APOBEC3A	MCI-11-Basal	174.03
APOBEC3A	MCI-11-IFNb	7009.29
APOBEC3A	MCI-11-LPS	134.3
APOBEC3A	MCI-2-Basal	115.01
APOBEC3A	MCI-2-IFNb	10992.58
APOBEC3A	MCI-2-LPS	892.73
APOBEC3A	MCI-3-Basal	314.59
APOBEC3A	MCI-3-IFNb	10906.69
APOBEC3A	MCI-3-LPS	93.08
APOBEC3A	MCI-4-Basal	148.28
APOBEC3A	MCI-4-IFNb	9338.76
APOBEC3A	MCI-4-LPS	93.35
APOBEC3A	MCI-5-Basal	287.39
APOBEC3A	MCI-5-IFNb	10569.55
APOBEC3A	MCI-5-LPS	890.02
APOBEC3A	MCI-6-Basal	228.59
APOBEC3A	MCI-6-IFNb	8581.01
APOBEC3A	MCI-6-LPS	390.89
APOBEC3A	MCI-7-Basal	163.86
APOBEC3A	MCI-7-IFNb	9356.68
APOBEC3A	MCI-7-LPS	614.48
APOBEC3A	MCI-8-Basal	2824.14
APOBEC3A	MCI-8-IFNb	12508.18
APOBEC3A	MCI-8-LPS	2402.61
APOBEC3A	MCI-9-Basal	59.6
APOBEC3A	MCI-9-IFNb	10646.76
APOBEC3A	MCI-9-LPS	1129.07
APOBEC3A	PD-1-Basal	33.79
APOBEC3A	PD-1-IFNb	5656.13
APOBEC3A	PD-1-LPS	46.39
APOBEC3A	PD-10-Basal	92.7
APOBEC3A	PD-10-IFNb	8592.48
APOBEC3A	PD-10-LPS	342.04
APOBEC3A	PD-11-Basal	19.79
APOBEC3A	PD-11-IFNb	9244.1
APOBEC3A	PD-11-LPS	82.04
APOBEC3A	PD-2-Basal	55.74
APOBEC3A	PD-2-IFNb	11630.31
APOBEC3A	PD-2-LPS	145.21
APOBEC3A	PD-3-Basal	117.62
APOBEC3A	PD-3-IFNb	9447.25
APOBEC3A	PD-3-LPS	334.54
APOBEC3A	PD-4-Basal	18.22
APOBEC3A	PD-4-IFNb	8616.78
APOBEC3A	PD-4-LPS	25.86
APOBEC3A	PD-5-Basal	76.49
APOBEC3A	PD-5-IFNb	10618.59
APOBEC3A	PD-5-LPS	486.28
APOBEC3A	PD-6-Basal	48.06
APOBEC3A	PD-6-IFNb	8501.07
APOBEC3A	PD-6-LPS	633.39
APOBEC3A	PD-7-Basal	361.53
APOBEC3A	PD-7-IFNb	9771.79
APOBEC3A	PD-7-LPS	973.91
APOBEC3A	PD-8-Basal	244.18
APOBEC3A	PD-8-IFNb	9913.7
APOBEC3A	PD-8-LPS	429.46
APOBEC3A	PD-9-Basal	54.73
APOBEC3A	PD-9-IFNb	7696.38
APOBEC3A	PD-9-LPS	306.07
APOBEC3A	YC-1-Basal	39.95
APOBEC3A	YC-1-IFNb	5895.74
APOBEC3A	YC-1-LPS	62.18
APOBEC3A	YC-10-Basal	40.12
APOBEC3A	YC-10-IFNb	9143.88
APOBEC3A	YC-10-LPS	315.66
APOBEC3A	YC-11-Basal	30.64
APOBEC3A	YC-11-IFNb	9317.42
APOBEC3A	YC-11-LPS	295.55
APOBEC3A	YC-2-Basal	21.96
APOBEC3A	YC-2-IFNb	7672.7
APOBEC3A	YC-2-LPS	16.67
APOBEC3A	YC-3-Basal	29.15
APOBEC3A	YC-3-IFNb	7865.55
APOBEC3A	YC-3-LPS	636.13
APOBEC3A	YC-4-Basal	1501.99
APOBEC3A	YC-4-IFNb	9726.57
APOBEC3A	YC-4-LPS	1153.34
APOBEC3A	YC-5-Basal	169.08
APOBEC3A	YC-5-IFNb	9464.69
APOBEC3A	YC-5-LPS	503.6
APOBEC3A	YC-6-Basal	248.42
APOBEC3A	YC-6-IFNb	9544.08
APOBEC3A	YC-6-LPS	862.31
APOBEC3A	YC-7-Basal	861.74
APOBEC3A	YC-7-IFNb	10513.26
APOBEC3A	YC-7-LPS	1482.41
APOBEC3A	YC-8-Basal	53.69
APOBEC3A	YC-8-IFNb	7908.68
APOBEC3A	YC-8-LPS	149.29
APOBEC3A	YC-9-Basal	445.8
APOBEC3A	YC-9-IFNb	11663.63
APOBEC3A	YC-9-LPS	3022.06
APOBEC3B	AD-1-Basal	0.29
APOBEC3B	AD-1-IFNb	1.35
APOBEC3B	AD-1-LPS	0.71
APOBEC3B	AD-10-Basal	2.54
APOBEC3B	AD-10-IFNb	314.61
APOBEC3B	AD-10-LPS	21.29
APOBEC3B	AD-11-Basal	0.65
APOBEC3B	AD-11-IFNb	2.5
APOBEC3B	AD-11-LPS	0.45
APOBEC3B	AD-2-Basal	0.44
APOBEC3B	AD-2-IFNb	1.75
APOBEC3B	AD-2-LPS	0.64
APOBEC3B	AD-3-Basal	8.3
APOBEC3B	AD-3-IFNb	373.94
APOBEC3B	AD-3-LPS	22.66
APOBEC3B	AD-4-Basal	1.73
APOBEC3B	AD-4-IFNb	357.58
APOBEC3B	AD-4-LPS	7.34
APOBEC3B	AD-5-Basal	0.58
APOBEC3B	AD-5-IFNb	1.44
APOBEC3B	AD-5-LPS	1.03
APOBEC3B	AD-6-Basal	0.29
APOBEC3B	AD-6-IFNb	3.18
APOBEC3B	AD-6-LPS	0.63
APOBEC3B	AD-7-Basal	0.38
APOBEC3B	AD-7-IFNb	2.16
APOBEC3B	AD-7-LPS	1.54
APOBEC3B	AD-8-Basal	0.83
APOBEC3B	AD-8-IFNb	2.25
APOBEC3B	AD-8-LPS	1.52
APOBEC3B	AD-9-Basal	1.15
APOBEC3B	AD-9-IFNb	148.39
APOBEC3B	AD-9-LPS	14.42
APOBEC3B	Control-1-Basal	0.49
APOBEC3B	Control-1-IFNb	2
APOBEC3B	Control-1-LPS	0.32
APOBEC3B	Control-10-Basal	0.28
APOBEC3B	Control-10-IFNb	1.29
APOBEC3B	Control-10-LPS	0.2
APOBEC3B	Control-11-Basal	0.32
APOBEC3B	Control-11-IFNb	237.76
APOBEC3B	Control-11-LPS	11.7
APOBEC3B	Control-2-Basal	1.04
APOBEC3B	Control-2-IFNb	301.66
APOBEC3B	Control-2-LPS	2.66
APOBEC3B	Control-3-Basal	1.08
APOBEC3B	Control-3-IFNb	351.66
APOBEC3B	Control-3-LPS	9.34
APOBEC3B	Control-4-Basal	2.3
APOBEC3B	Control-4-IFNb	358.53
APOBEC3B	Control-4-LPS	12.27
APOBEC3B	Control-5-Basal	0.22
APOBEC3B	Control-5-IFNb	1.29
APOBEC3B	Control-5-LPS	0.68
APOBEC3B	Control-6-Basal	0.19
APOBEC3B	Control-6-IFNb	341.65
APOBEC3B	Control-6-LPS	0.42
APOBEC3B	Control-7-Basal	0.83
APOBEC3B	Control-7-IFNb	1.86
APOBEC3B	Control-7-LPS	1.38
APOBEC3B	Control-8-Basal	4.7
APOBEC3B	Control-8-IFNb	331.59
APOBEC3B	Control-8-LPS	4.8
APOBEC3B	Control-9-Basal	0.71
APOBEC3B	Control-9-IFNb	303.81
APOBEC3B	Control-9-LPS	1.41
APOBEC3B	MCI-1-Basal	0.68
APOBEC3B	MCI-1-IFNb	231.9
APOBEC3B	MCI-1-LPS	0.13
APOBEC3B	MCI-10-Basal	0.83
APOBEC3B	MCI-10-IFNb	2.5
APOBEC3B	MCI-10-LPS	1.09
APOBEC3B	MCI-11-Basal	10.52
APOBEC3B	MCI-11-IFNb	590.55
APOBEC3B	MCI-11-LPS	10.04
APOBEC3B	MCI-2-Basal	0.41
APOBEC3B	MCI-2-IFNb	2.5
APOBEC3B	MCI-2-LPS	0.74
APOBEC3B	MCI-3-Basal	11.51
APOBEC3B	MCI-3-IFNb	433.57
APOBEC3B	MCI-3-LPS	3.56
APOBEC3B	MCI-4-Basal	0.26
APOBEC3B	MCI-4-IFNb	1.98
APOBEC3B	MCI-4-LPS	0.37
APOBEC3B	MCI-5-Basal	8.98
APOBEC3B	MCI-5-IFNb	366.69
APOBEC3B	MCI-5-LPS	27.8
APOBEC3B	MCI-6-Basal	1.4
APOBEC3B	MCI-6-IFNb	1.04
APOBEC3B	MCI-6-LPS	0.8
APOBEC3B	MCI-7-Basal	3.77
APOBEC3B	MCI-7-IFNb	330.32
APOBEC3B	MCI-7-LPS	21.83
APOBEC3B	MCI-8-Basal	2.59
APOBEC3B	MCI-8-IFNb	4.11
APOBEC3B	MCI-8-LPS	0.94
APOBEC3B	MCI-9-Basal	1
APOBEC3B	MCI-9-IFNb	175.22
APOBEC3B	MCI-9-LPS	11.26
APOBEC3B	PD-1-Basal	0.41
APOBEC3B	PD-1-IFNb	192.12
APOBEC3B	PD-1-LPS	0.96
APOBEC3B	PD-10-Basal	0.2
APOBEC3B	PD-10-IFNb	2.69
APOBEC3B	PD-10-LPS	0.59
APOBEC3B	PD-11-Basal	0.63
APOBEC3B	PD-11-IFNb	332.63
APOBEC3B	PD-11-LPS	1.88
APOBEC3B	PD-2-Basal	0.64
APOBEC3B	PD-2-IFNb	3.57
APOBEC3B	PD-2-LPS	0
APOBEC3B	PD-3-Basal	0.36
APOBEC3B	PD-3-IFNb	2.34
APOBEC3B	PD-3-LPS	1.14
APOBEC3B	PD-4-Basal	0.88
APOBEC3B	PD-4-IFNb	299.47
APOBEC3B	PD-4-LPS	0.63
APOBEC3B	PD-5-Basal	1.25
APOBEC3B	PD-5-IFNb	1.69
APOBEC3B	PD-5-LPS	0.46
APOBEC3B	PD-6-Basal	0.6
APOBEC3B	PD-6-IFNb	114.33
APOBEC3B	PD-6-LPS	3.08
APOBEC3B	PD-7-Basal	0.7
APOBEC3B	PD-7-IFNb	3.15
APOBEC3B	PD-7-LPS	0.76
APOBEC3B	PD-8-Basal	7.17
APOBEC3B	PD-8-IFNb	363.45
APOBEC3B	PD-8-LPS	12.49
APOBEC3B	PD-9-Basal	1.47
APOBEC3B	PD-9-IFNb	257.84
APOBEC3B	PD-9-LPS	9.29
APOBEC3B	YC-1-Basal	0.97
APOBEC3B	YC-1-IFNb	167.93
APOBEC3B	YC-1-LPS	1.32
APOBEC3B	YC-10-Basal	1.71
APOBEC3B	YC-10-IFNb	319.69
APOBEC3B	YC-10-LPS	7.89
APOBEC3B	YC-11-Basal	0.6
APOBEC3B	YC-11-IFNb	3
APOBEC3B	YC-11-LPS	0.37
APOBEC3B	YC-2-Basal	0.33
APOBEC3B	YC-2-IFNb	3.21
APOBEC3B	YC-2-LPS	0.32
APOBEC3B	YC-3-Basal	0.83
APOBEC3B	YC-3-IFNb	1
APOBEC3B	YC-3-LPS	0.84
APOBEC3B	YC-4-Basal	1.13
APOBEC3B	YC-4-IFNb	2.44
APOBEC3B	YC-4-LPS	0.58
APOBEC3B	YC-5-Basal	11.75
APOBEC3B	YC-5-IFNb	798.08
APOBEC3B	YC-5-LPS	37.68
APOBEC3B	YC-6-Basal	0.38
APOBEC3B	YC-6-IFNb	0.98
APOBEC3B	YC-6-LPS	0.54
APOBEC3B	YC-7-Basal	1.28
APOBEC3B	YC-7-IFNb	2.11
APOBEC3B	YC-7-LPS	1.3
APOBEC3B	YC-8-Basal	1.21
APOBEC3B	YC-8-IFNb	291.29
APOBEC3B	YC-8-LPS	3.39
APOBEC3B	YC-9-Basal	0.64
APOBEC3B	YC-9-IFNb	2.69
APOBEC3B	YC-9-LPS	1.79
APOBEC3C	AD-1-Basal	99.37
APOBEC3C	AD-1-IFNb	169.25
APOBEC3C	AD-1-LPS	57.43
APOBEC3C	AD-10-Basal	62.46
APOBEC3C	AD-10-IFNb	134.83
APOBEC3C	AD-10-LPS	47.89
APOBEC3C	AD-11-Basal	69.51
APOBEC3C	AD-11-IFNb	153.19
APOBEC3C	AD-11-LPS	45.72
APOBEC3C	AD-2-Basal	54.98
APOBEC3C	AD-2-IFNb	91.94
APOBEC3C	AD-2-LPS	35.22
APOBEC3C	AD-3-Basal	82.68
APOBEC3C	AD-3-IFNb	188.19
APOBEC3C	AD-3-LPS	43.43
APOBEC3C	AD-4-Basal	49.28
APOBEC3C	AD-4-IFNb	137.79
APOBEC3C	AD-4-LPS	38.08
APOBEC3C	AD-5-Basal	72.45
APOBEC3C	AD-5-IFNb	134.04
APOBEC3C	AD-5-LPS	59.26
APOBEC3C	AD-6-Basal	77.64
APOBEC3C	AD-6-IFNb	149.01
APOBEC3C	AD-6-LPS	66.95
APOBEC3C	AD-7-Basal	61.19
APOBEC3C	AD-7-IFNb	92.84
APOBEC3C	AD-7-LPS	61.25
APOBEC3C	AD-8-Basal	67.44
APOBEC3C	AD-8-IFNb	121.69
APOBEC3C	AD-8-LPS	67.82
APOBEC3C	AD-9-Basal	70.48
APOBEC3C	AD-9-IFNb	121.07
APOBEC3C	AD-9-LPS	53.71
APOBEC3C	Control-1-Basal	81.07
APOBEC3C	Control-1-IFNb	167.27
APOBEC3C	Control-1-LPS	60.8
APOBEC3C	Control-10-Basal	69.13
APOBEC3C	Control-10-IFNb	148.77
APOBEC3C	Control-10-LPS	55.54
APOBEC3C	Control-11-Basal	52.23
APOBEC3C	Control-11-IFNb	130.39
APOBEC3C	Control-11-LPS	53.42
APOBEC3C	Control-2-Basal	66.81
APOBEC3C	Control-2-IFNb	125.66
APOBEC3C	Control-2-LPS	23.13
APOBEC3C	Control-3-Basal	62.92
APOBEC3C	Control-3-IFNb	90.29
APOBEC3C	Control-3-LPS	37.01
APOBEC3C	Control-4-Basal	68.6
APOBEC3C	Control-4-IFNb	127
APOBEC3C	Control-4-LPS	41.13
APOBEC3C	Control-5-Basal	55.28
APOBEC3C	Control-5-IFNb	90.35
APOBEC3C	Control-5-LPS	47.56
APOBEC3C	Control-6-Basal	41.47
APOBEC3C	Control-6-IFNb	123.79
APOBEC3C	Control-6-LPS	27.05
APOBEC3C	Control-7-Basal	46.77
APOBEC3C	Control-7-IFNb	134.82
APOBEC3C	Control-7-LPS	54.01
APOBEC3C	Control-8-Basal	47.77
APOBEC3C	Control-8-IFNb	109.59
APOBEC3C	Control-8-LPS	35.98
APOBEC3C	Control-9-Basal	83.29
APOBEC3C	Control-9-IFNb	149.01
APOBEC3C	Control-9-LPS	56.5
APOBEC3C	MCI-1-Basal	57.39
APOBEC3C	MCI-1-IFNb	180.16
APOBEC3C	MCI-1-LPS	36.99
APOBEC3C	MCI-10-Basal	94.58
APOBEC3C	MCI-10-IFNb	165.2
APOBEC3C	MCI-10-LPS	76.73
APOBEC3C	MCI-11-Basal	57.63
APOBEC3C	MCI-11-IFNb	166.44
APOBEC3C	MCI-11-LPS	48.25
APOBEC3C	MCI-2-Basal	61.38
APOBEC3C	MCI-2-IFNb	111.94
APOBEC3C	MCI-2-LPS	32.17
APOBEC3C	MCI-3-Basal	59.25
APOBEC3C	MCI-3-IFNb	107.99
APOBEC3C	MCI-3-LPS	37.88
APOBEC3C	MCI-4-Basal	52.95
APOBEC3C	MCI-4-IFNb	117.09
APOBEC3C	MCI-4-LPS	29.59
APOBEC3C	MCI-5-Basal	52.23
APOBEC3C	MCI-5-IFNb	88.91
APOBEC3C	MCI-5-LPS	52.57
APOBEC3C	MCI-6-Basal	59.35
APOBEC3C	MCI-6-IFNb	103.47
APOBEC3C	MCI-6-LPS	47.3
APOBEC3C	MCI-7-Basal	32.88
APOBEC3C	MCI-7-IFNb	87.51
APOBEC3C	MCI-7-LPS	32.02
APOBEC3C	MCI-8-Basal	63.4
APOBEC3C	MCI-8-IFNb	101.95
APOBEC3C	MCI-8-LPS	53.57
APOBEC3C	MCI-9-Basal	89.42
APOBEC3C	MCI-9-IFNb	156.75
APOBEC3C	MCI-9-LPS	73.28
APOBEC3C	PD-1-Basal	101.85
APOBEC3C	PD-1-IFNb	162.53
APOBEC3C	PD-1-LPS	42.42
APOBEC3C	PD-10-Basal	78.9
APOBEC3C	PD-10-IFNb	154.25
APOBEC3C	PD-10-LPS	60.98
APOBEC3C	PD-11-Basal	83.18
APOBEC3C	PD-11-IFNb	125.38
APOBEC3C	PD-11-LPS	39.13
APOBEC3C	PD-2-Basal	76.05
APOBEC3C	PD-2-IFNb	132.58
APOBEC3C	PD-2-LPS	28.19
APOBEC3C	PD-3-Basal	47.92
APOBEC3C	PD-3-IFNb	142.09
APOBEC3C	PD-3-LPS	42.65
APOBEC3C	PD-4-Basal	59.17
APOBEC3C	PD-4-IFNb	125.93
APOBEC3C	PD-4-LPS	46.46
APOBEC3C	PD-5-Basal	58.43
APOBEC3C	PD-5-IFNb	121.2
APOBEC3C	PD-5-LPS	53.32
APOBEC3C	PD-6-Basal	65.92
APOBEC3C	PD-6-IFNb	107.39
APOBEC3C	PD-6-LPS	57.04
APOBEC3C	PD-7-Basal	46.93
APOBEC3C	PD-7-IFNb	126.12
APOBEC3C	PD-7-LPS	52.53
APOBEC3C	PD-8-Basal	37.27
APOBEC3C	PD-8-IFNb	104.06
APOBEC3C	PD-8-LPS	29.8
APOBEC3C	PD-9-Basal	97
APOBEC3C	PD-9-IFNb	136.18
APOBEC3C	PD-9-LPS	56.33
APOBEC3C	YC-1-Basal	74.61
APOBEC3C	YC-1-IFNb	143.01
APOBEC3C	YC-1-LPS	63.86
APOBEC3C	YC-10-Basal	102.53
APOBEC3C	YC-10-IFNb	170.29
APOBEC3C	YC-10-LPS	39.03
APOBEC3C	YC-11-Basal	58.98
APOBEC3C	YC-11-IFNb	153.77
APOBEC3C	YC-11-LPS	43.92
APOBEC3C	YC-2-Basal	59.07
APOBEC3C	YC-2-IFNb	123.11
APOBEC3C	YC-2-LPS	24.9
APOBEC3C	YC-3-Basal	75.28
APOBEC3C	YC-3-IFNb	167.06
APOBEC3C	YC-3-LPS	44.66
APOBEC3C	YC-4-Basal	55.06
APOBEC3C	YC-4-IFNb	135.64
APOBEC3C	YC-4-LPS	45.97
APOBEC3C	YC-5-Basal	61.6
APOBEC3C	YC-5-IFNb	102.42
APOBEC3C	YC-5-LPS	39.44
APOBEC3C	YC-6-Basal	72.99
APOBEC3C	YC-6-IFNb	123.27
APOBEC3C	YC-6-LPS	61.78
APOBEC3C	YC-7-Basal	56.69
APOBEC3C	YC-7-IFNb	125.37
APOBEC3C	YC-7-LPS	64.47
APOBEC3C	YC-8-Basal	40.66
APOBEC3C	YC-8-IFNb	79.15
APOBEC3C	YC-8-LPS	37.69
APOBEC3C	YC-9-Basal	78.17
APOBEC3C	YC-9-IFNb	134.88
APOBEC3C	YC-9-LPS	56.61
APOBEC3D	AD-1-Basal	0.71
APOBEC3D	AD-1-IFNb	2.85
APOBEC3D	AD-1-LPS	0.83
APOBEC3D	AD-10-Basal	3.56
APOBEC3D	AD-10-IFNb	7.21
APOBEC3D	AD-10-LPS	2.42
APOBEC3D	AD-11-Basal	1.94
APOBEC3D	AD-11-IFNb	7.82
APOBEC3D	AD-11-LPS	0.57
APOBEC3D	AD-2-Basal	0.7
APOBEC3D	AD-2-IFNb	2.95
APOBEC3D	AD-2-LPS	3.61
APOBEC3D	AD-3-Basal	2.34
APOBEC3D	AD-3-IFNb	6.65
APOBEC3D	AD-3-LPS	2.34
APOBEC3D	AD-4-Basal	1.42
APOBEC3D	AD-4-IFNb	7.82
APOBEC3D	AD-4-LPS	3.11
APOBEC3D	AD-5-Basal	1.82
APOBEC3D	AD-5-IFNb	7.82
APOBEC3D	AD-5-LPS	1.33
APOBEC3D	AD-6-Basal	0.89
APOBEC3D	AD-6-IFNb	4.43
APOBEC3D	AD-6-LPS	6.89
APOBEC3D	AD-7-Basal	1.85
APOBEC3D	AD-7-IFNb	4.56
APOBEC3D	AD-7-LPS	2.79
APOBEC3D	AD-8-Basal	2.96
APOBEC3D	AD-8-IFNb	13.15
APOBEC3D	AD-8-LPS	6.03
APOBEC3D	AD-9-Basal	0.45
APOBEC3D	AD-9-IFNb	2.17
APOBEC3D	AD-9-LPS	0.46
APOBEC3D	Control-1-Basal	0.47
APOBEC3D	Control-1-IFNb	2.69
APOBEC3D	Control-1-LPS	2.02
APOBEC3D	Control-10-Basal	1.38
APOBEC3D	Control-10-IFNb	2.73
APOBEC3D	Control-10-LPS	2.02
APOBEC3D	Control-11-Basal	1.59
APOBEC3D	Control-11-IFNb	3.27
APOBEC3D	Control-11-LPS	2.74
APOBEC3D	Control-2-Basal	2.1
APOBEC3D	Control-2-IFNb	12.66
APOBEC3D	Control-2-LPS	1.1
APOBEC3D	Control-3-Basal	1.45
APOBEC3D	Control-3-IFNb	3.5
APOBEC3D	Control-3-LPS	4.8
APOBEC3D	Control-4-Basal	1.33
APOBEC3D	Control-4-IFNb	12.38
APOBEC3D	Control-4-LPS	2.27
APOBEC3D	Control-5-Basal	1.1
APOBEC3D	Control-5-IFNb	3.48
APOBEC3D	Control-5-LPS	1.35
APOBEC3D	Control-6-Basal	0
APOBEC3D	Control-6-IFNb	6.84
APOBEC3D	Control-6-LPS	0.18
APOBEC3D	Control-7-Basal	1.84
APOBEC3D	Control-7-IFNb	7.74
APOBEC3D	Control-7-LPS	1.82
APOBEC3D	Control-8-Basal	0.74
APOBEC3D	Control-8-IFNb	6.01
APOBEC3D	Control-8-LPS	0.81
APOBEC3D	Control-9-Basal	2.72
APOBEC3D	Control-9-IFNb	4.43
APOBEC3D	Control-9-LPS	1.22
APOBEC3D	MCI-1-Basal	0.8
APOBEC3D	MCI-1-IFNb	7.67
APOBEC3D	MCI-1-LPS	1.02
APOBEC3D	MCI-10-Basal	3.96
APOBEC3D	MCI-10-IFNb	4.24
APOBEC3D	MCI-10-LPS	3.08
APOBEC3D	MCI-11-Basal	1.38
APOBEC3D	MCI-11-IFNb	7.52
APOBEC3D	MCI-11-LPS	1.54
APOBEC3D	MCI-2-Basal	1.78
APOBEC3D	MCI-2-IFNb	4.27
APOBEC3D	MCI-2-LPS	1.93
APOBEC3D	MCI-3-Basal	1.77
APOBEC3D	MCI-3-IFNb	4.31
APOBEC3D	MCI-3-LPS	2.98
APOBEC3D	MCI-4-Basal	0.39
APOBEC3D	MCI-4-IFNb	1.55
APOBEC3D	MCI-4-LPS	0.37
APOBEC3D	MCI-5-Basal	1.52
APOBEC3D	MCI-5-IFNb	8.03
APOBEC3D	MCI-5-LPS	1.69
APOBEC3D	MCI-6-Basal	2.04
APOBEC3D	MCI-6-IFNb	4.18
APOBEC3D	MCI-6-LPS	0.74
APOBEC3D	MCI-7-Basal	1.43
APOBEC3D	MCI-7-IFNb	5.48
APOBEC3D	MCI-7-LPS	0.5
APOBEC3D	MCI-8-Basal	4.99
APOBEC3D	MCI-8-IFNb	5.6
APOBEC3D	MCI-8-LPS	1.32
APOBEC3D	MCI-9-Basal	1.59
APOBEC3D	MCI-9-IFNb	7.21
APOBEC3D	MCI-9-LPS	1.02
APOBEC3D	PD-1-Basal	0.89
APOBEC3D	PD-1-IFNb	2.88
APOBEC3D	PD-1-LPS	0.72
APOBEC3D	PD-10-Basal	1.53
APOBEC3D	PD-10-IFNb	5.68
APOBEC3D	PD-10-LPS	2.6
APOBEC3D	PD-11-Basal	0
APOBEC3D	PD-11-IFNb	5.54
APOBEC3D	PD-11-LPS	1.59
APOBEC3D	PD-2-Basal	1.1
APOBEC3D	PD-2-IFNb	3.6
APOBEC3D	PD-2-LPS	0.6
APOBEC3D	PD-3-Basal	0.59
APOBEC3D	PD-3-IFNb	3.73
APOBEC3D	PD-3-LPS	1.09
APOBEC3D	PD-4-Basal	3.99
APOBEC3D	PD-4-IFNb	7.16
APOBEC3D	PD-4-LPS	2.22
APOBEC3D	PD-5-Basal	2.98
APOBEC3D	PD-5-IFNb	6.49
APOBEC3D	PD-5-LPS	1.82
APOBEC3D	PD-6-Basal	2.97
APOBEC3D	PD-6-IFNb	4.36
APOBEC3D	PD-6-LPS	2.49
APOBEC3D	PD-7-Basal	4.1
APOBEC3D	PD-7-IFNb	4.16
APOBEC3D	PD-7-LPS	2.35
APOBEC3D	PD-8-Basal	0.46
APOBEC3D	PD-8-IFNb	8.12
APOBEC3D	PD-8-LPS	0.47
APOBEC3D	PD-9-Basal	1.33
APOBEC3D	PD-9-IFNb	6.44
APOBEC3D	PD-9-LPS	0.64
APOBEC3D	YC-1-Basal	2.24
APOBEC3D	YC-1-IFNb	5.5
APOBEC3D	YC-1-LPS	0.62
APOBEC3D	YC-10-Basal	1.15
APOBEC3D	YC-10-IFNb	2.55
APOBEC3D	YC-10-LPS	0.93
APOBEC3D	YC-11-Basal	0.55
APOBEC3D	YC-11-IFNb	8.64
APOBEC3D	YC-11-LPS	1.61
APOBEC3D	YC-2-Basal	1.11
APOBEC3D	YC-2-IFNb	10.85
APOBEC3D	YC-2-LPS	0.54
APOBEC3D	YC-3-Basal	1.18
APOBEC3D	YC-3-IFNb	5.81
APOBEC3D	YC-3-LPS	1.67
APOBEC3D	YC-4-Basal	2.57
APOBEC3D	YC-4-IFNb	4.84
APOBEC3D	YC-4-LPS	2.12
APOBEC3D	YC-5-Basal	1.52
APOBEC3D	YC-5-IFNb	7.2
APOBEC3D	YC-5-LPS	2.02
APOBEC3D	YC-6-Basal	0.58
APOBEC3D	YC-6-IFNb	4.34
APOBEC3D	YC-6-LPS	1.05
APOBEC3D	YC-7-Basal	2.34
APOBEC3D	YC-7-IFNb	5.03
APOBEC3D	YC-7-LPS	2.23
APOBEC3D	YC-8-Basal	1.3
APOBEC3D	YC-8-IFNb	3.28
APOBEC3D	YC-8-LPS	0.41
APOBEC3D	YC-9-Basal	1.53
APOBEC3D	YC-9-IFNb	1.54
APOBEC3D	YC-9-LPS	0.93
APOBEC3F	AD-1-Basal	3.08
APOBEC3F	AD-1-IFNb	39.82
APOBEC3F	AD-1-LPS	1.83
APOBEC3F	AD-10-Basal	8.21
APOBEC3F	AD-10-IFNb	29.67
APOBEC3F	AD-10-LPS	13.14
APOBEC3F	AD-11-Basal	2.82
APOBEC3F	AD-11-IFNb	30.26
APOBEC3F	AD-11-LPS	10.32
APOBEC3F	AD-2-Basal	5.7
APOBEC3F	AD-2-IFNb	29.25
APOBEC3F	AD-2-LPS	9.1
APOBEC3F	AD-3-Basal	4.29
APOBEC3F	AD-3-IFNb	22.67
APOBEC3F	AD-3-LPS	10.61
APOBEC3F	AD-4-Basal	4.19
APOBEC3F	AD-4-IFNb	41.12
APOBEC3F	AD-4-LPS	4.94
APOBEC3F	AD-5-Basal	7.24
APOBEC3F	AD-5-IFNb	38.25
APOBEC3F	AD-5-LPS	5.72
APOBEC3F	AD-6-Basal	5.95
APOBEC3F	AD-6-IFNb	30.53
APOBEC3F	AD-6-LPS	9.79
APOBEC3F	AD-7-Basal	7.61
APOBEC3F	AD-7-IFNb	29.53
APOBEC3F	AD-7-LPS	17.57
APOBEC3F	AD-8-Basal	11.73
APOBEC3F	AD-8-IFNb	39.56
APOBEC3F	AD-8-LPS	18.91
APOBEC3F	AD-9-Basal	1.89
APOBEC3F	AD-9-IFNb	27.44
APOBEC3F	AD-9-LPS	11.11
APOBEC3F	Control-1-Basal	6.9
APOBEC3F	Control-1-IFNb	34.26
APOBEC3F	Control-1-LPS	7.05
APOBEC3F	Control-10-Basal	5.73
APOBEC3F	Control-10-IFNb	26.64
APOBEC3F	Control-10-LPS	7.04
APOBEC3F	Control-11-Basal	0.74
APOBEC3F	Control-11-IFNb	18.49
APOBEC3F	Control-11-LPS	2.71
APOBEC3F	Control-2-Basal	3.64
APOBEC3F	Control-2-IFNb	28.68
APOBEC3F	Control-2-LPS	4.55
APOBEC3F	Control-3-Basal	3.65
APOBEC3F	Control-3-IFNb	34.11
APOBEC3F	Control-3-LPS	6.05
APOBEC3F	Control-4-Basal	3.86
APOBEC3F	Control-4-IFNb	30.52
APOBEC3F	Control-4-LPS	6.91
APOBEC3F	Control-5-Basal	11.65
APOBEC3F	Control-5-IFNb	34.03
APOBEC3F	Control-5-LPS	17.43
APOBEC3F	Control-6-Basal	2.78
APOBEC3F	Control-6-IFNb	35.96
APOBEC3F	Control-6-LPS	6.55
APOBEC3F	Control-7-Basal	4.37
APOBEC3F	Control-7-IFNb	31.81
APOBEC3F	Control-7-LPS	16.58
APOBEC3F	Control-8-Basal	5.78
APOBEC3F	Control-8-IFNb	33.79
APOBEC3F	Control-8-LPS	4.71
APOBEC3F	Control-9-Basal	4.96
APOBEC3F	Control-9-IFNb	44.3
APOBEC3F	Control-9-LPS	9.76
APOBEC3F	MCI-1-Basal	4.12
APOBEC3F	MCI-1-IFNb	40.7
APOBEC3F	MCI-1-LPS	7.78
APOBEC3F	MCI-10-Basal	6.68
APOBEC3F	MCI-10-IFNb	36.91
APOBEC3F	MCI-10-LPS	11.42
APOBEC3F	MCI-11-Basal	7.32
APOBEC3F	MCI-11-IFNb	41.1
APOBEC3F	MCI-11-LPS	9.46
APOBEC3F	MCI-2-Basal	3.66
APOBEC3F	MCI-2-IFNb	43.48
APOBEC3F	MCI-2-LPS	6.48
APOBEC3F	MCI-3-Basal	7.24
APOBEC3F	MCI-3-IFNb	36.81
APOBEC3F	MCI-3-LPS	3.36
APOBEC3F	MCI-4-Basal	4.84
APOBEC3F	MCI-4-IFNb	31.5
APOBEC3F	MCI-4-LPS	5.15
APOBEC3F	MCI-5-Basal	3.79
APOBEC3F	MCI-5-IFNb	25.36
APOBEC3F	MCI-5-LPS	14.38
APOBEC3F	MCI-6-Basal	4.9
APOBEC3F	MCI-6-IFNb	33.08
APOBEC3F	MCI-6-LPS	8.32
APOBEC3F	MCI-7-Basal	4.32
APOBEC3F	MCI-7-IFNb	22.23
APOBEC3F	MCI-7-LPS	4.71
APOBEC3F	MCI-8-Basal	12.78
APOBEC3F	MCI-8-IFNb	30.54
APOBEC3F	MCI-8-LPS	20.16
APOBEC3F	MCI-9-Basal	4.08
APOBEC3F	MCI-9-IFNb	36.07
APOBEC3F	MCI-9-LPS	9.34
APOBEC3F	PD-1-Basal	3.03
APOBEC3F	PD-1-IFNb	33.52
APOBEC3F	PD-1-LPS	2.81
APOBEC3F	PD-10-Basal	5.63
APOBEC3F	PD-10-IFNb	31.01
APOBEC3F	PD-10-LPS	6.13
APOBEC3F	PD-11-Basal	3.61
APOBEC3F	PD-11-IFNb	46.48
APOBEC3F	PD-11-LPS	6.14
APOBEC3F	PD-2-Basal	9.4
APOBEC3F	PD-2-IFNb	48.67
APOBEC3F	PD-2-LPS	6.36
APOBEC3F	PD-3-Basal	8.57
APOBEC3F	PD-3-IFNb	69.33
APOBEC3F	PD-3-LPS	9.65
APOBEC3F	PD-4-Basal	3.97
APOBEC3F	PD-4-IFNb	43.05
APOBEC3F	PD-4-LPS	5.88
APOBEC3F	PD-5-Basal	3.43
APOBEC3F	PD-5-IFNb	29.31
APOBEC3F	PD-5-LPS	6.61
APOBEC3F	PD-6-Basal	5.24
APOBEC3F	PD-6-IFNb	34.89
APOBEC3F	PD-6-LPS	9.85
APOBEC3F	PD-7-Basal	10.12
APOBEC3F	PD-7-IFNb	39.82
APOBEC3F	PD-7-LPS	7.41
APOBEC3F	PD-8-Basal	5.6
APOBEC3F	PD-8-IFNb	38.04
APOBEC3F	PD-8-LPS	5.91
APOBEC3F	PD-9-Basal	3.72
APOBEC3F	PD-9-IFNb	36.8
APOBEC3F	PD-9-LPS	7.41
APOBEC3F	YC-1-Basal	5.26
APOBEC3F	YC-1-IFNb	30.83
APOBEC3F	YC-1-LPS	6.31
APOBEC3F	YC-10-Basal	3.37
APOBEC3F	YC-10-IFNb	35.6
APOBEC3F	YC-10-LPS	7.28
APOBEC3F	YC-11-Basal	4.33
APOBEC3F	YC-11-IFNb	37.35
APOBEC3F	YC-11-LPS	6.72
APOBEC3F	YC-2-Basal	3.56
APOBEC3F	YC-2-IFNb	29.12
APOBEC3F	YC-2-LPS	4.46
APOBEC3F	YC-3-Basal	4.03
APOBEC3F	YC-3-IFNb	35.74
APOBEC3F	YC-3-LPS	7.33
APOBEC3F	YC-4-Basal	12.22
APOBEC3F	YC-4-IFNb	44.43
APOBEC3F	YC-4-LPS	7.62
APOBEC3F	YC-5-Basal	5.8
APOBEC3F	YC-5-IFNb	28.54
APOBEC3F	YC-5-LPS	6.18
APOBEC3F	YC-6-Basal	10.77
APOBEC3F	YC-6-IFNb	49.23
APOBEC3F	YC-6-LPS	16.1
APOBEC3F	YC-7-Basal	6.19
APOBEC3F	YC-7-IFNb	50.36
APOBEC3F	YC-7-LPS	12.24
APOBEC3F	YC-8-Basal	4.37
APOBEC3F	YC-8-IFNb	34.05
APOBEC3F	YC-8-LPS	3.33
APOBEC3F	YC-9-Basal	9.87
APOBEC3F	YC-9-IFNb	40.2
APOBEC3F	YC-9-LPS	19.21
APOBEC3G	AD-1-Basal	29.1
APOBEC3G	AD-1-IFNb	168.84
APOBEC3G	AD-1-LPS	18.51
APOBEC3G	AD-10-Basal	53.75
APOBEC3G	AD-10-IFNb	270.28
APOBEC3G	AD-10-LPS	117.77
APOBEC3G	AD-11-Basal	37.04
APOBEC3G	AD-11-IFNb	303.49
APOBEC3G	AD-11-LPS	82.98
APOBEC3G	AD-2-Basal	59.05
APOBEC3G	AD-2-IFNb	356.57
APOBEC3G	AD-2-LPS	87.07
APOBEC3G	AD-3-Basal	63.37
APOBEC3G	AD-3-IFNb	332.92
APOBEC3G	AD-3-LPS	81.21
APOBEC3G	AD-4-Basal	44.59
APOBEC3G	AD-4-IFNb	353.48
APOBEC3G	AD-4-LPS	63.13
APOBEC3G	AD-5-Basal	50.93
APOBEC3G	AD-5-IFNb	325.12
APOBEC3G	AD-5-LPS	54.44
APOBEC3G	AD-6-Basal	61.51
APOBEC3G	AD-6-IFNb	331.74
APOBEC3G	AD-6-LPS	112.68
APOBEC3G	AD-7-Basal	72.56
APOBEC3G	AD-7-IFNb	307.86
APOBEC3G	AD-7-LPS	96.55
APOBEC3G	AD-8-Basal	117.67
APOBEC3G	AD-8-IFNb	455.01
APOBEC3G	AD-8-LPS	180.11
APOBEC3G	AD-9-Basal	33.27
APOBEC3G	AD-9-IFNb	176.08
APOBEC3G	AD-9-LPS	72.16
APOBEC3G	Control-1-Basal	31.34
APOBEC3G	Control-1-IFNb	180.45
APOBEC3G	Control-1-LPS	70.67
APOBEC3G	Control-10-Basal	41.68
APOBEC3G	Control-10-IFNb	214.75
APOBEC3G	Control-10-LPS	94.31
APOBEC3G	Control-11-Basal	43.53
APOBEC3G	Control-11-IFNb	236.74
APOBEC3G	Control-11-LPS	87.81
APOBEC3G	Control-2-Basal	38.19
APOBEC3G	Control-2-IFNb	356.37
APOBEC3G	Control-2-LPS	42.14
APOBEC3G	Control-3-Basal	38.81
APOBEC3G	Control-3-IFNb	303.98
APOBEC3G	Control-3-LPS	76.54
APOBEC3G	Control-4-Basal	35.03
APOBEC3G	Control-4-IFNb	357.73
APOBEC3G	Control-4-LPS	91.23
APOBEC3G	Control-5-Basal	63.11
APOBEC3G	Control-5-IFNb	294.41
APOBEC3G	Control-5-LPS	106.58
APOBEC3G	Control-6-Basal	35.59
APOBEC3G	Control-6-IFNb	340.81
APOBEC3G	Control-6-LPS	39.65
APOBEC3G	Control-7-Basal	49.2
APOBEC3G	Control-7-IFNb	370.8
APOBEC3G	Control-7-LPS	134.47
APOBEC3G	Control-8-Basal	59.01
APOBEC3G	Control-8-IFNb	332
APOBEC3G	Control-8-LPS	46.18
APOBEC3G	Control-9-Basal	29.26
APOBEC3G	Control-9-IFNb	275.03
APOBEC3G	Control-9-LPS	38.77
APOBEC3G	MCI-1-Basal	22.33
APOBEC3G	MCI-1-IFNb	194.6
APOBEC3G	MCI-1-LPS	34.2
APOBEC3G	MCI-10-Basal	58.5
APOBEC3G	MCI-10-IFNb	282.96
APOBEC3G	MCI-10-LPS	96.15
APOBEC3G	MCI-11-Basal	62.92
APOBEC3G	MCI-11-IFNb	345.59
APOBEC3G	MCI-11-LPS	71.84
APOBEC3G	MCI-2-Basal	47.04
APOBEC3G	MCI-2-IFNb	270.04
APOBEC3G	MCI-2-LPS	73.56
APOBEC3G	MCI-3-Basal	73.4
APOBEC3G	MCI-3-IFNb	338.45
APOBEC3G	MCI-3-LPS	76.44
APOBEC3G	MCI-4-Basal	41.91
APOBEC3G	MCI-4-IFNb	274.97
APOBEC3G	MCI-4-LPS	59.34
APOBEC3G	MCI-5-Basal	68.66
APOBEC3G	MCI-5-IFNb	275.78
APOBEC3G	MCI-5-LPS	106.68
APOBEC3G	MCI-6-Basal	58.15
APOBEC3G	MCI-6-IFNb	311.2
APOBEC3G	MCI-6-LPS	64.46
APOBEC3G	MCI-7-Basal	60.06
APOBEC3G	MCI-7-IFNb	347.19
APOBEC3G	MCI-7-LPS	72.81
APOBEC3G	MCI-8-Basal	138.52
APOBEC3G	MCI-8-IFNb	345.55
APOBEC3G	MCI-8-LPS	128
APOBEC3G	MCI-9-Basal	23.15
APOBEC3G	MCI-9-IFNb	240.08
APOBEC3G	MCI-9-LPS	63.13
APOBEC3G	PD-1-Basal	17.63
APOBEC3G	PD-1-IFNb	148.03
APOBEC3G	PD-1-LPS	19.85
APOBEC3G	PD-10-Basal	37.58
APOBEC3G	PD-10-IFNb	248.7
APOBEC3G	PD-10-LPS	61.83
APOBEC3G	PD-11-Basal	30.48
APOBEC3G	PD-11-IFNb	324.53
APOBEC3G	PD-11-LPS	41.52
APOBEC3G	PD-2-Basal	43.69
APOBEC3G	PD-2-IFNb	316.81
APOBEC3G	PD-2-LPS	48.78
APOBEC3G	PD-3-Basal	52.59
APOBEC3G	PD-3-IFNb	429.21
APOBEC3G	PD-3-LPS	84.15
APOBEC3G	PD-4-Basal	78.78
APOBEC3G	PD-4-IFNb	423.63
APOBEC3G	PD-4-LPS	94.47
APOBEC3G	PD-5-Basal	38.86
APOBEC3G	PD-5-IFNb	297.04
APOBEC3G	PD-5-LPS	66.7
APOBEC3G	PD-6-Basal	52.35
APOBEC3G	PD-6-IFNb	254.75
APOBEC3G	PD-6-LPS	77.56
APOBEC3G	PD-7-Basal	76.94
APOBEC3G	PD-7-IFNb	396.59
APOBEC3G	PD-7-LPS	108.98
APOBEC3G	PD-8-Basal	59.72
APOBEC3G	PD-8-IFNb	322.01
APOBEC3G	PD-8-LPS	57.27
APOBEC3G	PD-9-Basal	22.75
APOBEC3G	PD-9-IFNb	187.18
APOBEC3G	PD-9-LPS	38.65
APOBEC3G	YC-1-Basal	28.93
APOBEC3G	YC-1-IFNb	153.64
APOBEC3G	YC-1-LPS	46.09
APOBEC3G	YC-10-Basal	22.03
APOBEC3G	YC-10-IFNb	285.22
APOBEC3G	YC-10-LPS	71.32
APOBEC3G	YC-11-Basal	34.66
APOBEC3G	YC-11-IFNb	319.55
APOBEC3G	YC-11-LPS	73.92
APOBEC3G	YC-2-Basal	37.86
APOBEC3G	YC-2-IFNb	309.34
APOBEC3G	YC-2-LPS	27.53
APOBEC3G	YC-3-Basal	40.22
APOBEC3G	YC-3-IFNb	304.48
APOBEC3G	YC-3-LPS	92.51
APOBEC3G	YC-4-Basal	109.8
APOBEC3G	YC-4-IFNb	413.24
APOBEC3G	YC-4-LPS	125.08
APOBEC3G	YC-5-Basal	55.11
APOBEC3G	YC-5-IFNb	296.52
APOBEC3G	YC-5-LPS	69.48
APOBEC3G	YC-6-Basal	63.76
APOBEC3G	YC-6-IFNb	353.4
APOBEC3G	YC-6-LPS	100.53
APOBEC3G	YC-7-Basal	102.52
APOBEC3G	YC-7-IFNb	433.16
APOBEC3G	YC-7-LPS	111.93
APOBEC3G	YC-8-Basal	40.92
APOBEC3G	YC-8-IFNb	329.83
APOBEC3G	YC-8-LPS	52.35
APOBEC3G	YC-9-Basal	43.39
APOBEC3G	YC-9-IFNb	207.02
APOBEC3G	YC-9-LPS	86.3
APOBEC3H	AD-1-Basal	0.27
APOBEC3H	AD-1-IFNb	4.52
APOBEC3H	AD-1-LPS	1.25
APOBEC3H	AD-10-Basal	2.54
APOBEC3H	AD-10-IFNb	6.81
APOBEC3H	AD-10-LPS	5.8
APOBEC3H	AD-11-Basal	0.34
APOBEC3H	AD-11-IFNb	10.2
APOBEC3H	AD-11-LPS	0.65
APOBEC3H	AD-2-Basal	1.26
APOBEC3H	AD-2-IFNb	9.97
APOBEC3H	AD-2-LPS	0.78
APOBEC3H	AD-3-Basal	0.85
APOBEC3H	AD-3-IFNb	4.93
APOBEC3H	AD-3-LPS	0.22
APOBEC3H	AD-4-Basal	0
APOBEC3H	AD-4-IFNb	4.05
APOBEC3H	AD-4-LPS	0.68
APOBEC3H	AD-5-Basal	1.39
APOBEC3H	AD-5-IFNb	6.5
APOBEC3H	AD-5-LPS	0.79
APOBEC3H	AD-6-Basal	0.25
APOBEC3H	AD-6-IFNb	5.95
APOBEC3H	AD-6-LPS	1.83
APOBEC3H	AD-7-Basal	1.91
APOBEC3H	AD-7-IFNb	5.46
APOBEC3H	AD-7-LPS	1.5
APOBEC3H	AD-8-Basal	1.8
APOBEC3H	AD-8-IFNb	6.49
APOBEC3H	AD-8-LPS	2.33
APOBEC3H	AD-9-Basal	0.41
APOBEC3H	AD-9-IFNb	2.73
APOBEC3H	AD-9-LPS	0.72
APOBEC3H	Control-1-Basal	0.62
APOBEC3H	Control-1-IFNb	4.96
APOBEC3H	Control-1-LPS	6.11
APOBEC3H	Control-10-Basal	0.21
APOBEC3H	Control-10-IFNb	6.22
APOBEC3H	Control-10-LPS	3.97
APOBEC3H	Control-11-Basal	3.27
APOBEC3H	Control-11-IFNb	4.8
APOBEC3H	Control-11-LPS	3.86
APOBEC3H	Control-2-Basal	0.73
APOBEC3H	Control-2-IFNb	3.03
APOBEC3H	Control-2-LPS	0
APOBEC3H	Control-3-Basal	0.54
APOBEC3H	Control-3-IFNb	3.66
APOBEC3H	Control-3-LPS	4.32
APOBEC3H	Control-4-Basal	1.19
APOBEC3H	Control-4-IFNb	5.54
APOBEC3H	Control-4-LPS	1.85
APOBEC3H	Control-5-Basal	0.3
APOBEC3H	Control-5-IFNb	3.34
APOBEC3H	Control-5-LPS	0.2
APOBEC3H	Control-6-Basal	2.65
APOBEC3H	Control-6-IFNb	4.8
APOBEC3H	Control-6-LPS	1.48
APOBEC3H	Control-7-Basal	0.61
APOBEC3H	Control-7-IFNb	3.81
APOBEC3H	Control-7-LPS	1.19
APOBEC3H	Control-8-Basal	0.19
APOBEC3H	Control-8-IFNb	4.57
APOBEC3H	Control-8-LPS	0
APOBEC3H	Control-9-Basal	0
APOBEC3H	Control-9-IFNb	3.28
APOBEC3H	Control-9-LPS	1.33
APOBEC3H	MCI-1-Basal	0.7
APOBEC3H	MCI-1-IFNb	7.16
APOBEC3H	MCI-1-LPS	2.47
APOBEC3H	MCI-10-Basal	2.17
APOBEC3H	MCI-10-IFNb	3.98
APOBEC3H	MCI-10-LPS	4.53
APOBEC3H	MCI-11-Basal	1.53
APOBEC3H	MCI-11-IFNb	6.58
APOBEC3H	MCI-11-LPS	1.19
APOBEC3H	MCI-2-Basal	0.99
APOBEC3H	MCI-2-IFNb	4.29
APOBEC3H	MCI-2-LPS	0.62
APOBEC3H	MCI-3-Basal	0.68
APOBEC3H	MCI-3-IFNb	5.78
APOBEC3H	MCI-3-LPS	1.03
APOBEC3H	MCI-4-Basal	0
APOBEC3H	MCI-4-IFNb	1.94
APOBEC3H	MCI-4-LPS	0.35
APOBEC3H	MCI-5-Basal	1
APOBEC3H	MCI-5-IFNb	1.47
APOBEC3H	MCI-5-LPS	0.84
APOBEC3H	MCI-6-Basal	0
APOBEC3H	MCI-6-IFNb	4.24
APOBEC3H	MCI-6-LPS	0.44
APOBEC3H	MCI-7-Basal	0.16
APOBEC3H	MCI-7-IFNb	4.59
APOBEC3H	MCI-7-LPS	0
APOBEC3H	MCI-8-Basal	0.39
APOBEC3H	MCI-8-IFNb	2.39
APOBEC3H	MCI-8-LPS	0.21
APOBEC3H	MCI-9-Basal	2.36
APOBEC3H	MCI-9-IFNb	8.45
APOBEC3H	MCI-9-LPS	0.89
APOBEC3H	PD-1-Basal	0.53
APOBEC3H	PD-1-IFNb	2.68
APOBEC3H	PD-1-LPS	0
APOBEC3H	PD-10-Basal	1.99
APOBEC3H	PD-10-IFNb	7.8
APOBEC3H	PD-10-LPS	1.96
APOBEC3H	PD-11-Basal	1.41
APOBEC3H	PD-11-IFNb	4.59
APOBEC3H	PD-11-LPS	2.2
APOBEC3H	PD-2-Basal	1.08
APOBEC3H	PD-2-IFNb	3.25
APOBEC3H	PD-2-LPS	1.79
APOBEC3H	PD-3-Basal	0.85
APOBEC3H	PD-3-IFNb	7.14
APOBEC3H	PD-3-LPS	1.92
APOBEC3H	PD-4-Basal	3.48
APOBEC3H	PD-4-IFNb	6.28
APOBEC3H	PD-4-LPS	4.19
APOBEC3H	PD-5-Basal	0
APOBEC3H	PD-5-IFNb	3.82
APOBEC3H	PD-5-LPS	0.42
APOBEC3H	PD-6-Basal	1.36
APOBEC3H	PD-6-IFNb	2.59
APOBEC3H	PD-6-LPS	0.62
APOBEC3H	PD-7-Basal	2.76
APOBEC3H	PD-7-IFNb	4.23
APOBEC3H	PD-7-LPS	1.97
APOBEC3H	PD-8-Basal	0.13
APOBEC3H	PD-8-IFNb	2.84
APOBEC3H	PD-8-LPS	1.01
APOBEC3H	PD-9-Basal	1.41
APOBEC3H	PD-9-IFNb	6.02
APOBEC3H	PD-9-LPS	0.36
APOBEC3H	YC-1-Basal	3.35
APOBEC3H	YC-1-IFNb	5.53
APOBEC3H	YC-1-LPS	3.14
APOBEC3H	YC-10-Basal	0.71
APOBEC3H	YC-10-IFNb	5.24
APOBEC3H	YC-10-LPS	1.61
APOBEC3H	YC-11-Basal	0
APOBEC3H	YC-11-IFNb	5.17
APOBEC3H	YC-11-LPS	0.51
APOBEC3H	YC-2-Basal	0.74
APOBEC3H	YC-2-IFNb	6.19
APOBEC3H	YC-2-LPS	0.85
APOBEC3H	YC-3-Basal	0
APOBEC3H	YC-3-IFNb	3.6
APOBEC3H	YC-3-LPS	0
APOBEC3H	YC-4-Basal	1.44
APOBEC3H	YC-4-IFNb	4.8
APOBEC3H	YC-4-LPS	3.02
APOBEC3H	YC-5-Basal	0
APOBEC3H	YC-5-IFNb	3.3
APOBEC3H	YC-5-LPS	0.3
APOBEC3H	YC-6-Basal	0.72
APOBEC3H	YC-6-IFNb	4.52
APOBEC3H	YC-6-LPS	0.18
APOBEC3H	YC-7-Basal	1.28
APOBEC3H	YC-7-IFNb	7.57
APOBEC3H	YC-7-LPS	1.55
APOBEC3H	YC-8-Basal	1.15
APOBEC3H	YC-8-IFNb	5.1
APOBEC3H	YC-8-LPS	0.96
APOBEC3H	YC-9-Basal	0.55
APOBEC3H	YC-9-IFNb	5.86
APOBEC3H	YC-9-LPS	0.6
APOBEC3B-AS1	AD-1-Basal	0
APOBEC3B-AS1	AD-1-IFNb	0
APOBEC3B-AS1	AD-1-LPS	0
APOBEC3B-AS1	AD-10-Basal	0
APOBEC3B-AS1	AD-10-IFNb	0
APOBEC3B-AS1	AD-10-LPS	0
APOBEC3B-AS1	AD-11-Basal	0
APOBEC3B-AS1	AD-11-IFNb	0
APOBEC3B-AS1	AD-11-LPS	0
APOBEC3B-AS1	AD-2-Basal	0
APOBEC3B-AS1	AD-2-IFNb	0
APOBEC3B-AS1	AD-2-LPS	0
APOBEC3B-AS1	AD-3-Basal	0
APOBEC3B-AS1	AD-3-IFNb	0
APOBEC3B-AS1	AD-3-LPS	0
APOBEC3B-AS1	AD-4-Basal	0
APOBEC3B-AS1	AD-4-IFNb	0
APOBEC3B-AS1	AD-4-LPS	0
APOBEC3B-AS1	AD-5-Basal	0
APOBEC3B-AS1	AD-5-IFNb	0
APOBEC3B-AS1	AD-5-LPS	0
APOBEC3B-AS1	AD-6-Basal	0
APOBEC3B-AS1	AD-6-IFNb	0
APOBEC3B-AS1	AD-6-LPS	0
APOBEC3B-AS1	AD-7-Basal	0
APOBEC3B-AS1	AD-7-IFNb	0
APOBEC3B-AS1	AD-7-LPS	0
APOBEC3B-AS1	AD-8-Basal	0
APOBEC3B-AS1	AD-8-IFNb	0
APOBEC3B-AS1	AD-8-LPS	0
APOBEC3B-AS1	AD-9-Basal	0
APOBEC3B-AS1	AD-9-IFNb	2.24
APOBEC3B-AS1	AD-9-LPS	0.59
APOBEC3B-AS1	Control-1-Basal	0
APOBEC3B-AS1	Control-1-IFNb	0
APOBEC3B-AS1	Control-1-LPS	0
APOBEC3B-AS1	Control-10-Basal	0
APOBEC3B-AS1	Control-10-IFNb	0
APOBEC3B-AS1	Control-10-LPS	0
APOBEC3B-AS1	Control-11-Basal	0
APOBEC3B-AS1	Control-11-IFNb	1.25
APOBEC3B-AS1	Control-11-LPS	0
APOBEC3B-AS1	Control-2-Basal	0
APOBEC3B-AS1	Control-2-IFNb	0
APOBEC3B-AS1	Control-2-LPS	0
APOBEC3B-AS1	Control-3-Basal	0
APOBEC3B-AS1	Control-3-IFNb	0
APOBEC3B-AS1	Control-3-LPS	0
APOBEC3B-AS1	Control-4-Basal	0
APOBEC3B-AS1	Control-4-IFNb	0.35
APOBEC3B-AS1	Control-4-LPS	0
APOBEC3B-AS1	Control-5-Basal	0
APOBEC3B-AS1	Control-5-IFNb	0
APOBEC3B-AS1	Control-5-LPS	0
APOBEC3B-AS1	Control-6-Basal	0
APOBEC3B-AS1	Control-6-IFNb	0
APOBEC3B-AS1	Control-6-LPS	0
APOBEC3B-AS1	Control-7-Basal	0
APOBEC3B-AS1	Control-7-IFNb	0
APOBEC3B-AS1	Control-7-LPS	0.87
APOBEC3B-AS1	Control-8-Basal	0
APOBEC3B-AS1	Control-8-IFNb	0
APOBEC3B-AS1	Control-8-LPS	0
APOBEC3B-AS1	Control-9-Basal	0
APOBEC3B-AS1	Control-9-IFNb	0
APOBEC3B-AS1	Control-9-LPS	0
APOBEC3B-AS1	MCI-1-Basal	0
APOBEC3B-AS1	MCI-1-IFNb	0.41
APOBEC3B-AS1	MCI-1-LPS	0
APOBEC3B-AS1	MCI-10-Basal	0
APOBEC3B-AS1	MCI-10-IFNb	0
APOBEC3B-AS1	MCI-10-LPS	0
APOBEC3B-AS1	MCI-11-Basal	0
APOBEC3B-AS1	MCI-11-IFNb	0
APOBEC3B-AS1	MCI-11-LPS	0
APOBEC3B-AS1	MCI-2-Basal	0
APOBEC3B-AS1	MCI-2-IFNb	0
APOBEC3B-AS1	MCI-2-LPS	0
APOBEC3B-AS1	MCI-3-Basal	0
APOBEC3B-AS1	MCI-3-IFNb	0
APOBEC3B-AS1	MCI-3-LPS	0
APOBEC3B-AS1	MCI-4-Basal	0
APOBEC3B-AS1	MCI-4-IFNb	0
APOBEC3B-AS1	MCI-4-LPS	0
APOBEC3B-AS1	MCI-5-Basal	0
APOBEC3B-AS1	MCI-5-IFNb	0
APOBEC3B-AS1	MCI-5-LPS	0
APOBEC3B-AS1	MCI-6-Basal	0
APOBEC3B-AS1	MCI-6-IFNb	0
APOBEC3B-AS1	MCI-6-LPS	0
APOBEC3B-AS1	MCI-7-Basal	0
APOBEC3B-AS1	MCI-7-IFNb	0
APOBEC3B-AS1	MCI-7-LPS	0
APOBEC3B-AS1	MCI-8-Basal	0
APOBEC3B-AS1	MCI-8-IFNb	0.71
APOBEC3B-AS1	MCI-8-LPS	0
APOBEC3B-AS1	MCI-9-Basal	0
APOBEC3B-AS1	MCI-9-IFNb	2.83
APOBEC3B-AS1	MCI-9-LPS	0
APOBEC3B-AS1	PD-1-Basal	0
APOBEC3B-AS1	PD-1-IFNb	0
APOBEC3B-AS1	PD-1-LPS	0
APOBEC3B-AS1	PD-10-Basal	0
APOBEC3B-AS1	PD-10-IFNb	0
APOBEC3B-AS1	PD-10-LPS	0
APOBEC3B-AS1	PD-11-Basal	0
APOBEC3B-AS1	PD-11-IFNb	0
APOBEC3B-AS1	PD-11-LPS	0
APOBEC3B-AS1	PD-2-Basal	0
APOBEC3B-AS1	PD-2-IFNb	0
APOBEC3B-AS1	PD-2-LPS	0
APOBEC3B-AS1	PD-3-Basal	0
APOBEC3B-AS1	PD-3-IFNb	0
APOBEC3B-AS1	PD-3-LPS	0
APOBEC3B-AS1	PD-4-Basal	0
APOBEC3B-AS1	PD-4-IFNb	0
APOBEC3B-AS1	PD-4-LPS	0
APOBEC3B-AS1	PD-5-Basal	0
APOBEC3B-AS1	PD-5-IFNb	0
APOBEC3B-AS1	PD-5-LPS	0
APOBEC3B-AS1	PD-6-Basal	0
APOBEC3B-AS1	PD-6-IFNb	0.3
APOBEC3B-AS1	PD-6-LPS	0
APOBEC3B-AS1	PD-7-Basal	0
APOBEC3B-AS1	PD-7-IFNb	0
APOBEC3B-AS1	PD-7-LPS	0
APOBEC3B-AS1	PD-8-Basal	0
APOBEC3B-AS1	PD-8-IFNb	0.24
APOBEC3B-AS1	PD-8-LPS	0
APOBEC3B-AS1	PD-9-Basal	0
APOBEC3B-AS1	PD-9-IFNb	0
APOBEC3B-AS1	PD-9-LPS	0.31
APOBEC3B-AS1	YC-1-Basal	0
APOBEC3B-AS1	YC-1-IFNb	0
APOBEC3B-AS1	YC-1-LPS	0
APOBEC3B-AS1	YC-10-Basal	0
APOBEC3B-AS1	YC-10-IFNb	0.36
APOBEC3B-AS1	YC-10-LPS	0
APOBEC3B-AS1	YC-11-Basal	0
APOBEC3B-AS1	YC-11-IFNb	0.72
APOBEC3B-AS1	YC-11-LPS	0
APOBEC3B-AS1	YC-2-Basal	0
APOBEC3B-AS1	YC-2-IFNb	0
APOBEC3B-AS1	YC-2-LPS	0
APOBEC3B-AS1	YC-3-Basal	0
APOBEC3B-AS1	YC-3-IFNb	0
APOBEC3B-AS1	YC-3-LPS	0
APOBEC3B-AS1	YC-4-Basal	0
APOBEC3B-AS1	YC-4-IFNb	0
APOBEC3B-AS1	YC-4-LPS	0
APOBEC3B-AS1	YC-5-Basal	0
APOBEC3B-AS1	YC-5-IFNb	0
APOBEC3B-AS1	YC-5-LPS	0
APOBEC3B-AS1	YC-6-Basal	0
APOBEC3B-AS1	YC-6-IFNb	0
APOBEC3B-AS1	YC-6-LPS	0
APOBEC3B-AS1	YC-7-Basal	0
APOBEC3B-AS1	YC-7-IFNb	0
APOBEC3B-AS1	YC-7-LPS	0
APOBEC3B-AS1	YC-8-Basal	0
APOBEC3B-AS1	YC-8-IFNb	0
APOBEC3B-AS1	YC-8-LPS	0
APOBEC3B-AS1	YC-9-Basal	0
APOBEC3B-AS1	YC-9-IFNb	0
APOBEC3B-AS1	YC-9-LPS	0
