"0","M1_editing_type<-read_tsv(""/Users/hyominseo/Desktop/RAJ_RNA_Editing/Discovery/Jacusa/Processed_Editing_Type.tsv"")"
"0","editing_ag_condition<-M1_editing_type%>%dplyr::filter(grepl(""A:G"", Editing_Index))"
"0","editing_ct_condition<-M1_editing_type%>%dplyr::filter(grepl(""C:T"", Editing_Index))"
"0",""
"0",""
"0","M2_editing_type<-read_tsv(""/Users/hyominseo/Desktop/RAJ_RNA_Editing/Replication/Jacusa/Processed_Editing_Type.tsv"")"
"0","editing_ag_condition<-M2_editing_type%>%dplyr::filter(grepl(""A:G"", Editing_Index))"
"0","editing_ct_condition<-M2_editing_type%>%dplyr::filter(grepl(""C:T"", Editing_Index))"
"0",""
"0","micro_meta<-read_tsv(""/Users/hyominseo/Desktop/RAJ_RNA_Editing/Alternation/Metadata/Alternative_Metadata_All.tsv"")"
"0",""
"0","Micro_editing_type<-read_tsv(""/Users/hyominseo/Desktop/RAJ_RNA_Editing/Alternation/Jacusa/Processed_Editing_Type.tsv"")"
"0",""
"0","editing_ag_condition<-Micro_editing_type%>%dplyr::filter(grepl(""A:G"", Editing_Index))"
"0","editing_ct_condition<-Micro_editing_type%>%dplyr::filter(grepl(""C:T"", Editing_Index))"
"0",""
"0",""
"0",""
"0","make_editing_condition<-function(editing_type_in,tsv_name){"
"0","  #editing_type_in<-editing_ag_condition"
"0","  editing_condition<-editing_type_in%>% dplyr::select(-c(""Editing_Index"",""Mean""))#,""ESid""))"
"0","  editing_condition<-as.data.frame(t(editing_condition))"
"0","  colnames(editing_condition) <- editing_condition[1, ]"
"0","  editing_condition <- editing_condition[-1, ]"
"0","  editing_condition<-editing_condition %>%"
"0","    mutate_all(as.numeric)"
"0","  editing_condition<-editing_condition%>%rownames_to_column(""Sample"")"
"0","  "
"0","  micro_meta<-micro_meta%>%dplyr::select(c(Sample,Stimulation))"
"0","  editing_condition<-merge(micro_meta, editing_condition, by=""Sample"")"
"0","  "
"0","  #editing_condition$Stimulation <- str_split_fixed(editing_condition$Sample, ""-"", 3)[,3]"
"0","  #editing_condition<-editing_condition%>%dplyr::select(-c(""Sample""))"
"0","  #editing_condition$Mean <- rowMeans(editing_condition[, -which(names(editing_condition) == ""Stimulation|Sample"")])"
"0","  editing_condition$Mean <- rowMeans(editing_condition[, !(names(editing_condition) %in% c(""Stimulation"", ""Sample""))])"
"0","  #editing_condition$Stimulation<-gsub(""B"",""Basal"",editing_condition$Stimulation)"
"0","  #editing_condition$Sample <- str_trim(str_split_fixed(editing_condition$Sample, ""-"", 3)[,3])"
"0",""
"0","  #editing_condition$Sample <-  sub(""-(B|LPS|IFNg)$"", """", editing_condition$Sample)"
"0","  #editing_condition<-editing_condition%>%dplyr::select(c(Sample,Stimulation, Mean, everything(.)))"
"0","  editing_condition<-editing_condition%>%dplyr::select(c(Sample,Stimulation, Mean, everything(.)))"
"0","  #editing_condition<-as.data.frame(t(editing_condition))"
"0","  write_tsv(editing_condition,""Alternation/Jacusa/Processed_AG_Editing.tsv"")"
"0","}"
"0",""
"0","editing_ag_condition<-make_editing_condition(editing_ag_condition,""Discovery/Jacusa/Processed_AG_Editing.tsv"")"
"0","editing_ct_condition<-make_editing_condition(editing_ct_condition,""Discovery/Jacusa/Processed_CT_Editing.tsv"")"
"0",""
"0","editing_ag_condition<-make_editing_condition(editing_ag_condition,""Replication/Jacusa/Processed_AG_Editing.tsv"")"
"0","editing_ct_condition<-make_editing_condition(editing_ct_condition,""Replication/Jacusa/Processed_CT_Editing.tsv"")"
"1","[1m[33mError[39m in `dplyr::select()`:[22m
[33m![39m Can't subset columns that don't exist.
[31m✖[39m Column `Editing_Index` doesn't exist.
Backtrace:
[90m 1. [39m[1mglobal[22m make_editing_condition(editing_ct_condition, ""Replication/Jacusa/Processed_CT_Editing.tsv"")
[90m 4. [39m[1m[94mdplyr:::select.data.frame([39m[22m., -c(""Editing_Index"", ""Mean"")[1m[94m)[39m[22m
"
