ESid	Gene	Editing_Index	aa_change	novelty	Location	Mutation	Editing_Count
chr1:146156641:C:T	NOTCH2NLA	C:T	sig	novel	exonic	nonsynonymous SNV	1
chr1:23073309:C:T	KDM1A	C:T	sig	novel	exonic	nonsynonymous SNV	1
chr1:32964414:A:G	RNF19B	A:G	sig	novel	exonic	nonsynonymous SNV	1
chr1:39561754:C:T	PABPC4	C:T	sig	novel	exonic	nonsynonymous SNV	1
chr1:89010942:G:A	GBP3	C:T	sig	novel	exonic	nonsynonymous SNV	1
chr1:89010972:T:C	GBP3	A:G	sig	novel	exonic	nonsynonymous SNV	1
chr10:110583397:A:G	SMC3	A:G	sig	novel	exonic	nonsynonymous SNV	1
chr10:89383695:T:C	IFIT1B	A:G	sig	novel	exonic	nonsynonymous SNV	1
chr10:89383708:C:T	IFIT1B	C:T	sig	novel	exonic	nonsynonymous SNV	1
chr11:104998929:T:C	CASP5	A:G	sig	novel	exonic	nonsynonymous SNV	1
chr11:104998935:G:A	CASP5	C:T	sig	novel	exonic	nonsynonymous SNV	1
chr11:105000375:A:G	CASP5	A:G	sig	novel	exonic	nonsynonymous SNV	1
chr11:125080652:C:T	SLC37A2	C:T	sig	novel	exonic	nonsynonymous SNV	1
chr12:111516348:C:T	ATXN2	C:T	sig	novel	exonic	nonsynonymous SNV	1
chr12:7829933:G:A	SLC2A14	C:T	sig	novel	exonic	nonsynonymous SNV	1
chr13:52642712:A:G	HNRNPA1L2	A:G	sig	novel	exonic	nonsynonymous SNV	2
chr14:74716015:C:T	FCF1	C:T	sig	novel	exonic	nonsynonymous SNV	1
chr16:14667684:G:A	BFAR	C:T	sig	novel	exonic	nonsynonymous SNV	1
chr16:15084681:G:A	RRN3	C:T	sig	novel	exonic	nonsynonymous SNV	2
chr16:8915479:G:A	USP7	C:T	sig	novel	exonic	nonsynonymous SNV	1
chr17:61590637:A:G	NACA2	A:G	sig	novel	exonic	nonsynonymous SNV	2
chr19:18071289:A:G	IL12RB1	A:G	sig	known	exonic	nonsynonymous SNV	2
chr19:35166329:A:G	FXYD5	A:G	sig	novel	exonic	nonsynonymous SNV	2
chr19:48960918:A:G	BAX	A:G	sig	novel	exonic	nonsynonymous SNV	1
chr19:54336984:A:G	LILRA4	A:G	sig	novel	exonic	nonsynonymous SNV	3
chr19:54336985:T:C	LILRA4	A:G	sig	novel	exonic	nonsynonymous SNV	3
chr2:131484074:A:G	MZT2A	A:G	sig	novel	exonic	nonsynonymous SNV	1
chr2:97792880:C:T	TMEM131	C:T	sig	novel	exonic	nonsynonymous SNV	1
chr20:32434573:G:A	ASXL1	C:T	sig	novel	exonic	nonsynonymous SNV	1
chr20:37519170:A:G	BLCAP	A:G	sig	known	exonic	nonsynonymous SNV	1
chr21:36135313:G:A	CBR3	C:T	sig	novel	exonic	nonsynonymous SNV	1
chr22:31276967:T:C	LIMK2	A:G	sig	novel	exonic	nonsynonymous SNV	1
chr22:38989602:T:C	APOBEC3B	A:G	sig	novel	exonic	nonsynonymous SNV	1
chr22:38989603:G:A	APOBEC3B	C:T	sig	novel	exonic	nonsynonymous SNV	1
chr22:39052278:T:C	APOBEC3F	A:G	sig	novel	exonic	nonsynonymous SNV	1
chr22:42640024:C:T	ATP5MGL	C:T	sig	novel	exonic	nonsynonymous SNV	1
chr3:146455321:C:T	PLSCR2	C:T	sig	novel	exonic	nonsynonymous SNV	1
chr3:196728061:C:T	PIGX	C:T	sig	novel	exonic	nonsynonymous SNV	1
chr3:49360949:A:G	RHOA	A:G	sig	known	exonic	nonsynonymous SNV	3
chr4:681923:G:A	MYL5	C:T	sig	novel	exonic	nonsynonymous SNV	1
chr5:78984968:C:T	ARSB	C:T	sig	novel	exonic	nonsynonymous SNV	1
chr6:169715755:C:T	PHF10	C:T	sig	novel	exonic	nonsynonymous SNV	1
chr6:29725503:C:T	HLA-F	C:T	sig	novel	exonic	nonsynonymous SNV	2
chr6:29829489:G:A	HLA-G	C:T	sig	novel	exonic	nonsynonymous SNV	2
chr6:29829511:T:C	HLA-G	A:G	sig	known	exonic	nonsynonymous SNV	2
chr6:89338489:C:T	UBE2J1	C:T	sig	novel	exonic	nonsynonymous SNV	1
chr8:11809678:G:A	FDFT1	C:T	sig	novel	exonic	nonsynonymous SNV	1
