ESid	Gene.refGene	AAsub	original_aa_class	new_aa_class	aa_change	novelty	cohort	Gene	Editing_Index	Editing_Count	Editing_Cohort	Discovery_DES_LPS	Discovery_DES_LPS_logFC	Discovery_DES_IFN	Discovery_DES_IFN_logFC	Replication_DES_LPS	Replication_DES_LPS_logFC	Replication_DES_IFN	Replication_DES_IFN_logFC	Alternation_DES_LPS	Alternation_DES_LPS_logFC	Alternation_DES_IFN	Alternation_DES_IFN_logFC	Location	Mutation	known_a_i	rep_type	Discovery_DEG_LPS	Discovery_DEG_IFNb	Replication_DEG_LPS	Replication_DEG_IFNg	Alternation_DEG_LPS	Alternation_DEG_IFNg	GENEID	DuplicatedCount	CohortValues
chr1:120833748:C:T	NBPF26	R1061C	basic	polar uncharged	sig	novel	Discovery	NBPF26	C:T	3	Discovery, Alternation, Replication	Non_DE	NA	Non_DE	NA	Non_DE	NA	Non_DE	NA	Non_DE	NA	Non_DE	NA	exonic	nonsynonymous SNV	FALSE	None	FALSE	FALSE	UP	FALSE	FALSE	FALSE	ENSG00000273136.7	3	Discovery, Replication, Alternation
chr1:12847431:A:G	HNRNPCL1	T287A	polar uncharged	hydrophilic	sig	novel	Alternation	HNRNPCL1	A:G	1	Replication	0	NA	0	NA	0	NA	0	NA	Non_DE	NA	Non_DE	NA	exonic	nonsynonymous SNV	FALSE	None	NA	NA	FALSE	FALSE	FALSE	FALSE	ENSG00000179172.10	1	Alternation
chr1:143968975:A:G	FAM72C	Y60C	hydrophobic	polar uncharged	sig	novel	Alternation	FAM72C	A:G	1	Replication	0	NA	0	NA	0	NA	0	NA	Non_DE	NA	Non_DE	NA	exonic	nonsynonymous SNV	FALSE	None	FALSE	FALSE	FALSE	FALSE	FALSE	DOWN	ENSG00000263513.6	1	Alternation
chr1:144426379:C:T	NBPF15	T446I	polar uncharged	hydrophilic	sig	novel	Discovery	NBPF15	C:T	2	Discovery, Alternation	Non_DE	NA	Non_DE	NA	Non_DE	NA	Non_DE	NA	0	NA	0	NA	exonic	nonsynonymous SNV	FALSE	None	FALSE	FALSE	FALSE	FALSE	FALSE	FALSE	ENSG00000266338.6	3	Discovery, Replication, Alternation
chr1:146156641:C:T	NOTCH2NLA	T171I	polar uncharged	hydrophilic	sig	novel	Discovery	NOTCH2NLA	C:T	1	Discovery	Non_DE	NA	C:T_DE	0.0882706138136432	0	NA	0	NA	0	NA	0	NA	exonic	nonsynonymous SNV	FALSE	None	FALSE	FALSE	FALSE	FALSE	FALSE	FALSE	ENSG00000264343.6	2	Discovery, Replication
chr1:146991162:T:C	NBPF12	S1225P	polar uncharged	hydrophilic	sig	novel	Replication	NBPF12	T:C	2	Discovery, Replication	Non_DE	NA	Non_DE	NA	0	NA	0	NA	Non_DE	NA	Non_DE	NA	exonic	nonsynonymous SNV	FALSE	None	FALSE	FALSE	FALSE	FALSE	FALSE	FALSE	ENSG00000268043.7	3	Discovery, Replication, Alternation
chr1:151124262:A:G	GABPB2	S398G	polar uncharged	hydrophilic	sig	known	Replication	GABPB2	A:G	1	Alternation	0	NA	0	NA	Non_DE	NA	Non_DE	NA	0	NA	0	NA	exonic	nonsynonymous SNV	TRUE	Alu	FALSE	FALSE	FALSE	FALSE	FALSE	FALSE	ENSG00000143458.12	1	Replication
chr1:155765647:G:A	GON4L	A1276T	hydrophilic	polar uncharged	sig	novel	Discovery	GON4L	G:A	1	Discovery	Non_DE	NA	Non_DE	NA	0	NA	0	NA	0	NA	0	NA	exonic	nonsynonymous SNV	FALSE	None	FALSE	FALSE	FALSE	FALSE	FALSE	FALSE	ENSG00000116580.19	1	Discovery
chr1:183110571:G:A	LAMC1	G313E	hydrophilic	acidic	sig	novel	Alternation	LAMC1	G:A	1	Replication	0	NA	0	NA	0	NA	0	NA	Non_DE	NA	Non_DE	NA	exonic	nonsynonymous SNV	FALSE	None	FALSE	FALSE	UP	DOWN	FALSE	FALSE	ENSG00000135862.6	1	Alternation
chr1:219611110:C:T	ZC3H11B	T318I	polar uncharged	hydrophilic	sig	novel	Alternation	ZC3H11B	C:T	1	Replication	0	NA	0	NA	0	NA	0	NA	Non_DE	NA	Non_DE	NA	exonic	nonsynonymous SNV	FALSE	None	FALSE	DOWN	FALSE	FALSE	FALSE	UP	ENSG00000215817.7	1	Alternation
chr1:229521603:G:A	ABCB10	A647T	hydrophilic	polar uncharged	sig	novel	Discovery	ABCB10	G:A	1	Discovery	Non_DE	NA	Non_DE	NA	0	NA	0	NA	0	NA	0	NA	exonic	nonsynonymous SNV	FALSE	None	FALSE	FALSE	FALSE	FALSE	FALSE	FALSE	ENSG00000135776.5	1	Discovery
chr1:23073309:C:T	KDM1A	S529L	polar uncharged	hydrophilic	sig	novel	Replication	KDM1A	C:T	1	Discovery	Non_DE	NA	C:T_DE	0.312905957702776	0	NA	0	NA	0	NA	0	NA	exonic	nonsynonymous SNV	FALSE	None	FALSE	DOWN	FALSE	FALSE	FALSE	FALSE	ENSG00000004487.17	2	Discovery, Replication
chr1:32964414:A:G	RNF19B	E91G	acidic	hydrophilic	sig	novel	Replication	RNF19B	A:G	1	Alternation	0	NA	0	NA	A:G_DE	0.167552852156794	Non_DE	NA	0	NA	0	NA	exonic	nonsynonymous SNV	FALSE	Simple repeat	UP	UP	UP	UP	FALSE	UP	ENSG00000116514.17	1	Replication
chr1:39561754:C:T	PABPC4	H614Y	basic	hydrophobic	sig	novel	Replication	PABPC4	C:T	1	Discovery	Non_DE	NA	C:T_DE	0.321860640839477	0	NA	0	NA	0	NA	0	NA	exonic	nonsynonymous SNV	FALSE	None	FALSE	FALSE	DOWN	FALSE	FALSE	DOWN	ENSG00000090621.15	2	Discovery, Replication
chr1:89010942:G:A	GBP3	E308K	acidic	basic	sig	novel	Replication	GBP3	G:A	1	Discovery	Non_DE	NA	C:T_DE	0.121265392426066	0	NA	0	NA	0	NA	0	NA	exonic	nonsynonymous SNV	FALSE	None	FALSE	UP	UP	UP	FALSE	UP	ENSG00000117226.12	3	Discovery, Replication, Alternation
chr1:92074904:A:G	SETSIP	K180E	basic	acidic	sig	novel	Alternation	SETSIP	A:G	1	Replication	0	NA	0	NA	0	NA	0	NA	Non_DE	NA	Non_DE	NA	exonic	nonsynonymous SNV	FALSE	None	NA	NA	FALSE	FALSE	FALSE	FALSE	ENSG00000230667.6	1	Alternation
chr10:110583397:A:G	SMC3	Q273R	polar uncharged	basic	sig	novel	Replication	SMC3	A:G	1	Alternation	0	NA	0	NA	Non_DE	NA	A:G_DE	0.15301059036197	0	NA	0	NA	exonic	nonsynonymous SNV	FALSE	None	FALSE	FALSE	FALSE	FALSE	FALSE	FALSE	ENSG00000108055.10	1	Replication
chr10:133297336:A:G	TUBGCP2	N229D	polar uncharged	acidic	sig	known	Alternation	TUBGCP2	A:G	1	Replication	0	NA	0	NA	0	NA	0	NA	Non_DE	NA	Non_DE	NA	exonic	nonsynonymous SNV	TRUE	Alu	FALSE	DOWN	FALSE	FALSE	FALSE	FALSE	ENSG00000130640.15	2	Replication, Alternation
chr10:79512755:T:C	EIF5AL1	W36R	hydrophobic	basic	sig	novel	Discovery	EIF5AL1	T:C	2	Discovery, Replication	Non_DE	NA	Non_DE	NA	0	NA	0	NA	Non_DE	NA	Non_DE	NA	exonic	nonsynonymous SNV	FALSE	None	FALSE	FALSE	FALSE	FALSE	FALSE	FALSE	ENSG00000253626.4	2	Discovery, Alternation
chr10:89383695:T:C	IFIT1B	F128L	hydrophobic	hydrophilic	sig	novel	Discovery	IFIT1B	T:C	1	Discovery	Non_DE	NA	A:G_DE	0.630577070099144	0	NA	0	NA	0	NA	0	NA	exonic	nonsynonymous SNV	FALSE	None	FALSE	UP	UP	UP	FALSE	FALSE	ENSG00000204010.3	1	Discovery
chr11:104998929:T:C	CASP5	I209T	hydrophilic	polar uncharged	sig	novel	Discovery	CASP5	T:C	1	Discovery	A:G_DE	-0.0715140819162815	A:G_DE	0.109499251268023	0	NA	0	NA	0	NA	0	NA	exonic	nonsynonymous SNV	FALSE	None	UP	FALSE	UP	UP	UP	UP	ENSG00000137757.11	3	Discovery, Replication, Alternation
chr11:10508192:C:T	MTRNR2L8	S12L	polar uncharged	hydrophilic	sig	novel	Discovery	MTRNR2L8	C:T	3	Discovery, Alternation, Replication	Non_DE	NA	Non_DE	NA	Non_DE	NA	Non_DE	NA	Non_DE	NA	Non_DE	NA	exonic	nonsynonymous SNV	FALSE	None	FALSE	FALSE	FALSE	DOWN	FALSE	FALSE	ENSG00000255823.5	3	Discovery, Replication, Alternation
chr11:125080652:C:T	SLC37A2	S189F	polar uncharged	hydrophobic	sig	novel	Replication	SLC37A2	C:T	1	Discovery	C:T_DE	0.0147548936699854	C:T_DE	0.285217704813241	0	NA	0	NA	0	NA	0	NA	exonic	nonsynonymous SNV	FALSE	None	DOWN	FALSE	DOWN	FALSE	FALSE	FALSE	ENSG00000134955.12	2	Discovery, Replication
chr11:60334914:T:C	MS4A6E	S7P	polar uncharged	hydrophilic	sig	novel	Alternation	MS4A6E	T:C	1	Replication	0	NA	0	NA	0	NA	0	NA	Non_DE	NA	Non_DE	NA	exonic	nonsynonymous SNV	FALSE	None	FALSE	FALSE	FALSE	DOWN	FALSE	FALSE	ENSG00000166926.9	1	Alternation
chr12:111516348:C:T	ATXN2	S265L	polar uncharged	hydrophilic	sig	novel	Discovery	ATXN2	C:T	1	Discovery	Non_DE	NA	C:T_DE	0.306252307067037	0	NA	0	NA	0	NA	0	NA	exonic	nonsynonymous SNV	FALSE	None	FALSE	FALSE	FALSE	FALSE	FALSE	FALSE	ENSG00000204842.18	1	Discovery
chr12:132862363:A:G	CHFR	T156A	polar uncharged	hydrophilic	sig	known	Alternation	CHFR	A:G	1	Replication	0	NA	0	NA	0	NA	0	NA	Non_DE	NA	Non_DE	NA	exonic	nonsynonymous SNV	TRUE	Alu	FALSE	FALSE	FALSE	FALSE	FALSE	FALSE	ENSG00000072609.18	1	Alternation
chr12:7829933:G:A	SLC2A14	E30K	acidic	basic	sig	novel	Discovery	SLC2A14	G:A	1	Discovery	C:T_DE	0.463358706733114	C:T_DE	-0.107727215635829	0	NA	0	NA	0	NA	0	NA	exonic	nonsynonymous SNV	FALSE	None	FALSE	FALSE	FALSE	FALSE	FALSE	FALSE	ENSG00000173262.12	1	Discovery
chr12:9154695:G:A	PZP	G1232E	hydrophilic	acidic	sig	novel	Alternation	PZP	G:A	1	Replication	0	NA	0	NA	0	NA	0	NA	Non_DE	NA	Non_DE	NA	exonic	nonsynonymous SNV	FALSE	None	FALSE	FALSE	FALSE	FALSE	FALSE	UP	ENSG00000126838.10	1	Alternation
chr13:25096692:G:A	PABPC3	G165D	hydrophilic	acidic	sig	novel	Alternation	PABPC3	G:A	1	Replication	0	NA	0	NA	0	NA	0	NA	Non_DE	NA	Non_DE	NA	exonic	nonsynonymous SNV	FALSE	None	FALSE	FALSE	DOWN	FALSE	FALSE	FALSE	ENSG00000151846.9	1	Alternation
chr13:52642712:A:G	HNRNPA1L2	T74A	polar uncharged	hydrophilic	sig	novel	Alternation	HNRNPA1L2	A:G	2	Discovery, Replication	A:G_DE	-0.0936555607532885	A:G_DE	-0.102334242382143	0	NA	0	NA	Non_DE	NA	Non_DE	NA	exonic	nonsynonymous SNV	FALSE	None	FALSE	FALSE	FALSE	FALSE	FALSE	FALSE	ENSG00000139675.13	2	Discovery, Alternation
chr14:74716015:C:T	FCF1	L58F	hydrophilic	hydrophobic	sig	novel	Discovery	FCF1	C:T	1	Discovery	Non_DE	NA	C:T_DE	0.0387074833732478	0	NA	0	NA	0	NA	0	NA	exonic	nonsynonymous SNV	FALSE	None	FALSE	FALSE	FALSE	FALSE	FALSE	FALSE	ENSG00000119616.11	2	Discovery, Replication
chr15:34529070:G:A	GOLGA8B	R352Q	basic	polar uncharged	sig	novel	Alternation	GOLGA8B	G:A	1	Replication	0	NA	0	NA	0	NA	0	NA	Non_DE	NA	Non_DE	NA	exonic	nonsynonymous SNV	FALSE	None	FALSE	FALSE	FALSE	FALSE	FALSE	FALSE	ENSG00000215252.12	1	Alternation
chr15:64073001:G:A	CIAO2A	R138Q	basic	polar uncharged	sig	novel	Replication	CIAO2A	G:A	1	Alternation	0	NA	0	NA	Non_DE	NA	Non_DE	NA	0	NA	0	NA	exonic	nonsynonymous SNV	FALSE	None	FALSE	FALSE	DOWN	FALSE	FALSE	FALSE	ENSG00000166797.11	1	Replication
chr15:74035427:C:T	PML	R608C	basic	polar uncharged	sig	novel	Alternation	PML	C:T	1	Replication	0	NA	0	NA	0	NA	0	NA	Non_DE	NA	Non_DE	NA	exonic	nonsynonymous SNV	FALSE	None	FALSE	UP	UP	UP	FALSE	UP	ENSG00000140464.20	1	Alternation
chr16:14667684:G:A	BFAR	G279R	hydrophilic	basic	sig	novel	Replication	BFAR	G:A	1	Alternation	0	NA	0	NA	C:T_DE	-0.185972220133702	Non_DE	NA	0	NA	0	NA	exonic	nonsynonymous SNV	FALSE	None	FALSE	FALSE	FALSE	FALSE	FALSE	FALSE	ENSG00000103429.11	1	Replication
chr16:15084681:G:A	RRN3	C156Y	polar uncharged	hydrophobic	sig	novel	Alternation	RRN3	G:A	2	Discovery, Alternation	Non_DE	NA	C:T_DE	0.0958422057820024	C:T_DE	-0.142397703023974	C:T_DE	0.292326664247696	0	NA	0	NA	exonic	nonsynonymous SNV	FALSE	None	FALSE	FALSE	FALSE	FALSE	FALSE	FALSE	ENSG00000085721.13	3	Discovery, Replication, Alternation
chr16:18789061:A:G	RPS15A	E18G	acidic	hydrophilic	sig	novel	Replication	RPS15A	A:G	1	Alternation	0	NA	0	NA	Non_DE	NA	Non_DE	NA	0	NA	0	NA	exonic	nonsynonymous SNV	FALSE	None	FALSE	FALSE	DOWN	FALSE	FALSE	FALSE	ENSG00000134419.15	1	Replication
chr16:31297562:A:G	ITGAM	N469D	polar uncharged	acidic	sig	novel	Discovery	ITGAM	A:G	1	Discovery	Non_DE	NA	Non_DE	NA	0	NA	0	NA	0	NA	0	NA	exonic	nonsynonymous SNV	FALSE	None	FALSE	DOWN	FALSE	FALSE	DOWN	DOWN	ENSG00000169896.18	2	Discovery, Alternation
chr16:8915479:G:A	USP7	G302D	hydrophilic	acidic	sig	novel	Replication	USP7	G:A	1	Alternation	0	NA	0	NA	C:T_DE	0.0912615737859175	C:T_DE	0.114638891839043	0	NA	0	NA	exonic	nonsynonymous SNV	FALSE	None	FALSE	FALSE	FALSE	FALSE	FALSE	FALSE	ENSG00000187555.16	1	Replication
chr17:4960528:A:G	SPAG7	D58G	acidic	hydrophilic	sig	novel	Alternation	SPAG7	A:G	1	Replication	0	NA	0	NA	0	NA	0	NA	Non_DE	NA	Non_DE	NA	exonic	nonsynonymous SNV	FALSE	None	FALSE	FALSE	FALSE	FALSE	FALSE	FALSE	ENSG00000091640.8	1	Alternation
chr17:61590637:A:G	NACA2	K182E	basic	acidic	sig	novel	Discovery	NACA2	A:G	2	Discovery, Replication	Non_DE	NA	A:G_DE	-0.255462387825471	0	NA	0	NA	Non_DE	NA	Non_DE	NA	exonic	nonsynonymous SNV	FALSE	None	NA	NA	FALSE	FALSE	FALSE	FALSE	ENSG00000253506.3	2	Discovery, Alternation
chr17:75616532:C:T	MYO15B	P2047S	hydrophilic	polar uncharged	sig	novel	Replication	MYO15B	C:T	1	Alternation	0	NA	0	NA	Non_DE	NA	Non_DE	NA	0	NA	0	NA	exonic	nonsynonymous SNV	FALSE	None	FALSE	FALSE	FALSE	FALSE	FALSE	FALSE	ENSG00000266714.9	1	Replication
chr17:76479857:A:G	RHBDF2	K79E	basic	acidic	sig	novel	Discovery	RHBDF2	A:G	1	Discovery	Non_DE	NA	Non_DE	NA	0	NA	0	NA	0	NA	0	NA	exonic	nonsynonymous SNV	FALSE	None	UP	UP	UP	UP	FALSE	FALSE	ENSG00000129667.13	2	Discovery, Alternation
chr17:81720194:C:T	SLC25A10	R300C	basic	polar uncharged	sig	novel	Alternation	SLC25A10	C:T	1	Replication	0	NA	0	NA	0	NA	0	NA	Non_DE	NA	Non_DE	NA	exonic	nonsynonymous SNV	FALSE	None	DOWN	DOWN	DOWN	DOWN	FALSE	DOWN	ENSG00000183048.12	1	Alternation
chr19:18071289:A:G	IL12RB1	R356G	basic	hydrophilic	sig	known	Replication	IL12RB1	A:G	2	Discovery, Alternation	Non_DE	NA	A:G_DE	0.0545572360488628	Non_DE	NA	Non_DE	NA	0	NA	0	NA	exonic	nonsynonymous SNV	TRUE	Alu	FALSE	UP	UP	UP	FALSE	UP	ENSG00000096996.16	3	Discovery, Replication, Alternation
chr19:35166329:A:G	FXYD5	E164G	acidic	hydrophilic	sig	novel	Alternation	FXYD5	A:G	2	Discovery, Replication	Non_DE	NA	A:G_DE	-0.249352923019661	0	NA	0	NA	Non_DE	NA	A:G_DE	-0.514550264550265	exonic	nonsynonymous SNV	FALSE	None	FALSE	FALSE	DOWN	DOWN	FALSE	FALSE	ENSG00000089327.15	2	Discovery, Alternation
chr19:46649597:A:G	DACT3	R34G	basic	hydrophilic	sig	known	Alternation	DACT3	A:G	1	Replication	0	NA	0	NA	0	NA	0	NA	Non_DE	NA	Non_DE	NA	exonic	nonsynonymous SNV	TRUE	None	FALSE	FALSE	FALSE	DOWN	FALSE	FALSE	ENSG00000197380.11	1	Alternation
chr19:48960918:A:G	BAX	R82G	basic	hydrophilic	sig	novel	Alternation	BAX	A:G	1	Discovery	A:G_DE	-0.0718830681904663	A:G_DE	-0.070323333943842	0	NA	0	NA	0	NA	0	NA	exonic	nonsynonymous SNV	FALSE	None	FALSE	FALSE	FALSE	FALSE	FALSE	FALSE	ENSG00000087088.20	2	Discovery, Alternation
chr19:50360948:C:T	NAPSA	L221F	hydrophilic	hydrophobic	sig	novel	Alternation	NAPSA	C:T	1	Replication	0	NA	0	NA	0	NA	0	NA	Non_DE	NA	Non_DE	NA	exonic	nonsynonymous SNV	FALSE	None	FALSE	DOWN	DOWN	DOWN	FALSE	FALSE	ENSG00000131400.8	1	Alternation
chr19:54336984:A:G	LILRA4	Y371C	hydrophobic	polar uncharged	sig	novel	Alternation	LILRA4	A:G	3	Discovery, Alternation, Replication	A:G_DE	0.309574331698809	A:G_DE	0.244793562078345	A:G_DE	0.659584769087995	Non_DE	NA	Non_DE	NA	Non_DE	NA	exonic	nonsynonymous SNV	FALSE	None	FALSE	FALSE	UP	FALSE	FALSE	FALSE	ENSG00000239961.3	3	Discovery, Replication, Alternation
chr2:101004198:C:T	RPL31	R50W	basic	hydrophobic	sig	novel	Alternation	RPL31	C:T	1	Replication	0	NA	0	NA	0	NA	0	NA	Non_DE	NA	Non_DE	NA	exonic	nonsynonymous SNV	FALSE	None	FALSE	FALSE	FALSE	FALSE	FALSE	FALSE	ENSG00000071082.11	1	Alternation
chr2:131484074:A:G	MZT2A	Q155R	polar uncharged	basic	sig	novel	Discovery	MZT2A	A:G	1	Discovery	Non_DE	NA	A:G_DE	-0.0551581297100783	0	NA	0	NA	0	NA	0	NA	exonic	nonsynonymous SNV	FALSE	None	FALSE	FALSE	DOWN	DOWN	FALSE	FALSE	ENSG00000173272.16	2	Discovery, Alternation
chr2:200885271:A:G	PPIL3	S59G	polar uncharged	hydrophilic	sig	known	Discovery	PPIL3	A:G	1	Replication	0	NA	0	NA	0	NA	0	NA	Non_DE	NA	Non_DE	NA	exonic	nonsynonymous SNV	TRUE	Alu	FALSE	FALSE	FALSE	FALSE	FALSE	FALSE	ENSG00000240344.9	2	Discovery, Alternation
chr2:97792880:C:T	TMEM131	S1217L	polar uncharged	hydrophilic	sig	novel	Discovery	TMEM131	C:T	1	Discovery	Non_DE	NA	C:T_DE	0.67344107732561	0	NA	0	NA	0	NA	0	NA	exonic	nonsynonymous SNV	FALSE	None	FALSE	FALSE	FALSE	FALSE	FALSE	UP	ENSG00000075568.17	2	Discovery, Replication
chr20:32434573:G:A	ASXL1	A560T	hydrophilic	polar uncharged	sig	novel	Discovery	ASXL1	G:A	1	Discovery	Non_DE	NA	C:T_DE	-0.290737169326082	0	NA	0	NA	0	NA	0	NA	exonic	nonsynonymous SNV	FALSE	None	FALSE	FALSE	FALSE	FALSE	FALSE	FALSE	ENSG00000171456.20	1	Discovery
chr20:37519170:A:G	BLCAP	Y2C	hydrophobic	polar uncharged	sig	known	Alternation	BLCAP	A:G	1	Alternation	0	NA	0	NA	Non_DE	NA	A:G_DE	-0.0975408850991554	0	NA	0	NA	exonic	nonsynonymous SNV	TRUE	None	FALSE	FALSE	FALSE	FALSE	FALSE	FALSE	ENSG00000166619.15	3	Discovery, Replication, Alternation
chr20:40688424:C:T	MAFB	H143Y	basic	hydrophobic	sig	novel	Replication	MAFB	C:T	1	Discovery	Non_DE	NA	Non_DE	NA	0	NA	0	NA	0	NA	0	NA	exonic	nonsynonymous SNV	FALSE	Simple repeat	FALSE	FALSE	FALSE	FALSE	UP	FALSE	ENSG00000204103.4	2	Discovery, Replication
chr21:33576380:G:A	SON	A441T	hydrophilic	polar uncharged	sig	novel	Discovery	SON	G:A	3	Discovery, Alternation, Replication	Non_DE	NA	Non_DE	NA	Non_DE	NA	Non_DE	NA	Non_DE	NA	Non_DE	NA	exonic	nonsynonymous SNV	FALSE	None	FALSE	FALSE	FALSE	FALSE	FALSE	FALSE	ENSG00000159140.21	3	Discovery, Replication, Alternation
chr21:36135313:G:A	CBR3	A41T	hydrophilic	polar uncharged	sig	novel	Discovery	CBR3	G:A	1	Discovery	Non_DE	NA	C:T_DE	0.171455940391159	0	NA	0	NA	0	NA	0	NA	exonic	nonsynonymous SNV	FALSE	None	FALSE	FALSE	FALSE	UP	FALSE	UP	ENSG00000159231.6	1	Discovery
chr22:31276967:T:C	LIMK2	S630P	polar uncharged	hydrophilic	sig	novel	Discovery	LIMK2	T:C	1	Discovery	A:G_DE	-0.144996940985317	A:G_DE	-0.148338060289014	0	NA	0	NA	0	NA	0	NA	exonic	nonsynonymous SNV	FALSE	None	UP	FALSE	UP	UP	UP	UP	ENSG00000182541.18	2	Discovery, Alternation
chr22:38989602:T:C	APOBEC3B	C239R	polar uncharged	basic	sig	novel	Discovery	APOBEC3B	T:C	1	Discovery	A:G_DE	0.258864778065704	A:G_DE	0.773010483338885	0	NA	0	NA	0	NA	0	NA	exonic	nonsynonymous SNV	FALSE	None	UP	UP	UP	UP	FALSE	DOWN	ENSG00000179750.16	1	Discovery
chr22:39052278:T:C	APOBEC3F	W310R	hydrophobic	basic	sig	novel	Discovery	APOBEC3F	T:C	1	Discovery	A:G_DE	-0.0848272152681198	A:G_DE	-0.158361254666507	0	NA	0	NA	0	NA	0	NA	exonic	nonsynonymous SNV	FALSE	None	FALSE	UP	FALSE	UP	FALSE	UP	ENSG00000128394.17	1	Discovery
chr22:42640024:C:T	ATP5MGL	S84L	polar uncharged	hydrophilic	sig	novel	Discovery	ATP5MGL	C:T	1	Discovery	Non_DE	NA	C:T_DE	-0.215415224690169	0	NA	0	NA	0	NA	0	NA	exonic	nonsynonymous SNV	FALSE	None	FALSE	FALSE	FALSE	FALSE	FALSE	FALSE	ENSG00000249222.1	1	Discovery
chr3:146455321:C:T	PLSCR2	T149I	polar uncharged	hydrophilic	sig	novel	Discovery	PLSCR2	C:T	1	Discovery	Non_DE	NA	C:T_DE	0.693841649504998	0	NA	0	NA	0	NA	0	NA	exonic	nonsynonymous SNV	FALSE	None	FALSE	FALSE	UP	FALSE	NA	NA	ENSG00000163746.12	1	Discovery
chr3:196728061:C:T	PIGX	H153Y	basic	hydrophobic	sig	novel	Discovery	PIGX	C:T	1	Discovery	C:T_DE	0.0337172285990552	C:T_DE	0.351925035417908	0	NA	0	NA	0	NA	0	NA	exonic	nonsynonymous SNV	FALSE	None	FALSE	DOWN	FALSE	FALSE	FALSE	FALSE	ENSG00000163964.18	2	Discovery, Replication
chr3:40462023:A:G	RPL14	K147E	basic	acidic	sig	novel	Discovery	RPL14	A:G	2	Discovery, Alternation	Non_DE	NA	Non_DE	NA	Non_DE	NA	Non_DE	NA	0	NA	0	NA	exonic	nonsynonymous SNV	FALSE	None	FALSE	FALSE	DOWN	FALSE	FALSE	FALSE	ENSG00000188846.14	3	Discovery, Replication, Alternation
chr3:49360949:A:G	RHOA	R176G	basic	hydrophilic	sig	known	Discovery	RHOA	A:G	2	Discovery, Replication	Non_DE	NA	A:G_DE	0.107518178648569	Non_DE	NA	Non_DE	NA	Non_DE	NA	Non_DE	NA	exonic	nonsynonymous SNV	TRUE	Alu	FALSE	FALSE	FALSE	FALSE	FALSE	FALSE	ENSG00000067560.14	3	Discovery, Replication, Alternation
chr4:128012047:A:G	ABHD18	S27G	polar uncharged	hydrophilic	sig	known	Replication	ABHD18	A:G	1	Alternation	0	NA	0	NA	Non_DE	NA	Non_DE	NA	0	NA	0	NA	exonic	nonsynonymous SNV	TRUE	Alu	FALSE	FALSE	FALSE	FALSE	FALSE	FALSE	ENSG00000164074.16	1	Replication
chr4:681923:G:A	MYL5	D151N	acidic	polar uncharged	sig	novel	Replication	MYL5	G:A	1	Discovery	Non_DE	NA	C:T_DE	0.321283695756414	0	NA	0	NA	0	NA	0	NA	exonic	nonsynonymous SNV	FALSE	None	FALSE	FALSE	FALSE	FALSE	FALSE	FALSE	ENSG00000215375.6	2	Discovery, Replication
chr5:78984968:C:T	ARSB	S94L	polar uncharged	hydrophilic	sig	novel	Discovery	ARSB	C:T	1	Discovery	C:T_DE	0.0419687981512262	C:T_DE	0.514518119093611	0	NA	0	NA	0	NA	0	NA	exonic	nonsynonymous SNV	FALSE	None	FALSE	FALSE	FALSE	FALSE	FALSE	UP	ENSG00000113273.17	2	Discovery, Replication
chr5:80650052:C:T	MTRNR2L2	S12L	polar uncharged	hydrophilic	sig	novel	Replication	MTRNR2L2	C:T	3	Discovery, Alternation, Replication	Non_DE	NA	Non_DE	NA	Non_DE	NA	Non_DE	NA	Non_DE	NA	Non_DE	NA	exonic	nonsynonymous SNV	FALSE	Other	NA	NA	FALSE	FALSE	NA	NA	ENSG00000271043.2	3	Discovery, Replication, Alternation
chr6:169715755:C:T	PHF10	R216W	basic	hydrophobic	sig	novel	Replication	PHF10	C:T	1	Alternation	0	NA	0	NA	C:T_DE	-0.192582111556954	Non_DE	NA	0	NA	0	NA	exonic	nonsynonymous SNV	FALSE	None	FALSE	FALSE	FALSE	FALSE	FALSE	FALSE	ENSG00000130024.15	1	Replication
chr6:29725503:C:T	HLA-F	L223F	hydrophilic	hydrophobic	sig	novel	Discovery	HLA-F	C:T	2	Discovery, Replication	Non_DE	NA	Non_DE	NA	0	NA	0	NA	C:T_DE	-0.266981176888251	C:T_DE	-0.432167371698953	exonic	nonsynonymous SNV	FALSE	None	FALSE	UP	UP	UP	UP	UP	ENSG00000204642.14	3	Discovery, Replication, Alternation
chr6:29829489:G:A	HLA-G	G236S	hydrophilic	polar uncharged	sig	novel	Alternation	HLA-G	G:A	1	Discovery	Non_DE	NA	Non_DE	NA	0	NA	0	NA	Non_DE	NA	C:T_DE	0.472763347763348	exonic	nonsynonymous SNV	FALSE	None	FALSE	UP	FALSE	FALSE	FALSE	FALSE	ENSG00000204632.12	2	Discovery, Alternation
chr6:32830299:T:C	TAP2	S535P	polar uncharged	hydrophilic	sig	novel	Discovery	TAP2	T:C	1	Discovery	Non_DE	NA	Non_DE	NA	0	NA	0	NA	0	NA	0	NA	exonic	nonsynonymous SNV	FALSE	None	FALSE	UP	FALSE	UP	FALSE	UP	ENSG00000204267.16	2	Discovery, Replication
chr6:87260350:C:T	ZNF292	H2241Y	basic	hydrophobic	sig	novel	Discovery	ZNF292	C:T	1	Discovery	Non_DE	NA	Non_DE	NA	0	NA	0	NA	0	NA	0	NA	exonic	nonsynonymous SNV	FALSE	None	FALSE	FALSE	FALSE	FALSE	FALSE	FALSE	ENSG00000188994.13	2	Discovery, Replication
chr6:89338489:C:T	UBE2J1	H98Y	basic	hydrophobic	sig	novel	Replication	UBE2J1	C:T	1	Discovery	C:T_DE	0.0135915840845452	C:T_DE	0.368303203008312	0	NA	0	NA	0	NA	0	NA	exonic	nonsynonymous SNV	FALSE	None	FALSE	FALSE	UP	FALSE	FALSE	FALSE	ENSG00000198833.7	2	Discovery, Replication
chr7:10940039:G:A	NDUFA4	G7S	hydrophilic	polar uncharged	sig	novel	Alternation	NDUFA4	G:A	1	Replication	0	NA	0	NA	0	NA	0	NA	Non_DE	NA	Non_DE	NA	exonic	nonsynonymous SNV	FALSE	None	FALSE	FALSE	DOWN	FALSE	FALSE	FALSE	ENSG00000189043.10	1	Alternation
chr7:149724744:C:T	KRBA1	P375S	hydrophilic	polar uncharged	sig	novel	Alternation	KRBA1	C:T	1	Replication	0	NA	0	NA	0	NA	0	NA	Non_DE	NA	Non_DE	NA	exonic	nonsynonymous SNV	FALSE	None	FALSE	FALSE	FALSE	FALSE	FALSE	FALSE	ENSG00000133619.17	1	Alternation
chr7:150372314:G:A	REPIN1	G358E	hydrophilic	acidic	sig	novel	Alternation	REPIN1	G:A	1	Replication	0	NA	0	NA	0	NA	0	NA	Non_DE	NA	Non_DE	NA	exonic	nonsynonymous SNV	FALSE	None	FALSE	FALSE	DOWN	FALSE	FALSE	FALSE	ENSG00000214022.12	1	Alternation
chr7:39950949:A:G	CDK13	Q103R	polar uncharged	basic	sig	known	Discovery	CDK13	A:G	2	Discovery, Replication	Non_DE	NA	Non_DE	NA	0	NA	0	NA	Non_DE	NA	Non_DE	NA	exonic	nonsynonymous SNV	TRUE	Simple repeat	FALSE	FALSE	FALSE	FALSE	FALSE	FALSE	ENSG00000065883.16	2	Discovery, Alternation
chr7:56078974:A:G	SUMF2	T277A	polar uncharged	hydrophilic	sig	known	Alternation	SUMF2	A:G	1	Replication	0	NA	0	NA	0	NA	0	NA	Non_DE	NA	Non_DE	NA	exonic	nonsynonymous SNV	TRUE	Alu	FALSE	FALSE	DOWN	FALSE	FALSE	FALSE	ENSG00000129103.19	1	Alternation
chr8:11809678:G:A	FDFT1	C129Y	polar uncharged	hydrophobic	sig	novel	Replication	FDFT1	G:A	1	Alternation	0	NA	0	NA	Non_DE	NA	C:T_DE	0.110222501743792	0	NA	0	NA	exonic	nonsynonymous SNV	FALSE	None	FALSE	FALSE	FALSE	FALSE	FALSE	FALSE	ENSG00000079459.13	1	Replication
chr9:127451304:T:C	RPL12	F5S	hydrophobic	polar uncharged	sig	novel	Replication	RPL12	T:C	1	Alternation	0	NA	0	NA	Non_DE	NA	Non_DE	NA	0	NA	0	NA	exonic	nonsynonymous SNV	FALSE	None	FALSE	FALSE	DOWN	FALSE	FALSE	FALSE	ENSG00000197958.13	1	Replication
chr9:18081:C:T	WASHC1	P119S	hydrophilic	polar uncharged	sig	novel	Alternation	WASHC1	C:T	1	Replication	0	NA	0	NA	0	NA	0	NA	Non_DE	NA	Non_DE	NA	exonic	nonsynonymous SNV	FALSE	None	FALSE	FALSE	FALSE	FALSE	FALSE	FALSE	ENSG00000181404.17	1	Alternation
chr9:34179042:A:G	UBAP1	R10G	basic	hydrophilic	sig	novel	Discovery	UBAP1	A:G	1	Discovery	Non_DE	NA	Non_DE	NA	0	NA	0	NA	0	NA	0	NA	exonic	nonsynonymous SNV	FALSE	None	FALSE	FALSE	FALSE	FALSE	FALSE	FALSE	ENSG00000165006.14	1	Discovery
chr9:41132296:G:A	CBWD6	C338Y	polar uncharged	hydrophobic	sig	novel	Replication	CBWD6	G:A	1	Replication	0	NA	0	NA	0	NA	0	NA	Non_DE	NA	Non_DE	NA	exonic	nonsynonymous SNV	FALSE	None	FALSE	FALSE	FALSE	FALSE	FALSE	FALSE	ENSG00000215126.11	3	Discovery, Replication, Alternation
chr9:68266240:T:C	CBWD3	I179T	hydrophilic	polar uncharged	sig	novel	Alternation	CBWD3	T:C	1	Replication	0	NA	0	NA	0	NA	0	NA	Non_DE	NA	Non_DE	NA	exonic	nonsynonymous SNV	FALSE	None	FALSE	UP	FALSE	UP	FALSE	FALSE	ENSG00000196873.16	1	Alternation
chrX:121048582:A:G	GLUD2	R300G	basic	hydrophilic	sig	known	Alternation	GLUD2	A:G	2	Discovery, Replication	Non_DE	NA	Non_DE	NA	0	NA	0	NA	Non_DE	NA	Non_DE	NA	exonic	nonsynonymous SNV	TRUE	None	FALSE	FALSE	FALSE	FALSE	FALSE	FALSE	ENSG00000182890.5	2	Discovery, Alternation
chrX:77968921:T:C	PGAM4	C240R	polar uncharged	basic	sig	novel	Discovery	PGAM4	T:C	1	Discovery	Non_DE	NA	Non_DE	NA	0	NA	0	NA	0	NA	0	NA	exonic	nonsynonymous SNV	FALSE	None	FALSE	FALSE	FALSE	FALSE	FALSE	FALSE	ENSG00000226784.3	1	Discovery
