Gene	GENENAME	logFC	ESid	Editing_Index	Discovery_DES_IFN_logFC	Discovery_DEG_IFNb	Mutation	Location	DES_logFC
A1BG	A1BG	-1.2258236091937766	chr19:58349469:T:C	A:G	-0.181572226977779	DOWN	unknown	intronic	-0.181572226977779
ABCC3	ABCC3	-2.2659434358937327	chr17:50648689:A:G	A:G	-0.208127350611605	DOWN	unknown	intronic	-0.208127350611605
ABHD12	ABHD12	1.2732058813575535	chr20:25368167:T:C	A:G	-0.183555990581292	UP	unknown	intronic	-0.183555990581292
ABHD2	ABHD2	-2.4046951475115343	chr15:89201633:T:C	A:G	0.520753046947233	DOWN	unknown	UTR3	0.520753046947233
ABI1	ABI1	1.6292499460126424	chr10:26761217:A:G	A:G	0.13257771414641	UP	unknown	intronic	0.13257771414641
ACADVL	ACADVL	-1.1985868835407498	chr17:7224802:C:T	C:T	-0.285365187038202	DOWN	unknown	intronic	-0.285365187038202
ACBD6	ACBD6	-1.086007251867866	chr1:180436608:T:C	A:G	-0.453251603770571	DOWN	unknown	intronic	-0.453251603770571
ACOT9	ACOT9	2.627566530625153	chrX:23701829:A:G	A:G	0.528859666603963	UP	unknown	UTR3	0.528859666603963
ACP5	ACP5	-1.089622818536773	chr19:11577319:A:G	A:G	-0.371602274312325	DOWN	unknown	splicing	-0.371602274312325
ACSL1	ACSL1	1.6888479546880473	chr4:184781892:A:G	A:G	0.216578095736554	UP	unknown	intronic	0.216578095736554
ADA2	ADA2	1.1347983608617518	chr22:17189155:A:G	A:G	0.162758091732346	UP	unknown	intronic	0.162758091732346
ADAM19	ADAM19	4.4530022632757955	chr5:157478552:A:G	A:G	0.264232411399367	UP	unknown	UTR3	0.264232411399367
ADAMTSL4-AS1	ADAMTSL4-AS1	1.0342660217129762	chr1:150570877:A:G	A:G	0.0623323914092847	UP	unknown	ncRNA_intronic	0.0623323914092847
ADAP2	ADAP2	1.4037434438211762	chr17:30934762:A:G	A:G	0.163012105568271	UP	unknown	intronic	0.163012105568271
ADGRE1	ADGRE1	1.3215050980799543	chr19:6905090:A:G	A:G	0.221257077415959	UP	unknown	intronic	0.221257077415959
ADGRE4P	ADGRE4P	-3.764225322254984	chr19:6951218:A:G	A:G	-0.474249987041904	DOWN	unknown	downstream	-0.474249987041904
ADK	ADK	-3.1858531210688232	chr10:74315974:A:G	A:G	-0.215188727737458	DOWN	unknown	intronic	-0.215188727737458
ADPGK	ADPGK	1.2349433423179013	chr15:72779509:A:G	A:G	0.0519867687962258	UP	unknown	intronic	0.0519867687962258
AIF1	AIF1	-1.335951076507956	chr6:31616809:C:T	C:T	-0.284287172658256	DOWN	unknown	intronic	-0.284287172658256
AMPD2	AMPD2	-2.958768196239548	chr1:109628809:G:A	C:T	-0.296121123590405	DOWN	unknown	intronic	-0.296121123590405
ANKFY1	ANKFY1	1.310559575775671	chr17:4234651:A:G	A:G	0.125920338626743	UP	unknown	intronic	0.125920338626743
ANXA4	ANXA4	1.5182971723821748	chr2:69758438:A:G	A:G	0.216172706090591	UP	unknown	intronic	0.216172706090591
AP5B1	AP5B1	1.8586876294336625	chr11:65777096:A:G	A:G	0.0545505742390664	UP	unknown	UTR3	0.0545505742390664
APOBEC3B	APOBEC3B	5.053170434934919	chr22:38989603:G:A	C:T	0.782824820014192	UP	nonsynonymous SNV	exonic	0.782824820014192
APOBEC3C	APOBEC3C	1.4648520018040077	chr22:39019867:A:G	A:G	0.34362592200692	UP	unknown	UTR3	0.34362592200692
APOBEC3D	APOBEC3D	2.4862353392553067	chr22:39032849:A:G	A:G	0.218721503205178	UP	unknown	UTR3	0.218721503205178
APOBEC3F	APOBEC3F	3.1686101622209337	chr22:39051364:C:T	C:T	0.730525892188973	UP	unknown	intronic	0.730525892188973
APOBEC3G	APOBEC3G	3.14051372856933	chr22:39079447:A:G	A:G	0.212884047718358	UP	unknown	intronic	0.212884047718358
APOL1	APOL1	3.391548563138138	chr22:36266351:A:G	A:G	0.429762391700711	UP	unknown	UTR3	0.429762391700711
APOL3	APOL3	3.2829992275217403	chr22:36160125:A:G	A:G	0.150043583277796	UP	unknown	intronic	0.150043583277796
APOL6	APOL6	2.8086057133954596	chr22:35660551:A:G	A:G	0.122437318766609	UP	unknown	UTR3	0.122437318766609
ARHGEF19	ARHGEF19	1.0641473451890056	chr1:16215726:A:G	A:G	0.227393102882453	UP	unknown	upstream	0.227393102882453
ATF3	ATF3	3.7808752170994047	chr1:212590041:T:C	A:G	-0.244263849406053	UP	unknown	intronic	-0.244263849406053
B4GALT5	B4GALT5	1.9061582994563913	chr20:49710557:A:G	A:G	0.15566566429874	UP	unknown	intronic	0.15566566429874
BAG1	BAG1	1.6428769214265824	chr9:33262831:G:A	C:T	0.431748012656314	UP	unknown	splicing	0.431748012656314
BAZ1A	BAZ1A	1.5604973306994343	chr14:34790627:A:G	A:G	0.157952734595693	UP	unknown	intronic	0.157952734595693
BBS1	BBS1	-1.983463431300838	chr11:66520807:T:C	A:G	-0.106823902197383	DOWN	unknown	intronic	-0.106823902197383
BCAT1	BCAT1	-1.3549490267317836	chr12:24816887:A:G	A:G	0.0890749117467239	DOWN	unknown	UTR3	0.0890749117467239
BISPR	BISPR	1.9163830801411728	chr19:17414170:A:G	A:G	0.214841810330947	UP	unknown	ncRNA_intronic	0.214841810330947
BLVRA	BLVRA	1.9839338377544944	chr7:43792824:T:C	A:G	0.477505677291626	UP	unknown	intronic	0.477505677291626
BRCA2	BRCA2	2.377023672526097	chr13:32399063:A:G	A:G	0.276915174874262	UP	unknown	UTR3	0.276915174874262
BST1	BST1	-1.8081034113260903	chr4:15723455:A:G	A:G	-0.16193165647671	DOWN	unknown	intronic	-0.16193165647671
C17orf67	C17orf67	2.401486880037068	chr17:56825094:A:G	A:G	0.240393299758581	UP	unknown	UTR5	0.240393299758581
C4orf45	C4orf45	1.0996520714495814	chr4:159007577:T:C	A:G	0.300733251475621	UP	unknown	intronic	0.300733251475621
CACNA2D3	CACNA2D3	-1.990369306189927	chr3:54624404:T:C	A:G	0.855131793253711	DOWN	unknown	intronic	0.855131793253711
CAMK1D	CAMK1D	-2.1189844584317945	chr10:12826058:A:G	A:G	-0.19700131789622	DOWN	unknown	UTR3	-0.19700131789622
CASP10	CASP10	1.5297178592738918	chr2:201217945:A:G	A:G	0.226475371163132	UP	unknown	UTR3	0.226475371163132
CATSPERG	CATSPERG	1.422951168569062	chr19:38349316:A:G	A:G	0.0971656702493131	UP	unknown	intronic	0.0971656702493131
CBWD5	CBWD5	1.13988911965841	chr9:65733920:C:T	C:T	0.275273656503413	UP	unknown	UTR3	0.275273656503413
CCL24	CCL24	-4.982588838382373	chr7:75819103:A:G	A:G	-0.400750542586241	DOWN	unknown	intronic	-0.400750542586241
CCL3	CCL3	1.6067547425082778	chr17:36090143:A:G	A:G	-0.0182357739596845	UP	unknown	UTR5	-0.0182357739596845
CCL5	CCL5	2.1392517460582336	chr17:35878651:T:C	A:G	0.497196372404592	UP	unknown	intronic	0.497196372404592
CCNYL1	CCNYL1	1.2418936297319014	chr2:207754755:A:G	A:G	0.217238623991617	UP	unknown	UTR3	0.217238623991617
CCR2	CCR2	-3.710878288009473	chr3:46357953:T:C	A:G	0.473610576202427	DOWN	synonymous SNV	exonic	0.473610576202427
CD163L1	CD163L1	-2.108285819689789	chr12:7439518:A:G	A:G	-0.151825859828005	DOWN	unknown	intronic	-0.151825859828005
CD300LB	CD300LB	-2.667684757441915	chr17:74530942:A:G	A:G	-0.142909992710501	DOWN	unknown	intronic	-0.142909992710501
CD44	CD44	-1.2664939575973369	chr11:35210058:A:G	A:G	-0.0801931994718269	DOWN	unknown	intronic	-0.0801931994718269
CD47	CD47	1.5720267870069669	chr3:108047294:A:G	A:G	0.410172047622596	UP	unknown	splicing	0.410172047622596
CD68	CD68	1.139483141263461	chr17:7580884:T:C	A:G	-0.115426286360773	UP	unknown	intronic	-0.115426286360773
CD80	CD80	5.464722325903787	chr3:119532245:A:G	A:G	0.391473291027681	UP	unknown	intronic	0.391473291027681
CD83	CD83	1.88393406126546	chr6:14121360:A:G	A:G	0.16272699380911201	UP	unknown	intronic	0.16272699380911201
CD9	CD9	-3.3631014531251138	chr12:6225424:A:G	A:G	-0.855014739636232	DOWN	unknown	splicing	-0.855014739636232
CDK10	CDK10	-1.226035092621112	chr16:89687638:A:G	A:G	-0.277711029417958	DOWN	unknown	intronic	-0.277711029417958
CEMIP	CEMIP	4.605993148779431	chr15:80779365:G:A	C:T	0.1317401528414	UP	unknown	upstream	0.1317401528414
CENPN	CENPN	1.3765003387518562	chr16:81030929:A:G	A:G	0.206440415561962	UP	unknown	UTR3	0.206440415561962
CFB	CFB	6.066732888815106	chr6:31948514:T:C	A:G	0.499427196365892	UP	unknown	splicing	0.499427196365892
CFLAR	CFLAR	1.8389687453843568	chr2:201165371:A:G	A:G	0.135744794313261	UP	unknown	UTR3	0.135744794313261
CFLAR-AS1	CFLAR-AS1	1.321380437359789	chr2:201150081:T:C	A:G	0.23766472672399	UP	unknown	ncRNA_intronic	0.23766472672399
CGAS	CGAS	2.9082763636050992	chr6:73425036:A:G	A:G	0.160162897141555	UP	unknown	UTR3	0.160162897141555
CHI3L1	CHI3L1	-3.7674057206124454	chr1:203179758:A:G	A:G	-0.108921899351797	DOWN	unknown	intronic	-0.108921899351797
CLEC2D	CLEC2D	2.841711768395061	chr12:9688590:A:G	A:G	0.254651696547842	UP	unknown	intronic	0.254651696547842
CLEC5A	CLEC5A	-4.6744923135761525	chr7:141946976:A:G	A:G	-0.171605815242621	DOWN	unknown	upstream	-0.171605815242621
CLEC7A	CLEC7A	-1.0024522435337495	chr12:10118597:T:C	A:G	-0.197230539446888	DOWN	unknown	intronic	-0.197230539446888
COLGALT1	COLGALT1	-2.6571983476603473	chr19:17580685:A:G	A:G	-0.185841096564841	DOWN	unknown	intronic	-0.185841096564841
CPEB3	CPEB3	2.2930570942016875	chr10:92216484:A:G	A:G	-0.388965626528918	UP	unknown	intronic	-0.388965626528918
CR1L	CR1L	4.710767713403225	chr1:207652660:G:A	C:T	-0.460738628536909	UP	unknown	intronic	-0.460738628536909
CTSB	CTSB	1.2049695299904537	chr8:11856491:A:G	A:G	0.261637194644289	UP	unknown	intronic	0.261637194644289
CTSD	CTSD	1.429794744367304	chr11:1761474:T:C	A:G	-0.107092827339176	UP	unknown	intronic	-0.107092827339176
CX3CR1	CX3CR1	-1.5638240653195283	chr3:39265943:G:A	C:T	-0.129019804804612	DOWN	synonymous SNV	exonic	-0.129019804804612
CXCL11	CXCL11	8.151866168940078	chr4:76034817:G:A	C:T	0.62800119023018	UP	unknown	splicing	0.62800119023018
CXCR2	CXCR2	-2.2467097032911965	chr2:218135891:C:T	C:T	0.632211660201249	DOWN	unknown	UTR3	0.632211660201249
CYP2S1	CYP2S1	-1.3795695242062644	chr19:41193231:C:T	C:T	-0.0587852572775858	DOWN	unknown	UTR5	-0.0587852572775858
DCUN1D3	DCUN1D3	1.2369978953850584	chr16:20856196:A:G	A:G	0.163900815598384	UP	unknown	UTR3	0.163900815598384
DDX41	DDX41	-1.1101004947904225	chr5:177514842:T:C	A:G	-0.277171184892472	DOWN	unknown	intronic	-0.277171184892472
DDX58	DDX58	4.420868974840882	chr9:32456488:A:G	A:G	0.384858183804596	UP	unknown	UTR3	0.384858183804596
DESI1	DESI1	2.123227713428143	chr22:41599256:A:G	A:G	0.0746076394473621	UP	unknown	UTR3	0.0746076394473621
DNAJA1	DNAJA1	1.8386429952263383	chr9:33027881:A:G	A:G	0.150787691123788	UP	unknown	intronic	0.150787691123788
DPEP2	DPEP2	-2.54113357198792	chr16:67995771:A:G	A:G	-0.422128616566971	DOWN	unknown	intronic	-0.422128616566971
DPYD	DPYD	-1.2333703416630712	chr1:97546696:T:C	A:G	-0.4076812072661	DOWN	unknown	intronic	-0.4076812072661
DRAM1	DRAM1	1.5476371270307774	chr12:101901759:A:G	A:G	0.0512288049059758	UP	unknown	intronic	0.0512288049059758
DTX3L	DTX3L	2.530453112204265	chr3:122571376:A:G	A:G	0.213330280444505	UP	unknown	intronic	0.213330280444505
EDARADD	EDARADD	5.856467032813544	chr1:236484362:T:C	A:G	-0.68808846061293	UP	unknown	UTR3	-0.68808846061293
EEF2K	EEF2K	-2.8412661907441437	chr16:22285539:A:G	A:G	-0.216054704305306	DOWN	unknown	UTR3	-0.216054704305306
EIF2AK2	EIF2AK2	3.0110060219693806	chr2:37100891:A:G	A:G	0.322654185316957	UP	unknown	UTR3	0.322654185316957
ERO1A	ERO1A	1.268609972225292	chr14:52643014:A:G	A:G	0.37193761118137	UP	unknown	UTR3	0.37193761118137
FBXO6	FBXO6	2.909647876720282	chr1:11669202:A:G	A:G	0.0704190697836027	UP	unknown	intronic	0.0704190697836027
FCAR	FCAR	-1.9133264301530757	chr19:54891602:A:G	A:G	-0.220199896074868	DOWN	unknown	downstream	-0.220199896074868
FCGR2A	FCGR2A	-1.0947898904655071	chr1:161507385:A:G	A:G	0.127623354578581	DOWN	unknown	intronic	0.127623354578581
FCN1	FCN1	-1.0114498808635226	chr9:134911130:G:A	C:T	0.374368009170618	DOWN	unknown	intronic	0.374368009170618
FEM1C	FEM1C	1.571236555030734	chr5:115513124:T:C	A:G	-0.351130262271391	UP	unknown	downstream	-0.351130262271391
FNIP2	FNIP2	2.1995048249342144	chr4:158873400:A:G	A:G	0.12192900321928	UP	unknown	intronic	0.12192900321928
FPR3	FPR3	1.106403138313015	chr19:51815678:A:G	A:G	0.0595521713825075	UP	unknown	intronic	0.0595521713825075
FRS2	FRS2	1.1137763762872	chr12:69484274:T:C	A:G	-0.569663688388729	UP	unknown	intronic	-0.569663688388729
GALM	GALM	2.0586620498563932	chr2:38700187:A:G	A:G	0.454887298733299	UP	unknown	intronic	0.454887298733299
GAS2L3	GAS2L3	-1.2225198437147524	chr12:100627498:A:G	A:G	-0.0976017827570065	DOWN	unknown	UTR3	-0.0976017827570065
GBGT1	GBGT1	-1.3467998302039987	chr9:133159099:A:G	A:G	-0.162319113501994	DOWN	unknown	intronic	-0.162319113501994
GBP1	GBP1	4.942479632891166	chr1:89057388:A:G	A:G	0.426784458723582	UP	unknown	intronic	0.426784458723582
GBP1P1	GBP1P1	7.373085896625722	chr1:89420247:A:G	A:G	-0.195810792960917	UP	unknown	ncRNA_exonic	-0.195810792960917
GBP2	GBP2	2.37810134616378	chr1:89114014:T:C	A:G	0.352408501815423	UP	unknown	splicing	0.352408501815423
GBP3	GBP3	4.029361132029025	chr1:89020203:A:G	A:G	0.14493191620458	UP	unknown	UTR5	0.14493191620458
GBP4	GBP4	5.019206341542938	chr1:89183779:A:G	A:G	-0.251529616168833	UP	unknown	UTR3	-0.251529616168833
GIMAP7	GIMAP7	1.535534052495619	chr7:150514859:A:G	A:G	0.125230589696359	UP	unknown	upstream	0.125230589696359
GK5	GK5	-1.2325679954816025	chr3:142184753:A:G	A:G	-0.145824252376422	DOWN	unknown	intronic	-0.145824252376422
GLRX	GLRX	1.0853849430961282	chr5:95822666:C:T	C:T	0.384787516271642	UP	unknown	UTR5	0.384787516271642
GLS	GLS	1.1132575505530615	chr2:190934866:A:G	A:G	0.165685746943987	UP	unknown	UTR3	0.165685746943987
GMPR	GMPR	5.465159705709125	chr6:16255952:A:G	A:G	0.483212453010361	UP	unknown	intronic	0.483212453010361
GNB1L	GNB1L	-1.3173272828680227	chr22:19793014:T:C	A:G	-0.263023473194948	DOWN	unknown	intronic	-0.263023473194948
GNRHR2	GNRHR2	-1.451855012555276	chr1:145921979:T:C	A:G	-0.317452099493942	DOWN	unknown	ncRNA_intronic	-0.317452099493942
GPNMB	GPNMB	-1.1621909424767034	chr7:23275468:A:G	A:G	-0.655192769218213	DOWN	unknown	downstream	-0.655192769218213
GPR137B	GPR137B	1.3613016382425864	chr1:236144294:A:G	A:G	0.10334543014255	UP	unknown	intronic	0.10334543014255
GPR141	GPR141	1.7942050411774109	chr7:37742310:A:G	A:G	0.441423721399026	UP	unknown	UTR3	0.441423721399026
GPR155	GPR155	1.4886399053614163	chr2:174484824:A:G	A:G	0.292653759936921	UP	unknown	intronic	0.292653759936921
GPR157	GPR157	-1.5612688451034686	chr1:9101137:A:G	A:G	-0.297038990144867	DOWN	unknown	UTR3	-0.297038990144867
GSN	GSN	-2.8112443025239315	chr9:121216131:A:G	A:G	0.234523823727977	DOWN	unknown	intronic	0.234523823727977
GVINP1	GVINP1	1.743584919226581	chr11:6713977:A:G	A:G	0.212219529094992	UP	unknown	ncRNA_exonic	0.212219529094992
HAVCR2	HAVCR2	1.7109853419210077	chr5:157090237:A:G	A:G	0.269170755197167	UP	unknown	intronic	0.269170755197167
HCG4B	HCG4B	2.60330232382877	chr6:29928513:G:A	C:T	-0.110648806678352	UP	unknown	upstream	-0.110648806678352
HEATR3	HEATR3	-1.128592708494708	chr16:50105833:A:G	A:G	-0.25199738718935	DOWN	unknown	UTR3	-0.25199738718935
HERC2P3	HERC2P3	-1.0336835856980409	chr15:20462954:C:T	C:T	-0.232466210934127	DOWN	unknown	ncRNA_exonic	-0.232466210934127
HERC5	HERC5	4.548697536319463	chr4:88469266:C:T	C:T	0.589984180669119	UP	unknown	intronic	0.589984180669119
HERC6	HERC6	3.805131176374429	chr4:88400295:A:G	A:G	0.279005916964251	UP	unknown	intronic	0.279005916964251
HIP1	HIP1	-1.6948831135900675	chr7:75570268:T:C	A:G	-0.643845724681363	DOWN	unknown	intronic	-0.643845724681363
HLA-C	HLA-C	1.7912182647930814	chr6:31281256:A:G	A:G	-0.558401290862653	UP	unknown	upstream	-0.558401290862653
HLA-E	HLA-E	1.7283185853663954	chr6:30490230:G:A	C:T	0.072761023259212	UP	unknown	intronic	0.072761023259212
HLA-H	HLA-H	2.365282765188655	chr6:29896854:T:C	A:G	0.510902053488263	UP	unknown	downstream	0.510902053488263
HLA-L	HLA-L	1.361840925724186	chr6:30260395:A:G	A:G	0.211597598538375	UP	unknown	ncRNA_splicing	0.211597598538375
HMGN2P46	HMGN2P46	1.3322212983321908	chr15:45512919:A:G	A:G	0.0992170220166504	UP	unknown	ncRNA_intronic	0.0992170220166504
HPSE	HPSE	1.8136499898506144	chr4:83294820:A:G	A:G	0.219128777785351	UP	unknown	UTR3	0.219128777785351
IFI44	IFI44	4.192964987668845	chr1:78659498:A:G	A:G	0.0825552974291669	UP	unknown	intronic	0.0825552974291669
IFIT1B	IFIT1B	3.2413820453256608	chr10:89383708:C:T	C:T	0.754902690696992	UP	nonsynonymous SNV	exonic	0.754902690696992
IFIT2	IFIT2	6.0631352354679136	chr10:89301749:T:C	A:G	0.418298170153819	UP	unknown	upstream	0.418298170153819
IFIT3	IFIT3	5.475279650090708	chr10:89331598:A:G	A:G	0.16874340553734	UP	unknown	intronic	0.16874340553734
IFT88	IFT88	-1.228511143925809	chr13:20617337:C:T	C:T	0.217312221210241	DOWN	unknown	intronic	0.217312221210241
IL10RA	IL10RA	1.1170216771640802	chr11:117988505:G:A	C:T	0.0799376437125653	UP	unknown	intronic	0.0799376437125653
IL12RB1	IL12RB1	2.0364695957613552	chr19:18071296:A:G	A:G	0.0820379447901058	UP	synonymous SNV	exonic	0.0820379447901058
IL27	IL27	7.221528223744399	chr16:28499925:C:T	C:T	0.680742210734199	UP	unknown	intronic	0.680742210734199
IRF1	IRF1	2.451661315147536	chr5:132488031:G:A	C:T	0.121163461427	UP	unknown	intronic	0.121163461427
IRF2	IRF2	2.0767168926732316	chr4:184396934:A:G	A:G	0.247268150064331	UP	unknown	intronic	0.247268150064331
IRF7	IRF7	3.8275472545635782	chr11:614172:T:C	A:G	0.20004573835517	UP	unknown	splicing	0.20004573835517
ISG20	ISG20	6.25867916442349	chr15:88642890:A:G	A:G	0.701801128336183	UP	unknown	intronic	0.701801128336183
ITGAV	ITGAV	-1.1658184481108185	chr2:186628861:A:G	A:G	-0.268915785110111	DOWN	unknown	intronic	-0.268915785110111
ITGB2	ITGB2	-2.1987653304914714	chr21:44910787:A:G	A:G	-0.693137781358165	DOWN	unknown	splicing	-0.693137781358165
JAML	JAML	-3.836132934866631	chr11:118203365:A:G	A:G	-0.258218295946681	DOWN	unknown	intronic	-0.258218295946681
KBTBD2	KBTBD2	1.2618050737680564	chr7:32885155:A:G	A:G	0.112895115725567	UP	unknown	intronic	0.112895115725567
KDM1A	KDM1A	-1.087440912486758	chr1:23073309:C:T	C:T	0.312905957702776	DOWN	nonsynonymous SNV	exonic	0.312905957702776
KIFC3	KIFC3	-2.9493273272486205	chr16:57794507:A:G	A:G	-0.307797551020954	DOWN	unknown	intronic	-0.307797551020954
KLHL6	KLHL6	1.092709354157941	chr3:183490657:A:G	A:G	0.199482970010057	UP	unknown	UTR3	0.199482970010057
KRR1	KRR1	-1.5351440047647562	chr12:75496244:T:C	A:G	-0.199525517751343	DOWN	unknown	UTR3	-0.199525517751343
LAP3	LAP3	2.681103082541862	chr4:17592000:A:G	A:G	0.255483486961317	UP	unknown	intronic	0.255483486961317
LAT2	LAT2	-1.815693322538102	chr7:74217222:A:G	A:G	0.0920631521557392	DOWN	unknown	intronic	0.0920631521557392
LCP1	LCP1	-1.1674582986918762	chr13:46159693:T:C	A:G	-0.120273495538882	DOWN	unknown	intronic	-0.120273495538882
LCP2	LCP2	2.4754803595230865	chr5:170265151:A:G	A:G	0.137590001463225	UP	unknown	intronic	0.137590001463225
LGALS9	LGALS9	1.46744031886263	chr17:27640569:T:C	A:G	0.103517446045805	UP	unknown	intronic	0.103517446045805
LGMN	LGMN	1.0658148401229004	chr14:92705336:A:G	A:G	0.147127465838054	UP	unknown	intronic	0.147127465838054
LILRA1	LILRA1	-1.0372777853238953	chr19:54595727:C:T	C:T	0.184192282943604	DOWN	synonymous SNV	exonic	0.184192282943604
LILRA6	LILRA6	1.4133224657162435	chr19:54237247:A:G	A:G	0.294443601203363	UP	unknown	downstream	0.294443601203363
LILRB3	LILRB3	1.2470275683929073	chr19:54219765:C:T	C:T	0.0568966959539465	UP	unknown	intronic	0.0568966959539465
LIMK1	LIMK1	-1.4078315167275652	chr7:74110087:A:G	A:G	-0.130792062538397	DOWN	unknown	intronic	-0.130792062538397
LINC00847	LINC00847	1.0491938265497611	chr5:180835373:A:G	A:G	0.239668931946153	UP	unknown	ncRNA_exonic	0.239668931946153
LINC00937	LINC00937	-1.065589223323417	chr12:8384301:A:G	A:G	0.0575139820271993	DOWN	unknown	ncRNA_intronic	0.0575139820271993
LINC00963	LINC00963	-1.602612293358955	chr9:129506703:A:G	A:G	-0.358127322656267	DOWN	unknown	ncRNA_intronic	-0.358127322656267
LINC00987	LINC00987	1.3123908659126056	chr12:9240016:G:A	C:T	-0.427387986446792	UP	unknown	ncRNA_exonic	-0.427387986446792
LINGO3	LINGO3	-1.7672459217950447	chr19:2291978:T:C	A:G	-0.106359630729584	DOWN	unknown	intronic	-0.106359630729584
LIPT2	LIPT2	-1.6405795577884008	chr11:74482514:C:T	C:T	-0.367232147185404	DOWN	unknown	downstream	-0.367232147185404
LMBR1L	LMBR1L	1.223751222561194	chr12:49100555:G:A	C:T	0.0871307873814453	UP	unknown	splicing	0.0871307873814453
LRP10	LRP10	1.257486042431552	chr14:22875246:G:A	C:T	0.317320564903793	UP	unknown	splicing	0.317320564903793
LRP5L	LRP5L	-1.3219393820796197	chr22:25354239:A:G	A:G	-0.375897096743822	DOWN	unknown	intronic	-0.375897096743822
LTA4H	LTA4H	-3.809051263639515	chr12:96029054:G:A	C:T	-0.691967151853953	DOWN	unknown	splicing	-0.691967151853953
LYN	LYN	1.7161113848604057	chr8:55903869:A:G	A:G	0.226470316094923	UP	unknown	intronic	0.226470316094923
LYSMD2	LYSMD2	2.0623935020035433	chr15:51724789:G:A	C:T	0.628006839159929	UP	unknown	splicing	0.628006839159929
MAML2	MAML2	2.5020675373794568	chr11:96327930:A:G	A:G	0.137592544029401	UP	unknown	intronic	0.137592544029401
MAPKAP1	MAPKAP1	-1.129349960926135	chr9:125596734:T:C	A:G	-0.493121278506444	DOWN	unknown	intronic	-0.493121278506444
MAPKAPK5-AS1	MAPKAPK5-AS1	-1.0392291186064586	chr12:111841055:A:G	A:G	-0.105345262991099	DOWN	unknown	ncRNA_intronic	-0.105345262991099
MDM2	MDM2	1.2389085983563382	chr12:68843749:A:G	A:G	0.173276025667777	UP	unknown	UTR3	0.173276025667777
MED15	MED15	1.0279999854502768	chr22:20572663:A:G	A:G	0.361096752127734	UP	unknown	intronic	0.361096752127734
MEF2A	MEF2A	1.329597405689266	chr15:99694532:A:G	A:G	0.190976343341542	UP	unknown	intronic	0.190976343341542
METTL16	METTL16	-1.4259869438551749	chr17:2417357:A:G	A:G	-0.369309491282528	DOWN	unknown	UTR3	-0.369309491282528
MFNG	MFNG	-1.4147891625368605	chr22:37474681:T:C	A:G	-0.283534796918065	DOWN	unknown	intronic	-0.283534796918065
MGLL	MGLL	1.1095023233655184	chr3:127742410:A:G	A:G	0.151954267494623	UP	unknown	intronic	0.151954267494623
MMP9	MMP9	-2.9449712555936127	chr20:46011750:A:G	A:G	-0.278224154401609	DOWN	unknown	intronic	-0.278224154401609
MREG	MREG	-1.0027368887966377	chr2:215943585:A:G	A:G	0.205231313338952	DOWN	unknown	UTR3	0.205231313338952
MSR1	MSR1	4.094601707557203	chr8:16108193:A:G	A:G	0.386697469494843	UP	unknown	UTR3	0.386697469494843
MX1	MX1	4.696991522155295	chr21:41448551:A:G	A:G	0.407862011273349	UP	unknown	intronic	0.407862011273349
MYL6B	MYL6B	-1.5074325292333866	chr12:56155152:C:T	C:T	0.292136000053349	DOWN	synonymous SNV	exonic	0.292136000053349
NADK	NADK	1.9582169005058605	chr1:1772528:A:G	A:G	0.125001711601946	UP	unknown	intronic	0.125001711601946
NAMPT	NAMPT	1.4605936386113247	chr7:106253153:A:G	A:G	0.216606900753984	UP	unknown	splicing	0.216606900753984
NBN	NBN	2.4434568694129686	chr8:89935615:C:T	C:T	0.570443500779759	UP	unknown	intronic	0.570443500779759
NBPF7	NBPF7	4.815904096766532	chr1:119834312:A:G	A:G	0.571614149796369	UP	unknown	downstream	0.571614149796369
NBPF9	NBPF9	1.0419664083992168	chr1:149054720:A:G	A:G	0.239910158708358	UP	unknown	UTR3	0.239910158708358
NCF1	NCF1	2.074406603309715	chr7:74774007:A:G	A:G	0.246236363912374	UP	unknown	UTR5	0.246236363912374
NCF1B	NCF1B	2.0554208362385342	chr7:73233230:A:G	A:G	0.195105438534835	UP	unknown	ncRNA_intronic	0.195105438534835
NCF1C	NCF1C	2.221439581001257	chr7:75159355:A:G	A:G	0.226461176699198	UP	unknown	ncRNA_intronic	0.226461176699198
NCOA7	NCOA7	3.572197119925055	chr6:125928250:A:G	A:G	0.294167790773823	UP	unknown	intronic	0.294167790773823
NDUFB6	NDUFB6	-1.2374577680978958	chr9:32573165:C:T	C:T	-0.151205556460212	DOWN	unknown	UTR5	-0.151205556460212
NFAM1	NFAM1	-1.4467218287015016	chr22:42381180:A:G	A:G	-0.343047447796935	DOWN	unknown	UTR3	-0.343047447796935
NMRAL2P	NMRAL2P	2.2482998361738593	chr3:185984756:A:G	A:G	0.296733457003081	UP	unknown	downstream	0.296733457003081
NSUN3	NSUN3	1.3813427953552548	chr3:94076765:A:G	A:G	-0.359760891486915	UP	unknown	intronic	-0.359760891486915
NT5C2	NT5C2	1.495723369227349	chr10:103178050:A:G	A:G	0.198019741553797	UP	unknown	intronic	0.198019741553797
NT5C3A	NT5C3A	4.114961180337902	chr7:33024038:G:A	C:T	0.389108011405145	UP	unknown	splicing	0.389108011405145
OAS1	OAS1	4.281833336273943	chr12:112931716:A:G	A:G	0.244821178798869	UP	unknown	intronic	0.244821178798869
OAS3	OAS3	3.562744625161622	chr12:112943040:A:G	A:G	0.338287341980009	UP	unknown	intronic	0.338287341980009
OASL	OASL	5.321244115180288	chr12:121025662:A:G	A:G	0.55338811345612	UP	unknown	intronic	0.55338811345612
OIP5-AS1	OIP5-AS1	-1.5315117784216474	chr15:41305449:A:G	A:G	-0.34846040965831	DOWN	unknown	ncRNA_exonic	-0.34846040965831
OPHN1	OPHN1	-1.5800229031909752	chrX:68070925:A:G	A:G	-0.451095532968264	DOWN	unknown	intronic	-0.451095532968264
P2RX4	P2RX4	1.9564177173211137	chr12:121215774:A:G	A:G	0.132295544318575	UP	unknown	intronic	0.132295544318575
P2RX7	P2RX7	2.192828612051399	chr12:121193751:A:G	A:G	0.104768101030974	UP	unknown	downstream	0.104768101030974
PARL	PARL	-1.1268495184037213	chr3:183866044:A:G	A:G	-0.227483348132133	DOWN	unknown	intronic	-0.227483348132133
PARP12	PARP12	3.2533538162592857	chr7:140033091:A:G	A:G	0.288641052273053	UP	unknown	intronic	0.288641052273053
PARP14	PARP14	2.566562506899119	chr3:122702905:A:G	A:G	0.0973856209049505	UP	unknown	intronic	0.0973856209049505
PARP15	PARP15	4.28092508609302	chr3:122614909:A:G	A:G	0.316954791174586	UP	unknown	intronic	0.316954791174586
PARP9	PARP9	3.320469458319848	chr3:122549563:A:G	A:G	0.397843631504772	UP	unknown	intronic	0.397843631504772
PCCA	PCCA	-1.425741369561967	chr13:100150649:T:C	A:G	-0.330376716171465	DOWN	unknown	intronic	-0.330376716171465
PDE7A	PDE7A	2.4422210964220312	chr8:65730909:A:G	A:G	0.264638924349314	UP	unknown	intronic	0.264638924349314
PECAM1	PECAM1	-1.703329969596486	chr17:64322238:A:G	A:G	-0.483712041077693	DOWN	unknown	UTR3	-0.483712041077693
PHACTR4	PHACTR4	2.20998548038868	chr1:28499678:A:G	A:G	0.206030721587855	UP	unknown	UTR3	0.206030721587855
PI4K2B	PI4K2B	2.7884699546862404	chr4:25279905:A:G	A:G	0.319336873594031	UP	unknown	downstream	0.319336873594031
PID1	PID1	-5.498306278110603	chr2:229261141:A:G	A:G	-0.142094358612326	DOWN	unknown	intronic	-0.142094358612326
PIGX	PIGX	-1.7474180526507197	chr3:196728061:C:T	C:T	0.351925035417908	DOWN	nonsynonymous SNV	exonic	0.351925035417908
PIK3AP1	PIK3AP1	1.2084918858752538	chr10:96709541:A:G	A:G	0.259876652421693	UP	unknown	intronic	0.259876652421693
PILRA	PILRA	1.4969512059112131	chr7:100386072:A:G	A:G	0.147198265424444	UP	unknown	intronic	0.147198265424444
PINK1-AS	PINK1-AS	-1.0622392753880112	chr1:20649499:A:G	A:G	-0.299815903395439	DOWN	unknown	ncRNA_exonic	-0.299815903395439
PLA2G4C	PLA2G4C	1.5629960241524024	chr19:48097111:A:G	A:G	0.217234978070539	UP	unknown	intronic	0.217234978070539
PLA2G7	PLA2G7	1.1058248956372023	chr6:46728344:A:G	A:G	0.104319117567293	UP	unknown	intronic	0.104319117567293
PLAC8	PLAC8	3.6968505036847463	chr4:83087642:T:C	A:G	0.300782304829488	UP	unknown	downstream	0.300782304829488
PLEK	PLEK	1.1964510792917264	chr2:68394178:T:C	A:G	0.107445048577537	UP	unknown	splicing	0.107445048577537
PLEKHA2	PLEKHA2	1.0536407919785165	chr8:38972320:A:G	A:G	0.280836963764687	UP	unknown	UTR3	0.280836963764687
PLIN2	PLIN2	-1.1394939798049195	chr9:19125559:A:G	A:G	0.10667020173733	DOWN	unknown	intronic	0.10667020173733
PLSCR1	PLSCR1	2.869426342123295	chr3:146519255:A:G	A:G	0.326444692450983	UP	unknown	intronic	0.326444692450983
PML	PML	3.599983024111544	chr15:74027453:A:G	A:G	0.274516081437722	UP	unknown	intronic	0.274516081437722
PNPT1	PNPT1	2.810115834219064	chr2:55693846:G:A	C:T	0.348357699815841	UP	unknown	upstream	0.348357699815841
POU2F2	POU2F2	-1.4901622979655238	chr19:42097638:A:G	A:G	-0.295123618248359	DOWN	unknown	intronic	-0.295123618248359
PPT1	PPT1	-1.2671593462404456	chr1:40091326:A:G	A:G	-0.719296083095219	DOWN	unknown	intronic	-0.719296083095219
PRAM1	PRAM1	-3.0529922811619525	chr19:8492831:A:G	A:G	-0.398781678745138	DOWN	unknown	intronic	-0.398781678745138
PRKAR2A	PRKAR2A	-1.4349682721300048	chr3:48750251:A:G	A:G	-0.457270027163179	DOWN	unknown	UTR3	-0.457270027163179
PSMA5	PSMA5	1.170656727346504	chr1:109409792:A:G	A:G	0.108259800419268	UP	unknown	intronic	0.108259800419268
PSMB8	PSMB8	1.2626228209680903	chr6:32844021:A:G	A:G	0.100245005788399	UP	unknown	UTR5	0.100245005788399
PSMB9	PSMB9	2.3938968355838472	chr6:32858137:G:A	C:T	0.112837161388055	UP	unknown	intronic	0.112837161388055
PSPH	PSPH	-1.1054455887262369	chr7:56011710:T:C	A:G	-0.104677248366793	DOWN	unknown	UTR3	-0.104677248366793
PVR	PVR	-1.24855382062076	chr19:44665513:A:G	A:G	-0.517199475689123	DOWN	unknown	UTR3	-0.517199475689123
RAB11FIP4	RAB11FIP4	-1.2042582559678232	chr17:31534452:A:G	A:G	-0.26379561843746	DOWN	unknown	UTR3	-0.26379561843746
RAB39A	RAB39A	2.573840027178671	chr11:107967317:A:G	A:G	0.124164591773052	UP	unknown	downstream	0.124164591773052
RABGAP1L	RABGAP1L	2.8373670344846156	chr1:174904701:A:G	A:G	0.317410135714019	UP	unknown	intronic	0.317410135714019
RASGEF1B	RASGEF1B	2.2361778240159973	chr4:81452522:A:G	A:G	0.100442601360242	UP	unknown	intronic	0.100442601360242
RASSF2	RASSF2	-2.4568946515921137	chr20:4794702:A:G	A:G	-0.19244517416753	DOWN	unknown	intronic	-0.19244517416753
RBCK1	RBCK1	2.004028638168593	chr20:428600:G:A	C:T	0.16649607080074	UP	unknown	intronic	0.16649607080074
RBMXL1	RBMXL1	1.0379221714681366	chr1:88982037:C:T	C:T	-0.112534134742432	UP	unknown	UTR3	-0.112534134742432
RELB	RELB	1.291243191955335	chr19:45012534:A:G	A:G	0.0834116781033008	UP	unknown	intronic	0.0834116781033008
RGL1	RGL1	2.1479002894419743	chr1:183902607:A:G	A:G	0.356121566273465	UP	unknown	intronic	0.356121566273465
RHBDD2	RHBDD2	-1.547272635702272	chr7:75883398:A:G	A:G	-0.358877605609295	DOWN	unknown	intronic	-0.358877605609295
RHBDF2	RHBDF2	1.4332512140661529	chr17:76489462:A:G	A:G	0.0820587515903696	UP	unknown	intronic	0.0820587515903696
RIN2	RIN2	2.4357588311544407	chr20:19941859:A:G	A:G	0.118059322889024	UP	unknown	intronic	0.118059322889024
RIPK2	RIPK2	2.905623806643319	chr8:89780074:G:A	C:T	0.220981514080976	UP	unknown	splicing	0.220981514080976
RIPOR2	RIPOR2	1.9580578958618708	chr6:24977069:G:A	C:T	-0.293591226993419	UP	unknown	intronic	-0.293591226993419
RNF114	RNF114	1.8877325833872445	chr20:49943935:A:G	A:G	0.154049555777987	UP	unknown	intronic	0.154049555777987
RNF125	RNF125	-2.5280976907383756	chr18:32068979:A:G	A:G	-0.257011405347908	DOWN	unknown	UTR3	-0.257011405347908
RNF149	RNF149	1.2753468279298694	chr2:101288971:T:C	A:G	0.0791366744550436	UP	unknown	splicing	0.0791366744550436
RNF34	RNF34	1.29222151829485	chr12:121418822:A:G	A:G	0.166046372394021	UP	unknown	intronic	0.166046372394021
RPL3	RPL3	-1.0819926394479915	chr22:39313632:T:C	A:G	-0.162240295654704	DOWN	unknown	splicing	-0.162240295654704
RTCB	RTCB	2.715923407209032	chr22:32394008:C:T	C:T	0.619504714178436	UP	unknown	intronic	0.619504714178436
RUBCN	RUBCN	2.219980024875525	chr3:197725622:A:G	A:G	0.154071358465184	UP	unknown	intronic	0.154071358465184
S100A6	S100A6	-1.4084698048618791	chr1:153535366:T:C	A:G	0.0352740278125055	DOWN	unknown	intronic	0.0352740278125055
SAMSN1	SAMSN1	1.9600541476700457	chr21:14510015:A:G	A:G	-0.354539537558865	UP	unknown	intronic	-0.354539537558865
SCAMP1-AS1	SCAMP1-AS1	1.935084980080746	chr5:78359569:A:G	A:G	0.0533674212568496	UP	unknown	ncRNA_exonic	0.0533674212568496
SDC2	SDC2	-2.1505726197686093	chr8:96506757:A:G	A:G	-0.0840042042807411	DOWN	unknown	intronic	-0.0840042042807411
SDS	SDS	3.371769049965652	chr12:113401208:G:A	C:T	0.409442144935168	UP	unknown	intronic	0.409442144935168
SELENOO	SELENOO	1.766138773686206	chr22:50207296:A:G	A:G	0.0941432367495174	UP	unknown	intronic	0.0941432367495174
SEMA4A	SEMA4A	1.7739293313306597	chr1:156165021:T:C	A:G	0.15566702860675	UP	unknown	intronic	0.15566702860675
SGTB	SGTB	2.0603420324682276	chr5:65668353:A:G	A:G	0.398130473874681	UP	unknown	UTR3	0.398130473874681
SH3BGRL3	SH3BGRL3	-1.4423560272011178	chr1:26280764:G:A	C:T	0.0412196694864636	DOWN	unknown	splicing	0.0412196694864636
SIGLEC1	SIGLEC1	3.8119911730057945	chr20:3700215:A:G	A:G	0.419254105736445	UP	unknown	intronic	0.419254105736445
SIGLEC9	SIGLEC9	-1.1782169009787171	chr19:51133363:A:G	A:G	-0.190997805584089	DOWN	unknown	intronic	-0.190997805584089
SIRPB2	SIRPB2	-2.543042283517039	chr20:1489914:A:G	A:G	-0.174988927165165	DOWN	unknown	intronic	-0.174988927165165
SLC12A6	SLC12A6	-1.6106025363483614	chr15:34231096:A:G	A:G	-0.167219446414418	DOWN	unknown	UTR3	-0.167219446414418
SLC17A5	SLC17A5	1.8841042761903928	chr6:73594290:A:G	A:G	0.267106633608625	UP	unknown	UTR3	0.267106633608625
SLC23A2	SLC23A2	1.892626782996614	chr20:5008839:A:G	A:G	0.214995686397087	UP	unknown	intronic	0.214995686397087
SLC25A39	SLC25A39	-1.1293979038871482	chr17:44320618:A:G	A:G	-0.490314477601992	DOWN	unknown	intronic	-0.490314477601992
SLC26A2	SLC26A2	-1.2975089387090837	chr5:149983656:A:G	A:G	-0.266476925585249	DOWN	unknown	UTR3	-0.266476925585249
SLC30A4	SLC30A4	1.3591396766549968	chr15:45473776:T:C	A:G	0.16035998075936	UP	unknown	downstream	0.16035998075936
SLC31A2	SLC31A2	2.06299260963298	chr9:113154103:A:G	A:G	0.317654017558537	UP	unknown	intronic	0.317654017558537
SLC35E2A	SLC35E2A	-1.3263554875494348	chr1:1729519:A:G	A:G	-0.176713126214163	DOWN	unknown	UTR3	-0.176713126214163
SLC35F5	SLC35F5	1.2462055389805995	chr2:113710062:A:G	A:G	-0.39890225399571	UP	unknown	UTR3	-0.39890225399571
SLC3A2	SLC3A2	1.1219456423385137	chr11:62869438:G:A	C:T	0.953967146792704	UP	unknown	intronic	0.953967146792704
SLC46A2	SLC46A2	-3.0522453624053982	chr9:112880166:T:C	A:G	-0.299544877412666	DOWN	unknown	intronic	-0.299544877412666
SLFN12	SLFN12	2.183478627660111	chr17:35421723:A:G	A:G	0.22357451654694	UP	unknown	intronic	0.22357451654694
SMARCC1	SMARCC1	-1.0589139088432804	chr3:47664082:A:G	A:G	-0.403306166464632	DOWN	unknown	intronic	-0.403306166464632
SMTNL1	SMTNL1	2.779077304447481	chr11:57549118:T:C	A:G	0.280898930091076	UP	unknown	intronic	0.280898930091076
SNRPD3	SNRPD3	-1.2105251990408965	chr22:24574641:A:G	A:G	-0.525999483923975	DOWN	unknown	UTR3	-0.525999483923975
SNX10	SNX10	2.484023628325684	chr7:26364636:G:A	C:T	0.2167447465863	UP	unknown	splicing	0.2167447465863
SNX6	SNX6	1.0949779435056424	chr14:34568928:T:C	A:G	-0.0669053175670239	UP	unknown	intronic	-0.0669053175670239
SOAT1	SOAT1	1.7403104469247734	chr1:179350294:A:G	A:G	0.252636871982556	UP	unknown	splicing	0.252636871982556
SOWAHD	SOWAHD	-1.9046525294051384	chrX:119750918:T:C	A:G	-0.237514053265818	DOWN	unknown	upstream	-0.237514053265818
SP100	SP100	1.8345609815243311	chr2:230512895:A:G	A:G	0.16667943341091	UP	unknown	intronic	0.16667943341091
SP110	SP110	2.718725309022983	chr2:230212344:A:G	A:G	0.509968748970659	UP	unknown	intronic	0.509968748970659
SPATS2L	SPATS2L	3.413047691435496	chr2:200388451:A:G	A:G	0.455771531101051	UP	unknown	intronic	0.455771531101051
SQOR	SQOR	1.9668667681643528	chr15:45663202:A:G	A:G	0.195940950762996	UP	unknown	intronic	0.195940950762996
SRGAP2	SRGAP2	3.4868173838004615	chr1:206406675:G:A	C:T	0.38408332468526	UP	unknown	intronic	0.38408332468526
SRGAP2-AS1	SRGAP2-AS1	1.736714960881533	chr1:121367423:T:C	A:G	0.249595623280925	UP	unknown	ncRNA_intronic	0.249595623280925
SRGAP2B	SRGAP2B	2.8156891446395136	chr1:145093100:T:C	A:G	0.470472197951364	UP	unknown	UTR5	0.470472197951364
SRGN	SRGN	1.1644610637153563	chr10:69100099:A:G	A:G	0.0854478652869946	UP	unknown	intronic	0.0854478652869946
SSB	SSB	2.030976592931765	chr2:169811048:A:G	A:G	0.186296566984062	UP	unknown	intronic	0.186296566984062
ST3GAL5	ST3GAL5	2.0382689939489964	chr2:85856843:A:G	A:G	0.347777606800007	UP	unknown	intronic	0.347777606800007
STAB1	STAB1	-1.6329166154415125	chr3:52522941:G:A	C:T	-0.350502880911422	DOWN	unknown	splicing	-0.350502880911422
STAT1	STAT1	2.8765879979036764	chr2:190987072:G:A	C:T	0.422391879111189	UP	unknown	intronic	0.422391879111189
STAT2	STAT2	2.155429616299949	chr12:56358383:A:G	A:G	0.363191336945455	UP	unknown	intronic	0.363191336945455
STAT4	STAT4	2.2310897136113725	chr2:191076133:A:G	A:G	0.098536347310268	UP	unknown	intronic	0.098536347310268
STAU1	STAU1	1.012601489238892	chr20:49134746:A:G	A:G	-0.223951729783562	UP	unknown	intronic	-0.223951729783562
STOML1	STOML1	1.7169214284733132	chr15:73975654:T:C	A:G	0.399233276126071	UP	unknown	downstream	0.399233276126071
TAGLN2	TAGLN2	-1.7298136495628131	chr1:159918944:C:T	C:T	-0.614721687441075	DOWN	unknown	intronic	-0.614721687441075
TANK	TANK	1.314810424174007	chr2:161136960:A:G	A:G	0.0488619282583586	UP	unknown	UTR5	0.0488619282583586
TAP1	TAP1	3.046521855263094	chr6:32851153:G:A	C:T	0.121440948763901	UP	unknown	intronic	0.121440948763901
TATDN3	TATDN3	1.1736767260887189	chr1:212798270:A:G	A:G	0.121217082861451	UP	unknown	intronic	0.121217082861451
TBC1D2	TBC1D2	1.122002774413058	chr9:98218323:A:G	A:G	0.295483008625875	UP	unknown	intronic	0.295483008625875
TBXAS1	TBXAS1	-3.319471584178242	chr7:139829246:A:G	A:G	-0.0630057049795868	DOWN	unknown	intronic	-0.0630057049795868
TCN2	TCN2	3.2701548455990177	chr22:30611770:A:G	A:G	0.166656302923191	UP	unknown	intronic	0.166656302923191
THEMIS2	THEMIS2	1.4105831068314476	chr1:27874303:A:G	A:G	0.238763207895904	UP	unknown	intronic	0.238763207895904
TLR5	TLR5	-2.2862234508318195	chr1:223105662:A:G	A:G	-0.186236521144621	DOWN	unknown	downstream	-0.186236521144621
TLR6	TLR6	-1.861935848419868	chr4:38827323:T:C	A:G	0.231932937493476	DOWN	synonymous SNV	exonic	0.231932937493476
TMEM106A	TMEM106A	2.032455615842579	chr17:43218441:A:G	A:G	0.24068193127638	UP	unknown	UTR3	0.24068193127638
TMEM170A	TMEM170A	1.0736867643757455	chr16:75445933:A:G	A:G	0.323065072807142	UP	unknown	UTR3	0.323065072807142
TMSB10	TMSB10	1.2080347970510268	chr2:84915969:T:C	A:G	-0.164623083115444	UP	unknown	downstream	-0.164623083115444
TNFAIP8L1	TNFAIP8L1	-1.228293373195758	chr19:4654456:A:G	A:G	-0.245215584093866	DOWN	unknown	UTR3	-0.245215584093866
TNFSF10	TNFSF10	6.299017591676599	chr3:172510943:C:T	C:T	0.174373848491677	UP	unknown	intronic	0.174373848491677
TNFSF14	TNFSF14	-1.0298660289466135	chr19:6658092:C:T	C:T	-0.13514891584894	DOWN	unknown	downstream	-0.13514891584894
TNK2	TNK2	2.1710324905451235	chr3:195882170:C:T	C:T	0.164015934369159	UP	synonymous SNV	exonic	0.164015934369159
TNKS2	TNKS2	1.1016116442718011	chr10:91806969:G:A	C:T	-0.152273761076238	UP	unknown	intronic	-0.152273761076238
TOR1B	TOR1B	2.588806093186148	chr9:129807725:A:G	A:G	0.147207826881627	UP	unknown	intronic	0.147207826881627
TPCN1	TPCN1	-2.9221079618718893	chr12:113281292:A:G	A:G	-0.138054644573091	DOWN	unknown	intronic	-0.138054644573091
TPM4	TPM4	1.064127730367492	chr19:16085168:A:G	A:G	0.149665440522048	UP	unknown	intronic	0.149665440522048
TPMT	TPMT	1.076504373241031	chr6:18128884:A:G	A:G	0.135757277304377	UP	unknown	UTR3	0.135757277304377
TRAFD1	TRAFD1	2.8398702835317535	chr12:112125550:G:A	C:T	0.285231164531753	UP	unknown	UTR5	0.285231164531753
TRANK1	TRANK1	2.412087803350265	chr3:36887942:A:G	A:G	0.239283508337704	UP	unknown	intronic	0.239283508337704
TRAPPC2L	TRAPPC2L	-1.1337238623837067	chr16:88862542:A:G	A:G	-0.0711510645012125	DOWN	unknown	UTR3	-0.0711510645012125
TRIM14	TRIM14	1.9088757160145196	chr9:98118371:A:G	A:G	0.263067983735979	UP	unknown	intronic	0.263067983735979
TRIM25	TRIM25	1.9412504487978377	chr17:56915467:T:C	A:G	0.0487706561325685	UP	unknown	upstream	0.0487706561325685
TRIM26	TRIM26	1.846015341148884	chr6:30199775:A:G	A:G	0.135553959663345	UP	unknown	intronic	0.135553959663345
TRIM38	TRIM38	1.8950795177499535	chr6:25965541:A:G	A:G	0.155350754142575	UP	unknown	intronic	0.155350754142575
TRIM5	TRIM5	3.1456699362698783	chr11:5682221:A:G	A:G	0.215458081310475	UP	unknown	intronic	0.215458081310475
TRIM56	TRIM56	1.2279146180119362	chr7:101091593:A:G	A:G	0.180923438593479	UP	unknown	UTR3	0.180923438593479
TRIM65	TRIM65	-1.149349525177531	chr17:75889858:A:G	A:G	0.31211810538871	DOWN	unknown	UTR3	0.31211810538871
TRPC4AP	TRPC4AP	1.1257714499119826	chr20:35031495:A:G	A:G	0.113640980583683	UP	unknown	intronic	0.113640980583683
TTC39B	TTC39B	2.8178939118600375	chr9:15167689:A:G	A:G	0.118038110343338	UP	unknown	UTR3	0.118038110343338
TTC7B	TTC7B	2.3832303736970166	chr14:90766853:T:C	A:G	-0.259744046573985	UP	unknown	intronic	-0.259744046573985
TTYH2	TTYH2	1.4968984213288117	chr17:74244363:A:G	A:G	0.464461847804312	UP	unknown	intronic	0.464461847804312
TUBB2A	TUBB2A	1.2953867101089576	chr6:3154097:C:T	C:T	-0.128692089627995	UP	synonymous SNV	exonic	-0.128692089627995
TUBB2B	TUBB2B	1.400834740033165	chr6:3224802:G:A	C:T	-0.186674502895127	UP	synonymous SNV	exonic	-0.186674502895127
TXN	TXN	2.3584518620062105	chr9:110246029:A:G	A:G	0.0877518127717701	UP	unknown	intronic	0.0877518127717701
UBE2L6	UBE2L6	3.2168834100539967	chr11:57565503:A:G	A:G	0.42181782698649	UP	unknown	intronic	0.42181782698649
UBXN11	UBXN11	-2.4938032265995123	chr1:26282338:C:T	C:T	-0.546986878006604	DOWN	synonymous SNV	exonic	-0.546986878006604
UNC93B1	UNC93B1	1.567800748986663	chr11:67999167:T:C	A:G	0.358627795344719	UP	unknown	intronic	0.358627795344719
USP13	USP13	-1.6331913246126413	chr3:179648911:C:T	C:T	-0.262666504100147	DOWN	unknown	upstream	-0.262666504100147
USP18	USP18	5.971470692137351	chr22:18169469:A:G	A:G	0.545174866835529	UP	unknown	intronic	0.545174866835529
VASH1	VASH1	-2.2961424255764933	chr14:76767151:A:G	A:G	-0.152784590249084	DOWN	unknown	intronic	-0.152784590249084
VCAN	VCAN	-3.584338872540417	chr5:83514659:A:G	A:G	-0.169042213402299	DOWN	unknown	intronic	-0.169042213402299
VWA3B	VWA3B	1.2690667232722217	chr2:98268783:C:T	C:T	0.490591027146952	UP	unknown	intronic	0.490591027146952
WIPF1	WIPF1	1.423434317079588	chr2:174579155:A:G	A:G	0.100894300695903	UP	unknown	intronic	0.100894300695903
XPO7	XPO7	-1.0860146837383111	chr8:21995564:T:C	A:G	-0.0792924774947145	DOWN	synonymous SNV	exonic	-0.0792924774947145
ZC3H12D	ZC3H12D	1.7307614588786184	chr6:149448100:A:G	A:G	0.103043969230205	UP	unknown	UTR3	0.103043969230205
ZNF101	ZNF101	1.3639679152268087	chr19:19683067:A:G	A:G	0.173952648597653	UP	unknown	UTR3	0.173952648597653
ZNF286A	ZNF286A	-1.0378682912191477	chr17:15704748:T:C	A:G	0.363100416815673	DOWN	unknown	intronic	0.363100416815673
ZNF354C	ZNF354C	-1.0005822649887917	chr5:179082654:A:G	A:G	-0.248785286300433	DOWN	unknown	UTR3	-0.248785286300433
ZNF43	ZNF43	1.1180089447655794	chr19:21841813:A:G	A:G	0.326462922465549	UP	unknown	intronic	0.326462922465549
ZNF433-AS1	ZNF433-AS1	-1.117191446477989	chr19:12003412:A:G	A:G	0.0665755364436644	DOWN	unknown	ncRNA_exonic	0.0665755364436644
ZNF496	ZNF496	2.401764700503239	chr1:247305244:A:G	A:G	0.31460391462833	UP	unknown	intronic	0.31460391462833
ZNF844	ZNF844	1.6006813910679416	chr19:12080975:A:G	A:G	0.112114084920478	UP	unknown	UTR3	0.112114084920478
ZNFX1	ZNFX1	2.650036489295452	chr20:49275520:A:G	A:G	0.233965813084177	UP	unknown	intronic	0.233965813084177
ZYG11B	ZYG11B	-1.6222751815869556	chr1:52823198:A:G	A:G	-0.406370042048533	DOWN	unknown	UTR3	-0.406370042048533
