Sample	Stimulation	Batch	Diagnosis	Sex	Age	APOE	GBA	LRRK2	Monocyte_count	Monocyte_viability	PCT_R1_TRANSCRIPT_STRAND_READS	PCT_RIBOSOMAL_BASES	PCT_UTR_BASES	PCT_INTRONIC_BASES	PCT_CODING_BASES	PCT_INTERGENIC_BASES	PCT_MRNA_BASES	PCT_USABLE_BASES	Alignment_Rate
AD-1-Basal	Basal	Batch_1	AD	Female	78	34	N	N	2	96%	50.0135	2.0658	33.6812	6.2768	53.6237	4.3524	87.3049	58.6624	0.6719256874558228
AD-1-IFNb	IFNb	Batch_1	AD	Female	78	34	N	N	2	96%	50.0779	2.727	35.7948	10.085	43.5404	7.8528	79.3352	48.2143	0.607728777100773
AD-1-LPS	LPS	Batch_1	AD	Female	78	34	N	N	2	96%	49.9801	2.7281	36.6111	10.4646	42.4059	7.7903	79.0169	49.7401	0.6294870825159871
AD-10-Basal	Basal	Batch_2	AD	Female	78	23	Y	N	1.5	68%	49.9642	1.5749	31.6948	6.2201	58.0123	2.4979	89.7071	59.4981	0.6632478582458846
AD-10-IFNb	IFNb	Batch_2	AD	Female	80	23	Y	N	1.5	68%	49.9923	2.2815	30.5912	9.0516	54.0588	4.0169	84.65	57.6439	0.6809677196982867
AD-10-LPS	LPS	Batch_2	AD	Female	79	23	Y	N	1.5	68%	50.0368	2.0562	32.2519	7.7819	54.2532	3.6569	86.5051	56.5324	0.6535149589019672
AD-11-Basal	Basal	Batch_2	AD	Male	76	33	N	N	2.8	82%	49.9686	1.5949	31.534	6.8648	57.4523	2.554	88.9863	58.8697	0.6615590548532452
AD-11-IFNb	IFNb	Batch_2	AD	Male	78	33	N	N	2.8	82%	50.0269	1.546	31.2681	7.9698	56.7512	2.4649	88.0193	57.2989	0.6509815516249208
AD-11-LPS	LPS	Batch_2	AD	Male	77	33	N	N	2.8	82%	50.0394	1.702	32.6438	8.126	54.8746	2.6537	87.5184	56.7836	0.6488191340888539
AD-2-Basal	Basal	Batch_1	AD	Female	78	33	N	N	3	71%	49.9463	0.654	31.3279	4.4661	62.3922	1.1598	93.7201	70.0934	0.7479021174014253
AD-2-IFNb	IFNb	Batch_1	AD	Female	78	33	N	N	3	71%	49.9186	0.6653	31.6712	4.7521	61.7737	1.1377	93.4449	70.3283	0.7526177054881941
AD-2-LPS	LPS	Batch_1	AD	Female	78	33	N	N	3	71%	50.0153	0.4539	33.5845	4.7785	60.2279	0.9552	93.8124	70.1716	0.7479987580250019
AD-3-Basal	Basal	Batch_1	AD	Male	76	44	Y	Y	2	87%	49.9834	1.5003	30.5943	4.1091	61.9556	1.8406	92.55	67.7097	0.73160198665788
AD-3-IFNb	IFNb	Batch_1	AD	Male	76	44	Y	Y	2	87%	50.0443	0.3387	32.3303	3.0964	63.5493	0.6853	95.8796	69.6009	0.7259197717308064
AD-3-LPS	LPS	Batch_1	AD	Male	76	44	Y	Y	2	87%	49.995	0.3884	31.7482	4.2569	62.7692	0.8374	94.5174	72.0961	0.7627814430041234
AD-4-Basal	Basal	Batch_1	AD	Male	70	34	N	N	3	90%	49.9275	0.4183	31.2408	4.4843	62.9768	0.8797	94.2176	70.7992	0.7514432772311005
AD-4-IFNb	IFNb	Batch_1	AD	Male	70	34	N	N	3	90%	50.0177	0.4584	32.1302	2.9396	63.674	0.7977	95.8043	71.0506	0.7416220627882472
AD-4-LPS	LPS	Batch_1	AD	Male	70	34	N	N	3	90%	49.9421	0.5556	32.4427	3.4616	62.402	1.1381	94.8446	71.4363	0.7531925726081277
AD-5-Basal	Basal	Batch_1	AD	Female	85	34	N	N	2	89%	49.9129	0.9856	32.2006	4.0698	61.286	1.4581	93.4865	71.4354	0.7641256394397067
AD-5-IFNb	IFNb	Batch_1	AD	Female	85	34	N	N	2	89%	49.8841	0.7498	32.5282	3.4709	62.1159	1.1352	94.6441	72.5263	0.7663058970178656
AD-5-LPS	LPS	Batch_1	AD	Female	85	34	N	N	2	89%	49.8911	0.707	32.4967	3.8185	61.7717	1.206	94.2685	72.2399	0.7663212628667734
AD-6-Basal	Basal	Batch_2	AD	Male	73	34	Y	N	3	90%	49.9609	0.4295	33.2007	4.739	60.6077	1.023	93.8085	64.6946	0.6896457461569198
AD-6-IFNb	IFNb	Batch_2	AD	Male	73	34	Y	N	3	90%	49.9943	0.3955	32.7704	5.0064	60.9449	0.8828	93.7153	70.0411	0.7473813023365756
AD-6-LPS	LPS	Batch_2	AD	Male	73	34	Y	N	3	90%	49.9912	0.3223	33.0351	3.7576	62.0631	0.822	95.0982	71.9985	0.7570968047738018
AD-7-Basal	Basal	Batch_2	AD	Female	82	33	N	N	0.8	74%	49.9859	1.3891	31.2405	6.0855	59.2596	2.0252	90.5001	61.237	0.6766506843593222
AD-7-IFNb	IFNb	Batch_2	AD	Female	82	33	N	N	0.8	74%	49.954	1.5435	30.9578	7.5777	57.7629	2.158	88.7207	60.7362	0.6845769372452702
AD-7-LPS	LPS	Batch_2	AD	Female	82	33	N	N	0.8	74%	49.9579	1.55	31.6178	6.4707	58.1248	2.2368	89.7425	60.4131	0.6731828036348002
AD-8-Basal	Basal	Batch_2	AD	Female	54	34	N	N	2	89%	49.9928	1.1764	31.3937	5.4635	60.178	1.7883	91.5717	62.9062	0.6869603389221823
AD-8-IFNb	IFNb	Batch_2	AD	Female	54	34	N	N	2	89%	49.9136	1.9035	31.4183	5.7323	58.234	2.7119	89.6523	61.9671	0.6911938412736536
AD-8-LPS	LPS	Batch_2	AD	Female	54	34	N	N	2	89%	49.9705	1.4177	31.7084	6.0632	58.4152	2.3956	90.1236	62.1086	0.6891498434367138
AD-9-Basal	Basal	Batch_2	AD	Female	80	34	N	N	1.6	94%	50.0468	4.0028	30.2392	12.5692	44.7023	8.4865	74.9415	46.7642	0.6240091902211486
AD-9-IFNb	IFNb	Batch_2	AD	Female	80	34	N	N	1.6	94%	49.9992	5.8153	26.8834	15.7176	38.1409	13.4429	65.0243	40.124	0.6170618167706527
AD-9-LPS	LPS	Batch_2	AD	Female	80	34	N	N	1.6	94%	49.962	2.1443	31.2923	6.6013	55.8698	4.0922	87.1621	56.2313	0.6451343433928582
Control-1-Basal	Basal	Batch_1	Normal	Male	82	33	N	N	1.4	91%	49.9585	3.4475	34.9351	11.107	42.2289	8.2815	77.164	46.6802	0.6049475490082502
Control-1-IFNb	IFNb	Batch_1	Normal	Male	82	33	N	N	1.4	91%	49.9798	4.8126	31.9786	14.3239	37.3279	11.557	69.3066	42.07	0.6070132980947923
Control-1-LPS	LPS	Batch_1	Normal	Male	82	33	N	N	1.4	91%	50.0379	3.9755	34.5901	11.7576	41.5901	8.0867	76.1802	47.8191	0.6277096736071732
Control-10-Basal	Basal	Batch_2	Normal	Female	72	33	N	N	1.2	54%	50.0003	3.8971	29.5358	9.9614	50.3193	6.2864	79.855	51.8612	0.6494418998572284
Control-10-IFNb	IFNb	Batch_2	Normal	Female	72	33	N	N	1.2	54%	49.9991	3.8075	29.2624	9.7308	50.7184	6.4808	79.9809	54.0057	0.6752331906801935
Control-10-LPS	LPS	Batch_2	Normal	Female	72	33	N	N	1.2	54%	50.0344	5.1903	28.9715	11.9325	45.9955	7.9101	74.9671	49.4484	0.6596017653682253
Control-11-Basal	Basal	Batch_2	Normal	Male	66	34	N	N	1.5	47%	50.1063	3.0091	30.5636	9.1255	53.5406	3.7613	84.1042	57.3835	0.6822912872780149
Control-11-IFNb	IFNb	Batch_2	Normal	Male	68	34	N	N	1.5	47%	50.0277	3.0512	29.9279	10.5245	52.4915	4.0049	82.4194	57.6117	0.6990071573901863
Control-11-LPS	LPS	Batch_2	Normal	Male	67	34	N	N	1.5	47%	50.0722	2.893	32.1509	8.3024	52.5389	4.1149	84.6898	55.3901	0.6540354065159194
Control-2-Basal	Basal	Batch_1	Normal	Female	72	34	N	N	2	74%	49.9444	0.7158	32.7785	4.2674	61.0009	1.2374	93.7794	64.4812	0.6875840579354668
Control-2-IFNb	IFNb	Batch_1	Normal	Female	72	34	N	N	2	74%	49.9604	0.4034	33.3851	4.0919	61.2364	0.8832	94.6215	67.4295	0.7126231672623619
Control-2-LPS	LPS	Batch_1	Normal	Female	72	34	N	N	2	74%	49.9557	0.3661	34.2801	4.1707	59.9349	1.2481	94.2151	68.4631	0.7266679426573219
Control-3-Basal	Basal	Batch_1	Normal	Female	77	44	N	N	1.2	80%	49.9746	0.4485	32.8141	4.3711	61.5084	0.8579	94.3225	71.938	0.7626808250440025
Control-3-IFNb	IFNb	Batch_1	Normal	Female	77	44	N	N	1.2	80%	50.0288	0.4429	33.1787	5.6686	59.8521	0.8577	93.0308	69.2615	0.7445010601072962
Control-3-LPS	LPS	Batch_1	Normal	Female	77	44	N	N	1.2	80%	49.9298	0.4372	33.861	4.5899	60.2551	0.8569	94.116	72.043	0.765470190024158
Control-4-Basal	Basal	Batch_1	Normal	Female	68	33	N	N	1.8	87%	49.9143	0.4431	30.4493	4.5398	62.7976	1.7701	93.2469	67.9135	0.7283196428641312
Control-4-IFNb	IFNb	Batch_1	Normal	Female	68	33	N	N	1.8	87%	49.9509	0.8601	32.0019	3.8701	61.6617	1.6062	93.6636	65.7172	0.7016301676902765
Control-4-LPS	LPS	Batch_1	Normal	Female	68	33	N	N	1.8	87%	50.0412	0.7441	33.8364	3.703	60.2702	1.4463	94.1066	69.6663	0.7402914790141911
Control-5-Basal	Basal	Batch_1	Normal	Female	79	34	N	N	1.5	84%	49.9397	0.4103	32.0002	4.8211	61.8455	0.9229	93.8457	70.9076	0.7555760288771944
Control-5-IFNb	IFNb	Batch_1	Normal	Female	79	34	N	N	1.5	84%	49.9463	0.3426	33.4123	2.5947	62.9582	0.6922	96.3705	70.7895	0.7345555673046659
Control-5-LPS	LPS	Batch_1	Normal	Female	79	34	N	N	1.5	84%	49.9336	0.3369	32.2868	2.6778	63.971	0.7276	96.2578	70.1892	0.7291795304546519
Control-6-Basal	Basal	Batch_2	Normal	Female	40	33	N	N	1	89%	49.9186	0.7693	32.1968	8.1177	56.6602	2.256	88.857	60.4227	0.6799997762871871
Control-6-IFNb	IFNb	Batch_2	Normal	Female	40	33	N	N	1	89%	49.9394	0.5329	32.3383	5.0699	60.8086	1.2503	93.1469	67.6904	0.7267061347549458
Control-6-LPS	LPS	Batch_2	Normal	Female	40	33	N	N	1	89%	49.8948	0.5036	33.5837	4.9461	59.6398	1.3267	93.2235	71.0058	0.7616724025600501
Control-7-Basal	Basal	Batch_2	Normal	Male	80	23	N	N	3	89%	50.0039	1.0467	32.3449	6.0249	58.9072	1.6763	91.2521	68.2489	0.747916146635586
Control-7-IFNb	IFNb	Batch_2	Normal	Male	80	23	N	N	3	89%	49.9475	1.567	33.3285	5.9087	57.2917	1.9041	90.6202	68.4384	0.7552226598948588
Control-7-LPS	LPS	Batch_2	Normal	Male	80	23	N	N	3	89%	49.95	1.2275	33.478	6.708	56.6641	1.9224	90.1421	67.549	0.7493614671350213
Control-8-Basal	Basal	Batch_2	Normal	Female	77	33	N	N	2.5	88%	49.9339	1.0735	32.0441	5.6	59.6381	1.6442	91.6822	64.1711	0.699929502616415
Control-8-IFNb	IFNb	Batch_2	Normal	Female	77	33	N	N	2.5	88%	50.0121	1.7309	31.4902	6.9286	57.7494	2.1009	89.2396	63.3071	0.7094059008122434
Control-8-LPS	LPS	Batch_2	Normal	Female	77	33	N	N	2.5	88%	49.9477	1.1391	31.9918	5.1367	60.025	1.7075	92.0168	65.6929	0.7139232295325751
Control-9-Basal	Basal	Batch_2	Normal	Female	68	33	N	N	3	91%	50.0035	3.8283	29.6219	11.7337	46.0163	8.7998	75.6382	47.2347	0.624482663578288
Control-9-IFNb	IFNb	Batch_2	Normal	Female	68	33	N	N	3	91%	49.9846	3.1613	30.3039	9.6757	49.9935	6.8656	80.2974	50.2295	0.6255429270294948
Control-9-LPS	LPS	Batch_2	Normal	Female	68	33	N	N	3	91%	50.0152	3.3956	31.0977	11.5687	47.4648	6.4731	78.5625	48.9721	0.6233519543226198
MCI-1-Basal	Basal	Batch_1	MCI	Female	78	34	N	N	2	88%	49.9198	3.1425	33.0637	10.1721	45.2167	8.4051	78.2804	49.4351	0.6315133144869136
MCI-1-IFNb	IFNb	Batch_1	MCI	Female	78	34	N	N	2	88%	49.9819	3.5989	35.2302	9.8317	43.2446	8.0946	78.4748	46.8349	0.5968151495260325
MCI-1-LPS	LPS	Batch_1	MCI	Female	78	34	N	N	2	88%	50.1693	1.6965	35.7703	6.5584	52.7154	3.2594	88.4857	57.224	0.6467037298407821
MCI-10-Basal	Basal	Batch_2	MCI	Male	83	NA	N	N	2	80%	49.9509	1.4415	31.3017	6.692	58.2863	2.2785	89.588	63.0565	0.7038492658681109
MCI-10-IFNb	IFNb	Batch_2	MCI	Male	85	NA	N	N	2	80%	49.98	0.8426	30.7032	7.5367	59.0608	1.8567	89.764	62.7395	0.6989385457797649
MCI-10-LPS	LPS	Batch_2	MCI	Male	84	NA	N	N	2	80%	50.0262	1.5275	33.3195	6.5621	56.0257	2.5651	89.3452	60.3399	0.6753568539046684
MCI-11-Basal	Basal	Batch_2	MCI	Female	75	33	N	N	3	81%	49.9874	1.3967	31.783	5.8984	58.5275	2.3943	90.3105	62.0641	0.6872300292507799
MCI-11-IFNb	IFNb	Batch_2	MCI	Female	77	33	N	N	3	81%	50.0054	1.2812	29.9488	7.0897	59.2475	2.4327	89.1963	60.5791	0.6791654622931566
MCI-11-LPS	LPS	Batch_2	MCI	Female	76	33	N	N	3	81%	50.0291	1.6863	32.8224	7.3506	55.1239	3.0169	87.9462	63.2694	0.7194098887958376
MCI-2-Basal	Basal	Batch_1	MCI	Female	74	33	N	N	3.5	73%	49.9918	0.4556	32.4361	4.5201	61.5847	1.0035	94.0208	69.3786	0.7379072560993153
MCI-2-IFNb	IFNb	Batch_1	MCI	Female	74	33	N	N	3.5	73%	49.961	0.4371	31.1149	4.0849	63.4189	0.9442	94.5338	70.0327	0.7408220803820754
MCI-2-LPS	LPS	Batch_1	MCI	Female	74	33	N	N	3.5	73%	49.9268	0.3336	33.8051	4.8366	60.1073	0.9174	93.9124	68.9935	0.7346584252016488
MCI-3-Basal	Basal	Batch_1	MCI	Female	66	33	N	N	1.2	75%	49.9536	0.4231	32.9263	4.0154	61.685	0.9501	94.6114	69.0297	0.7296132521639428
MCI-3-IFNb	IFNb	Batch_1	MCI	Female	66	33	N	N	1.2	75%	49.9725	0.3853	31.7824	3.952	63.0234	0.857	94.8058	72.6267	0.7660574107427821
MCI-3-LPS	LPS	Batch_1	MCI	Female	66	33	N	N	1.2	75%	50.0087	0.4408	33.7712	5.3542	59.4591	0.9747	93.2303	70.4585	0.7557466488841175
MCI-4-Basal	Basal	Batch_1	MCI	Male	81	33	N	N	4	97%	49.9671	0.4445	32.1567	3.236	63.1816	0.9812	95.3383	72.065	0.7558873773000988
MCI-4-IFNb	IFNb	Batch_1	MCI	Male	81	33	N	N	4	97%	49.9629	0.6989	31.6567	3.6103	62.9836	1.0505	94.6403	72.2466	0.7633805580477618
MCI-4-LPS	LPS	Batch_1	MCI	Male	81	33	N	N	4	97%	50.0138	0.8044	34.3508	4.0244	59.3764	1.4439	93.7273	69.5762	0.7423263413029764
MCI-5-Basal	Basal	Batch_1	MCI	Male	81	33	N	N	1	81%	49.9539	0.5062	32.0042	3.367	63.2157	0.907	95.2199	72.6479	0.7629494861262888
MCI-5-IFNb	IFNb	Batch_1	MCI	Male	81	33	N	N	1	81%	49.9118	0.476	32.9593	3.666	62.0556	0.8432	95.0149	72.1828	0.7597001379302919
MCI-5-LPS	LPS	Batch_1	MCI	Male	81	33	N	N	1	81%	49.9515	0.543	32.4994	3.8534	62.0341	1.07	94.5335	72.1439	0.7631568416787278
MCI-6-Basal	Basal	Batch_2	MCI	Female	80	33	N	N	1.6	85%	49.9764	0.5416	33.5737	5.2165	59.5091	1.1591	93.0828	68.6566	0.7375868724023764
MCI-6-IFNb	IFNb	Batch_2	MCI	Female	80	33	N	N	1.6	85%	49.9578	0.4676	33.7744	5.6728	59.01	1.0752	92.7844	61.7223	0.6652232408066124
MCI-6-LPS	LPS	Batch_2	MCI	Female	80	33	N	N	1.6	85%	49.9558	0.3508	32.2824	7.3166	58.8681	1.1821	91.1505	67.6048	0.7416837989319696
MCI-7-Basal	Basal	Batch_2	MCI	Male	71	44	N	N	1.2	84%	49.9831	1.647	32.4137	6.7938	57.1165	2.029	89.5302	66.6221	0.7441294166818057
MCI-7-IFNb	IFNb	Batch_2	MCI	Male	71	44	N	N	1.2	84%	49.9923	2.1733	33.4456	5.5396	56.8008	2.0406	90.2465	69.0781	0.7654380599178465
MCI-7-LPS	LPS	Batch_2	MCI	Male	71	44	N	N	1.2	84%	50.0847	1.7862	36.0277	6.7882	53.2419	2.1559	89.2696	65.8415	0.7375580660299953
MCI-8-Basal	Basal	Batch_2	MCI	Female	63	23	N	N	1.5	89%	50.0175	0.7661	31.803	5.4961	60.3279	1.6069	92.1309	64.4784	0.6998570101445329
MCI-8-IFNb	IFNb	Batch_2	MCI	Female	63	23	N	N	1.5	89%	49.9895	0.9742	32.7549	5.5684	58.7935	1.9089	91.5484	61.0188	0.6665199272981025
MCI-8-LPS	LPS	Batch_2	MCI	Female	63	23	N	N	1.5	89%	50.0148	0.7309	32.4505	5.3804	59.8369	1.6013	92.2874	64.2684	0.6963935013365959
MCI-9-Basal	Basal	Batch_2	MCI	Female	80	33	N	N	2.4	81%	49.9802	3.8237	30.5501	13.9708	40.6105	11.0449	71.1606	43.9208	0.6172067188165694
MCI-9-IFNb	IFNb	Batch_2	MCI	Female	80	33	N	N	2.4	81%	49.9894	2.8513	29.8669	13.552	46.4972	7.2327	76.364	46.3153	0.6065067714117385
MCI-9-LPS	LPS	Batch_2	MCI	Female	80	33	N	N	2.4	81%	50.0216	1.7404	31.903	13.4424	48.2407	4.6735	80.1437	50.3778	0.6285929288303465
PD-1-Basal	Basal	Batch_1	PD	Male	65	33	NA	N	3	90%	50.065	3.3434	32.849	9.8557	46.6295	7.3224	79.4785	50.8446	0.6397282534000882
PD-1-IFNb	IFNb	Batch_1	PD	Male	65	33	NA	N	3	90%	50.1145	2.8729	35.7319	11.029	42.968	7.3982	78.6999	48.5918	0.6174315342392912
PD-1-LPS	LPS	Batch_1	PD	Male	65	33	NA	N	3	90%	50.1452	2.7849	34.2137	10.1527	45.125	7.7236	79.3387	49.6013	0.625183441604911
PD-10-Basal	Basal	Batch_2	PD	Male	74	33	N	N	1.75	80%	50.0544	1.4029	32.2123	6.3453	57.4243	2.6152	89.6366	59.7543	0.6666280255183835
PD-10-IFNb	IFNb	Batch_2	PD	Male	76	33	N	N	1.75	80%	50.0417	1.9047	32.2728	8.0538	53.6643	4.1045	85.9371	53.6218	0.6239657268684365
PD-10-LPS	LPS	Batch_2	PD	Male	75	33	N	N	1.75	80%	50.1045	2.2437	31.8833	11.3937	49.5315	4.9479	81.4148	53.9769	0.6629861374462831
PD-11-Basal	Basal	Batch_2	PD	Male	73	NA	N	N	3.5	50%	49.9369	1.677	30.3557	7.8838	57.5614	2.5221	87.9171	61.3938	0.6983151913745296
PD-11-IFNb	IFNb	Batch_2	PD	Male	75	NA	N	N	3.5	50%	49.9713	1.5263	31.109	6.6876	58.1084	2.5687	89.2174	59.4671	0.6665421528916233
PD-11-LPS	LPS	Batch_2	PD	Male	74	NA	N	N	3.5	50%	50.0454	2.1002	31.5289	11.9099	50.2195	4.2415	81.7483	54.3188	0.6644635804227474
PD-2-Basal	Basal	Batch_1	PD	Male	79	33	N	N	6	60%	49.9196	0.54990000000000006	31.8753	4.1362	62.3505	1.0882	94.2257	68.8427	0.730614301833206
PD-2-IFNb	IFNb	Batch_1	PD	Male	79	33	N	N	6	60%	49.9588	0.3844	31.7198	3.8609	63.1681	0.8668	94.8879	70.4062	0.741993655788328
PD-2-LPS	LPS	Batch_1	PD	Male	79	33	N	N	6	60%	49.9751	0.5708	33.333	5.9922	58.9283	1.1757	92.2614	67.3156	0.7296180887302323
PD-3-Basal	Basal	Batch_1	PD	Female	40	34	N	N	1.5	81%	49.9919	0.8809	31.9395	5.2971	60.2434	1.6391	92.1829	69.3085	0.7518592183598954
PD-3-IFNb	IFNb	Batch_1	PD	Female	40	34	N	N	1.5	81%	49.9393	0.971	31.91	5.698	59.6784	1.7427	91.5883	66.6851	0.7280962031784516
PD-3-LPS	LPS	Batch_1	PD	Female	40	34	N	N	1.5	81%	49.928	0.7749	33.1791	5.5671	58.6574	1.8216	91.8365	67.6306	0.7364248113549419
PD-4-Basal	Basal	Batch_1	PD	Male	81	33	N	N	1.8	87%	49.9594	0.7175	33.061	4.0422	61.0991	1.0803	94.16	70.4332	0.7480161891358857
PD-4-IFNb	IFNb	Batch_1	PD	Male	81	33	N	N	1.8	87%	49.9198	1.0417	32.1245	5.1026	60.2604	1.4709	92.3848	69.429	0.7515199176600168
PD-4-LPS	LPS	Batch_1	PD	Male	81	33	N	N	1.8	87%	49.9766	0.9436	32.9781	4.6707	59.784	1.6236	92.7621	69.0983	0.7448978831846569
PD-5-Basal	Basal	Batch_1	PD	Female	65	33	N	N	1.5	83%	49.9615	0.7264	32.0836	4.7706	61.2124	1.2071	93.296	69.1252	0.7409239092341662
PD-5-IFNb	IFNb	Batch_1	PD	Female	65	33	N	N	1.5	83%	49.9084	1.0024	32.5349	3.6434	61.5681	1.2511	94.1031	70.3142	0.7472041001089255
PD-5-LPS	LPS	Batch_1	PD	Female	65	33	N	N	1.5	83%	49.9533	0.5537	32.178	3.9383	62.2938	1.0362	94.4719	71.3305	0.7550453840241077
PD-6-Basal	Basal	Batch_2	PD	Female	71	NA	N	N	4	85%	50.0315	1.1533	32.4799	7.3868	56.8984	2.0816	89.3782	65.0401	0.7276953694650022
PD-6-IFNb	IFNb	Batch_2	PD	Female	71	NA	N	N	4	85%	49.9565	0.5869	32.7758	6.9796	58.4955	1.1623000000000001	91.2713	67.9412	0.7443880964425246
PD-6-LPS	LPS	Batch_2	PD	Female	71	NA	N	N	4	85%	50.0026	0.6418	33.5845	6.5659	57.8082	1.3996	91.3927	69.5043	0.7605014675402756
PD-7-Basal	Basal	Batch_2	PD	Female	60	34	N	N	0.8	70%	50.0092	1.5957	31.3519	5.1531	59.3956	2.5036	90.7476	60.388	0.6654505896024466
PD-7-IFNb	IFNb	Batch_2	PD	Female	60	34	N	N	0.8	70%	50.0133	1.7497	30.9232	7.8287	56.9612	2.5373	87.8844	61.097	0.6951976103704481
PD-7-LPS	LPS	Batch_2	PD	Female	60	34	N	N	0.8	70%	49.9764	1.5971	31.0324	8.2998	56.6734	2.3973	87.7058	60.6382	0.6913816721794944
PD-8-Basal	Basal	Batch_2	PD	Female	78	33	N	N	4	95%	50.0246	1.3142	32.6827	6.9509	56.9973	2.0549	89.68	60.4744	0.6743352796334556
PD-8-IFNb	IFNb	Batch_2	PD	Female	78	33	N	N	4	95%	49.992	1.9152	31.6069	7.42	56.2651	2.7928	87.872	61.623	0.7012816662229758
PD-8-LPS	LPS	Batch_2	PD	Female	78	33	N	N	4	95%	49.9775	1.0027	33.676	4.9851	58.5273	1.8089	92.2033	62.5395	0.6782780303656387
PD-9-Basal	Basal	Batch_2	PD	Male	62	33	N	N	2.5	93%	50.0356	7.8552	28.1789	18.5978	30.2438	15.1244	58.4227	33.0172	0.5651443213786956
PD-9-IFNb	IFNb	Batch_2	PD	Male	62	33	N	N	2.5	93%	50.0895	5.3205	32.3782	11.8275	44.0666	6.4071	76.4449	46.7112	0.6110437047026738
PD-9-LPS	LPS	Batch_2	PD	Male	62	33	N	N	2.5	93%	50.1015	4.112	33.2422	12.0133	44.5114	6.1211	77.7536	48.1674	0.6194874381871769
YC-1-Basal	Basal	Batch_1	YC	Female	23	33	N	N	2	92%	50.0955	6.1467	28.8076	16.508	33.1635	15.3742	61.9711	36.3185	0.5860555888273077
YC-1-IFNb	IFNb	Batch_1	YC	Female	23	33	N	N	2	92%	49.9676	5.8392	31.1049	14.5169	37.1881	11.3509	68.2929	42.1372	0.6170065158895737
YC-1-LPS	LPS	Batch_1	YC	Female	23	33	N	N	2	92%	50.1856	5.9846	30.92	13.9129	36.9549	12.2276	67.8749	41.1792	0.6066920243383033
YC-10-Basal	Basal	Batch_2	YC	Male	29	34	N	N	4	79%	50.0505	2.3822	31.6789	9.6757	51.7875	4.4757	83.4664	53.3156	0.6387671908537674
YC-10-IFNb	IFNb	Batch_2	YC	Male	31	34	N	N	4	79%	50.0539	2.0168	31.3192	8.2629	54.6035	3.7976	85.9227	56.5057	0.6576339996904317
YC-10-LPS	LPS	Batch_2	YC	Male	30	34	N	N	4	79%	50.0814	2.5843	32.2001	10.9729	49.517	4.7257	81.7171	49.2707	0.602942533693113
YC-11-Basal	Basal	Batch_2	YC	Female	31	34	N	N	4.5	79%	49.9553	1.513	30.8549	5.9533	59.4781	2.2007	90.333	61.7682	0.6837829517308084
YC-11-IFNb	IFNb	Batch_2	YC	Female	33	34	N	N	4.5	79%	50.0036	2.1596	30.8817	8.7975	54.6628	3.4983	85.5445	55.6658	0.6507235971379879
YC-11-LPS	LPS	Batch_2	YC	Female	32	34	N	N	4.5	79%	50.0215	2.1736	32.6248	8.5603	53.1928	3.4485	85.8176	57.7478	0.6729132772502904
YC-2-Basal	Basal	Batch_1	YC	Female	26	33	N	N	3.5	83%	50.0177	0.6609	31.9964	5.3763	60.8094	1.1569	92.8058	69.6118	0.7500806142246388
YC-2-IFNb	IFNb	Batch_1	YC	Female	26	33	N	N	3.5	83%	49.9632	0.7183	31.6779	5.3681	61.1723	1.0634	92.8502	70.9216	0.7638279431814158
YC-2-LPS	LPS	Batch_1	YC	Female	26	33	N	N	3.5	83%	50.0137	0.5239	33.5931	5.4306	59.3609	1.0915	92.9541	69.8647	0.7516050048810259
YC-3-Basal	Basal	Batch_1	YC	Male	29	34	N	Y	3	82%	49.9358	0.7707	31.8763	5.0185	61.0616	1.2729	92.9379	68.9081	0.7414424776609411
YC-3-IFNb	IFNb	Batch_1	YC	Male	29	34	N	Y	3	82%	49.917	0.4247	32.2128	4.6871	61.9138	0.7616	94.1266	70.8461	0.752668182273113
YC-3-LPS	LPS	Batch_1	YC	Male	29	34	N	Y	3	82%	49.958	0.3818	33.1576	4.5466	61.0156	0.8984	94.1732	71.677	0.7611189446091471
YC-4-Basal	Basal	Batch_1	YC	Female	23	34	N	N	1.5	88%	50.0125	0.5912	32.1451	3.7787	62.3937	1.0914	94.5387	71.9733	0.7613105305128579
YC-4-IFNb	IFNb	Batch_1	YC	Female	23	34	N	N	1.5	88%	49.9999	0.9529	32.7271	4.5483	60.2828	1.4889	93.0099	69.8751	0.7512654424616508
YC-4-LPS	LPS	Batch_1	YC	Female	23	34	N	N	1.5	88%	49.9621	0.7895	33.6287	4.1869	60.0047	1.3902	93.6334	68.2585	0.728996771597751
YC-5-Basal	Basal	Batch_1	YC	Male	29	33	N	N	1.4	83%	49.9396	0.6685	32.5032	3.6141	62.1697	1.0444	94.6729	71.7099	0.7574489998655275
YC-5-IFNb	IFNb	Batch_1	YC	Male	29	33	N	N	1.4	83%	49.9347	0.5337	32.5145	4.2856	61.6338	1.0324	94.1483	69.5601	0.7388355422292344
YC-5-LPS	LPS	Batch_1	YC	Male	29	33	N	N	1.4	83%	49.9636	0.513	33.2273	3.3238	61.9713	0.9645	95.1986	73.3217	0.7701973298644766
YC-6-Basal	Basal	Batch_2	YC	Female	25	23	N	N	2.4	83%	49.8946	0.541	32.1917	5.2329	61.0533	0.9813	93.2449	71.2488	0.7641034409591516
YC-6-IFNb	IFNb	Batch_2	YC	Female	25	23	N	N	2.4	83%	50.0421	0.4297	33.4095	3.8721	61.5451	0.7436	94.9546	70.9286	0.7469736401371907
YC-6-LPS	LPS	Batch_2	YC	Female	25	23	N	N	2.4	83%	49.9693	0.3958	32.2978	4.5748	61.9074	0.8242	94.2052	71.3879	0.757790988775649
YC-7-Basal	Basal	Batch_2	YC	Male	27	33	N	N	1.2	83%	49.9639	1.4884	30.7523	8.0784	57.1566	2.5243	87.9089	60.7047	0.6905406176620796
YC-7-IFNb	IFNb	Batch_2	YC	Male	27	33	N	N	1.2	83%	49.9628	1.6424	31.2119	7.8452	56.7671	2.5334	87.979	59.9953	0.6819275690236416
YC-7-LPS	LPS	Batch_2	YC	Male	27	33	N	N	1.2	83%	50.0004	1.2846	31.266	7.8808	57.5849	1.9838	88.8509	60.0523	0.6758770644510962
YC-8-Basal	Basal	Batch_2	YC	Female	31	33	N	N	2.5	91%	49.9357	1.5271	31.8901	5.0499	59.8493	1.6836	91.7394	65.5772	0.7148207073363648
YC-8-IFNb	IFNb	Batch_2	YC	Female	31	33	N	N	2.5	91%	49.9246	1.72	31.9009	7.2131	56.8779	2.2881	88.7788	62.9659	0.7092447605579796
YC-8-LPS	LPS	Batch_2	YC	Female	31	33	N	N	2.5	91%	49.9699	1.2017	31.6576	4.9371	60.405	1.7986	92.0626	63.4941	0.6896835025421602
YC-9-Basal	Basal	Batch_2	YC	Male	27	33	N	N	1.6	86%	50.0433	2.6464	32.3939	11.568	47.9561	5.4357	80.35	48.5542	0.6042842743214151
YC-9-IFNb	IFNb	Batch_2	YC	Male	27	33	N	N	1.6	86%	49.9702	3.0289	32.1082	11.5741	46.541	6.7478	78.6491	49.2736	0.6264984589311088
YC-9-LPS	LPS	Batch_2	YC	Male	27	33	N	N	1.6	86%	50.0586	2.475	33.2242	11.4202	46.4405	6.4401	79.6647	48.0927	0.6036897409007225
